{
  "format_version": "1.10.0",
  "animation_controllers": {
    "controller.animation.accelerate.move": {
      "states": {
        "default": {
          "animations": [
            {
              "moving": "query.modified_move_speed"
            }
          ]
        }
      }
    },

    "controller.animation.accelerate.general": {
      "states": {
        "default": {
          "animations": [
            "accelerate_general",
            "accelerate_general2",
            "look_at_target"
          ]
        }
      }
    },
    
    "controller.animation.accelerate.helmet_close": {
      "states": {
        "default": {
          "transitions": [
            {
              "h_close": "query.has_target"
            }
          ],
          "blend_transition": 0.2
        },
        "h_close": {
          "animations": [
            "h_closing"
          ],
          "transitions": [
            {
              "default": "!query.has_target"
            }
          ],
          "blend_transition": 0.2
        }
      }
    },
    
    "controller.animation.accelerate.attack": {
      "states": {
        "default": {
          "transitions": [
            {
              "attack": "variable.attack>0"
            }
          ]
        },
        "attack": {
          "animations": [
            "attacking"
          ],
          "transitions": [
            {
              "default": "query.all_animations_finished"
            }
          ]
        }
      }
    },
	
	"controller.animation.accelerate.sprint": {
      "states": {
        "default": {
          "transitions": [
            {
              "sprint": "query.has_target"
            }
          ]
        },
        "sprint": {
          "animations": [
            "sprinting"
          ],
          "transitions": [
            {
              "default": "!query.has_target"
            }
          ]
        }
      }
    }
  }
}
           