{
  "format_version": "1.10.0",
  "animation_controllers": {
    "controller.animation.benwolf.move": {
      "states": {
        "default": {
          "animations": [
            {
              "moving": "query.modified_move_speed"
            }
          ]
        }
      }
    },
	"controller.animation.benwolf.run_attack": {
      "states": {
        "default": {
          "animations": [
            {
              "running_attack": "query.modified_move_speed"
            }
          ]
        }
      }
    },
    "controller.animation.benwolf.general": {
      "states": {
        "default": {
          "animations": [
            "benwolf_general",
            "look_at_target",
			"sonic_howl_general"
          ]
        }
      }
    },
	"controller.animation.werewolf.intro": {
      "states": {
        "default": {
          "animations": [
            "werewolf_intro",
            "look_at_target",
			"sonic_howl_general"
          ]
        }
      }
    },
    
    "controller.animation.benwolf.attack": {
      "states": {
        "default": {
          "transitions": [
            {
              "attack1": "variable.attack>0 && variable.random == 0"
            },
			{
              "attack2": "variable.attack>0 && variable.random == 1"
            },
			{
              "attack3": "variable.attack>0 && variable.random == 2"
            }
          ]
        },
        "attack1": {
          "animations": [
            "attacking1"
          ],
          "transitions": [
            {
              "default": "query.all_animations_finished"
            }
          ]
        },
		"attack2": {
          "animations": [
            "attacking2"
          ],
          "transitions": [
            {
              "default": "query.all_animations_finished"
            }
          ]
        },
		"attack3": {
          "animations": [
            "attacking3"
          ],
          "transitions": [
            {
              "default": "query.all_animations_finished"
            }
          ]
        }
      }
    },
	
	"controller.animation.benwolf.sonic_howl": {
      "states": {
        "default": {
          "transitions": [
            {
              "howl": "query.is_stackable"
            }
          ]
        },
        "howl": {
          "animations": [
            "benwolf_sonic_howl"
          ],
          "transitions": [
            {
              "default": "!query.is_stackable"
            }
          ]
        }
      }
    },
	
	"controller.animation.benwolf.jump": {
      "states": {
        "default": {
          "transitions": [
            {
              "jump": "!query.is_on_ground"
            }
          ]
        },
        "jump": {
          "animations": [
            "jumping"
          ],
          "transitions": [
            {
              "default": "query.is_on_ground"
            }
          ]
        }
      }
    }
  }
}