{
  "format_version": "1.10.0",
  "animation_controllers": {
    "controller.animation.cannonbolt.move": {
      "states": {
        "default": {
          "animations": [
            {
              "moving": "query.modified_move_speed"
            }
          ]
        }
      }
    },
    "controller.animation.cannonbolt.general": {
      "states": {
        "default": {
          "animations": [
            "cannonbolt_general",
            "look_at_target"
          ]
        }
      }
    },
    
    "controller.animation.cannonbolt.roll": {
      "states": {
        "default": {
          "transitions": [
            {
              "rolling": "query.is_stackable"
            },
            {
              "not_rolling": "!query.is_stackable"
            }
          ]
        },
        "rolling": {
          "animations": [
            "rolling",
            "spinning"
          ],
          "transitions": [
            {
              "default": "!query.is_stackable"
            }
          ]
        },
        "not_rolling": {
          "animations": [
            "not_rolling",
            "not_spinning"
          ],
          "transitions": [
            {
              "default": "query.is_stackable"
            }
          ]
        }
      }
    },
    
    "controller.animation.cannonbolt.attack": {
      "states": {
        "default": {
          "transitions": [
            {
              "attack1": "variable.attack>0 && variable.random == 0"
            },
			{
              "attack2": "variable.attack>0 && variable.random == 1"
            },
			{
              "attack3": "variable.attack>0 && variable.random == 2"
            }
          ]
        },
        "attack1": {
          "animations": [
            "attacking1"
          ],
          "transitions": [
            {
              "default": "query.all_animations_finished"
            }
          ]
        },
		"attack2": {
          "animations": [
            "attacking2"
          ],
          "transitions": [
            {
              "default": "query.all_animations_finished"
            }
          ]
        },
		"attack3": {
          "animations": [
            "attacking3"
          ],
          "transitions": [
            {
              "default": "query.all_animations_finished"
            }
          ]
        }
      }
    }
  }
}