{
  "format_version": "1.10.0",
  "animation_controllers": {
    "controller.animation.four_arms.move": {
      "states": {
        "default": {
          "animations": [
            {
              "moving": "query.modified_move_speed"
            }
          ]
        }
      }
    },
    "controller.animation.four_arms.general": {
      "states": {
        "default": {
          "animations": [
            "four_arms_general",
            "look_at_target"
          ]
        }
      }
    },
    
    "controller.animation.four_arms.attack": {
      "states": {
        "default": {
          "transitions": [
            {
              "attack1": "variable.attack>0 && variable.random == 0 && query.get_equipped_item_name == ''"
            },
			{
              "attack2": "variable.attack>0 && variable.random == 1 && query.get_equipped_item_name == ''"
            },
			{
              "attack3": "variable.attack>0 && variable.random == 2 && query.get_equipped_item_name == ''"
            }
          ]
        },
        "attack1": {
          "animations": [
            "attacking1"
          ],
          "transitions": [
            {
              "default": "query.all_animations_finished"
            }
          ]
        },
		"attack2": {
          "animations": [
            "attacking2"
          ],
          "transitions": [
            {
              "default": "query.all_animations_finished"
            }
          ]
        },
		"attack3": {
          "animations": [
            "attacking3"
          ],
          "transitions": [
            {
              "default": "query.all_animations_finished"
            }
          ]
        }
      }
    },
	
	"controller.animation.four_arms.sonic_clap": {
      "states": {
        "default": {
          "transitions": [
            {
              "sonic_clap": "query.is_casting"
            }
          ],
		  "blend_transition": 0.1
        },
        "sonic_clap": {
          "animations": [
            "sonic_clapping"
          ],
          "transitions": [
            {
              "default": "!query.is_casting"
            }
          ],
		  "blend_transition": 0.1
        }
      }
    },
	
	"controller.animation.four_arms.jump": {
      "states": {
        "default": {
          "transitions": [
            {
              "jump": "!query.is_on_ground"
            }
          ],
		  "blend_transition": 0.5
        },
        "jump": {
          "animations": [
            "jumping"
          ],
          "transitions": [
            {
              "default": "query.is_on_ground"
            }
          ],
		  "blend_transition": 0.5
        }
      }
    }
  }
}