{
  "format_version": "1.10.0",
  "animation_controllers": {
    "controller.animation.upchuck.move": {
      "states": {
        "default": {
          "animations": [
            {
              "moving": "query.modified_move_speed"
            }
          ]
        }
      }
    },
    "controller.animation.upchuck.general": {
      "states": {
        "default": {
          "animations": [
            "upchuck_general",
            "look_at_target"
          ]
        }
      }
    },
    
    "controller.animation.upchuck.attack": {
      "states": {
        "default": {
          "transitions": [
            {
              "attack1": "variable.attack>0 && variable.random == 0"
            },
			{
              "attack2": "variable.attack>0 && variable.random == 1"
            },
			{
              "attack3": "variable.attack>0 && variable.random == 2"
            }
          ]
        },
        "attack1": {
          "animations": [
            "attacking1"
          ],
          "transitions": [
            {
              "default": "query.all_animations_finished"
            }
          ]
        },
		"attack2": {
          "animations": [
            "attacking2"
          ],
          "transitions": [
            {
              "default": "query.all_animations_finished"
            }
          ]
        },
		"attack3": {
          "animations": [
            "attacking3"
          ],
          "transitions": [
            {
              "default": "query.all_animations_finished"
            }
          ]
        }
      }
    },
	
	"controller.animation.upchuck.eat_block": {
      "states": {
        "default": {
          "transitions": [
            {
              "eat": "query.is_stackable"
            }
          ]
        },
        "eat": {
          "animations": [
            "eating_block"
          ],
          "transitions": [
            {
              "default": "!query.is_stackable"
            }
          ]
        }
      }
    }
  }
}