{
  "format_version": "1.10.0",
  "animation_controllers": {
    "controller.animation.wildmutt.move": {
      "states": {
        "default": {
          "animations": [
            {
              "moving": "query.modified_move_speed"
            }
          ]
        }
      }
    },	  
    
    "controller.animation.wildmutt.general": {
      "states": {
        "default": {
          "animations": [
            "wildmutt_general",
            "look_at_target"
          ]
		}
	  }
	},
    
    "controller.animation.wildmutt.attack": {
      "states": {
        "default": {
          "transitions": [
            {
              "attack": "variable.attack>0"
            }
          ]
        },
        "attack": {
          "animations": [
            "attacking"
          ],
          "transitions": [
            {
              "default": "query.all_animations_finished"
            }
          ]
        }
      }
    },
	
	"controller.animation.wildmutt.sit": {
      "states": {
        "default": {
          "transitions": [
            {
              "sit": "query.is_laying_down"
            }
          ],
		  "blend_transition": 0.5
        },
        "sit": {
          "animations": [
            "sitting"
          ],
          "transitions": [
            {
              "default": "!query.is_laying_down"
            }
          ],
		  "blend_transition": 0.5
        }
      }
    },
	
	"controller.animation.wildmutt.jump": {
      "states": {
        "default": {
          "transitions": [
            {
              "jump": "!query.is_on_ground"
            }
          ],
		  "blend_transition": 0.1
        },
        "jump": {
          "animations": [
            "jumping"
          ],
          "transitions": [
            {
              "default": "query.is_on_ground"
            }
          ],
		  "blend_transition": 0.2
        }
      }
    }
  }
}