{
	"format_version": "1.8.0",
	"animations": {
		"animation.player.heatblast_form": {
			"loop": true,
			"bones": {
				"whole": {
					"scale": "variable.is_first_person?0:1"
				},
				"body": {
					"scale": 0
				},
				"leftArm": {
					"scale": 0
				},
				"rightArm": {
					"scale": 0
				},
				"leftLeg": {
					"scale": 0
				},
				"rightLeg": {
					"scale": 0
				},
				"head": {
					"scale": 0
				},
				"h_body": {
					"rotation": ["Math.sin(query.life_time * 180.0) * 3", 0, 0]
				},
				"h_head": {
					"rotation": ["query.target_x_rotation - this", "query.target_y_rotation - this", 0]
				},
				"h_rightArm": {
					"rotation": ["Math.sin(query.life_time * 180.0) * 3", "Math.sin(query.life_time * 180.0) * -7", 0]
				},
				"h_leftArm": {
					"rotation": ["Math.sin(query.life_time * 180.0) * -3", "Math.sin(query.life_time * 180.0) * 7", 0]
				},
				"h_rightLeg": {
					"rotation": [-10, 0, 5]
				},
				"rightLeg2": {
					"rotation": [20, 0, 0]
				},
				"foot": {
					"rotation": [-5, 0, 0]
				},
				"h_leftLeg": {
					"rotation": [-10, 0, -5]
				},
				"leftLeg2": {
					"rotation": [20, 0, 0]
				},
				"foot2": {
					"rotation": [-5, 0, 0]
				},
				"fp_rightArm": {
					"rotation": ["Math.sin(query.life_time * 180.0) * 3", "Math.sin(query.life_time * 180.0) * -7", 0],
					"position": [27, -57, 11],
					"scale": "variable.is_first_person?1.2:0"
				},
				"fp_leftArm": {
					"rotation": ["Math.sin(query.life_time * 180.0) * -3", "Math.sin(query.life_time * 180.0) * 7", 0],
					"position": [-27, -57, 11],
					"scale": "variable.is_first_person?1.2:0"
				},
				"flame1": {
					"scale": [
					  "(!query.is_in_water_or_rain && query.is_saddled && query.is_sneaking) || (!query.is_on_ground && !query.is_in_water_or_rain)?1.1:0",
					  "(!query.is_in_water_or_rain && query.is_saddled && query.is_sneaking) || (!query.is_on_ground && !query.is_in_water_or_rain)?1.1:0",
					  "(!query.is_in_water_or_rain && query.is_saddled && query.is_sneaking) || (!query.is_on_ground && !query.is_in_water_or_rain)?1.1:0"
					]
				},
				"flame2": {
					"scale": [
					  "(!query.is_in_water_or_rain && query.is_saddled && query.is_sneaking) || (!query.is_on_ground && !query.is_in_water_or_rain)?1.1:0",
					  "(!query.is_in_water_or_rain && query.is_saddled && query.is_sneaking) || (!query.is_on_ground && !query.is_in_water_or_rain)?1.1:0",
					  "(!query.is_in_water_or_rain && query.is_saddled && query.is_sneaking) || (!query.is_on_ground && !query.is_in_water_or_rain)?1.1:0"
					]
				},
				"flame3": {
					"scale": [
					  "query.is_in_water_or_rain || query.is_on_ground?0:1.1",
					  "query.is_in_water_or_rain || query.is_on_ground?0:1.8",
					  "query.is_in_water_or_rain || query.is_on_ground?0:1.1"
					]
				},
				"flame4": {
					"scale": [
					  "query.is_in_water_or_rain || query.is_on_ground?0:1.1",
					  "query.is_in_water_or_rain || query.is_on_ground?0:1.8",
					  "query.is_in_water_or_rain || query.is_on_ground?0:1.1"
					]
				},
				"flame5": {
					"scale": [
					  "(!query.is_in_water_or_rain && query.is_saddled && query.is_sneaking) || (!query.is_on_ground && !query.is_in_water_or_rain)?1.1:0",
					  "(!query.is_in_water_or_rain && query.is_saddled && query.is_sneaking) || (!query.is_on_ground && !query.is_in_water_or_rain)?1.1:0",
					  "(!query.is_in_water_or_rain && query.is_saddled && query.is_sneaking) || (!query.is_on_ground && !query.is_in_water_or_rain)?1.1:0"
					]
				},
				"flame6": {
					"scale": [
					  "(!query.is_in_water_or_rain && query.is_saddled && query.is_sneaking) || (!query.is_on_ground && !query.is_in_water_or_rain)?1.1:0",
					  "(!query.is_in_water_or_rain && query.is_saddled && query.is_sneaking) || (!query.is_on_ground && !query.is_in_water_or_rain)?1.1:0",
					  "(!query.is_in_water_or_rain && query.is_saddled && query.is_sneaking) || (!query.is_on_ground && !query.is_in_water_or_rain)?1.1:0"
					]
				},
				"finger1": {
					"rotation": [0, 0, "Math.sin(query.life_time * 180.0) * -7"]
				},
				"finger2": {
					"rotation": [0, 0, "Math.sin(query.life_time * 180.0) * -7"]
				},
				"finger3": {
					"rotation": [0, 0, "Math.sin(query.life_time * 180.0) * -7"]
				},
				"finger4": {
					"rotation": [0, 0, "Math.sin(query.life_time * 180.0) * 7"]
				},
				"finger5": {
					"rotation": [0, 0, "Math.sin(query.life_time * 180.0) * -7"]
				},
				"finger6": {
					"rotation": [0, 0, "Math.sin(query.life_time * 180.0) * 7"]
				},
				"finger7": {
					"rotation": [0, 0, "Math.sin(query.life_time * 180.0) * 7"]
				},
				"finger8": {
					"rotation": [0, 0, "Math.sin(query.life_time * 180.0) * 7"]
				},
				"finger9": {
					"rotation": [0, 0, "Math.sin(query.life_time * 180.0) * 7"]
				},
				"finger10": {
					"rotation": [0, 0, "Math.sin(query.life_time * 180.0) * 7"]
				},
				"finger11": {
					"rotation": [0, 0, "Math.sin(query.life_time * 180.0) * 7"]
				},
				"finger12": {
					"rotation": [0, 0, "Math.sin(query.life_time * 180.0) * -10"]
				},
				"finger13": {
					"rotation": [0, 0, "Math.sin(query.life_time * 180.0) * 10"]
				},
				"finger14": {
					"rotation": [0, 0, "Math.sin(query.life_time * 180.0) * -7"]
				},
				"finger15": {
					"rotation": [0, 0, "Math.sin(query.life_time * 180.0) * -7"]
				},
				"finger16": {
					"rotation": [0, 0, "Math.sin(query.life_time * 180.0) * -7"]
				}
			}
		},
		"animation.heatblast.player.walking": {
			"loop": true,
			"anim_time_update": "query.modified_distance_moved",
			"bones": {
				"h_head": {
					"rotation": ["query.target_x_rotation - this", "query.target_y_rotation - this", 0]
				},
				"h_rightArm": {
					"rotation": ["Math.cos(query.anim_time * 40 + 40) *-40.0", 0, 0]
				},
				"h_leftArm": {
					"rotation": ["Math.cos(query.anim_time * 40 + 40) *40.0", 0, 0]
				},
				"h_rightLeg": {
					"rotation": ["Math.cos(query.anim_time * 40 + 40) *30.0", 0, 0]
				},
				"h_leftLeg": {
					"rotation": ["Math.cos(query.anim_time * 40 + 40) *-30.0", 0, 0]
				}
			}
		},
		"animation.heatblast.player.sprinting": {
			"loop": true,
			"anim_time_update": "query.modified_distance_moved",
			"bones": {
				"h_head": {
					"rotation": ["query.target_x_rotation - this", "query.target_y_rotation - this", 0]
				},
				"h_rightArm": {
					"rotation": ["Math.cos(query.anim_time * 40 + 60) *-40.0", 0, 0]
				},
				"h_leftArm": {
					"rotation": ["Math.cos(query.anim_time * 40 + 60) *40.0", 0, 0]
				},
				"h_rightLeg": {
					"rotation": ["Math.cos(query.anim_time * 40 + 60) *30.0", 0, 0]
				},
				"h_leftLeg": {
					"rotation": ["Math.cos(query.anim_time * 40 + 60) *-30.0", 0, 0]
				}
			}
		},
		"animation.player_heatblast.attack1": {
			"loop": true,
			"animation_length": 0.44,
			"bones": {
				"h_body": {
					"rotation": {
						"0.0": [0, 0, 0],
						"0.16": [0, 42.5, 0],
						"0.24": [22.5, -42.5, 0]
					}
				},
				"h_rightArm": {
					"rotation": {
						"0.0": [0, 0, 0],
						"0.16": [-7.5, 0, 70],
						"0.24": [-57.5, 0, 70]
					}
				},
				"rightArm2": {
					"rotation": {
						"0.0": [0, 0, 0],
						"0.16": [-60, 0, 0],
						"0.24": [10, 0, 0]
					}
				},
				"finger1": {
					"rotation": {
						"0.0": [0, 0, 0],
						"0.16": [0, 0, -50]
					}
				},
				"joint1": {
					"rotation": {
						"0.0": [0, 0, 0],
						"0.16": [0, 0, -70]
					}
				},
				"finger2": {
					"rotation": {
						"0.0": [0, 0, 0],
						"0.16": [0, 0, -50]
					}
				},
				"joint2": {
					"rotation": {
						"0.0": [0, 0, 0],
						"0.16": [0, 0, -65]
					}
				},
				"finger3": {
					"rotation": {
						"0.0": [0, 0, 0],
						"0.16": [0, 0, -57.5]
					}
				},
				"joint3": {
					"rotation": {
						"0.0": [0, 0, 0],
						"0.16": [0, 0, -55]
					}
				},
				"finger4": {
					"rotation": {
						"0.0": [0, 0, 0],
						"0.16": [0, 97.5, 30]
					}
				},
				"joint4": {
					"rotation": {
						"0.0": [0, 0, 0],
						"0.16": [0, 0, 75]
					}
				}
			}
		},
		"animation.player_heatblast.attack2": {
			"loop": true,
			"animation_length": 0.44,
			"bones": {
				"h_body": {
					"rotation": {
						"0.0": [0, 0, 0],
						"0.16": [0, -42.5, 0],
						"0.24": [22.5, 42.5, 0]
					}
				},
				"h_leftArm": {
					"rotation": {
						"0.0": [0, 0, 0],
						"0.16": [-7.5, 0, -70],
						"0.24": [-57.5, 0, -70]
					}
				},
				"leftArm2": {
					"rotation": {
						"0.0": [0, 0, 0],
						"0.16": [-60, 0, 0],
						"0.24": [10, 0, 0]
					}
				},
				"finger5": {
					"rotation": {
						"0.0": [0, 0, 0],
						"0.16": [0, -90, -32.5]
					}
				},
				"joint5": {
					"rotation": {
						"0.0": [0, 0, 0],
						"0.16": [0, 0, -77.5]
					}
				},
				"finger6": {
					"rotation": {
						"0.0": [0, 0, 0],
						"0.16": [0, 0, 52.5]
					}
				},
				"joint6": {
					"rotation": {
						"0.0": [0, 0, 0],
						"0.16": [0, 0, 65]
					}
				},
				"finger7": {
					"rotation": {
						"0.0": [0, 0, 0],
						"0.16": [0, 0, 45]
					}
				},
				"joint7": {
					"rotation": {
						"0.0": [0, 0, 0],
						"0.16": [0, 0, 70]
					}
				},
				"finger8": {
					"rotation": {
						"0.0": [0, 0, 0],
						"0.16": [0, 0, 45]
					}
				},
				"joint8": {
					"rotation": {
						"0.0": [0, 0, 0],
						"0.16": [0, 0, 70]
					}
				}
			}
		},
		"animation.player_heatblast.attack3": {
			"loop": true,
			"animation_length": 0.44,
			"bones": {
				"h_body": {
					"rotation": {
						"0.0": [0, 0, 0],
						"0.16": [-25, 0, 0],
						"0.24": [37.5, 0, 0]
					}
				},
				"h_rightArm": {
					"rotation": {
						"0.0": [0, 0, 0],
						"0.16": [-77.5, 82.5, 0],
						"0.24": [-77.5, -5, 0]
					}
				},
				"finger1": {
					"rotation": {
						"0.0": [0, 0, 0],
						"0.16": [0, 0, 65],
						"0.24": [0, 0, -2.5]
					}
				},
				"finger2": {
					"rotation": {
						"0.0": [0, 0, 0],
						"0.16": [0, 0, 65],
						"0.24": [0, 0, 7.5]
					}
				},
				"finger3": {
					"rotation": {
						"0.0": [0, 0, 0],
						"0.16": [0, 0, 55],
						"0.24": [0, 0, 2.5]
					}
				},
				"finger4": {
					"rotation": {
						"0.0": [0, 0, 0],
						"0.16": [0, 0, -80]
					}
				},
				"finger5": {
					"rotation": {
						"0.0": [0, 0, 0],
						"0.16": [0, 0, 90]
					}
				},
				"finger6": {
					"rotation": {
						"0.0": [0, 0, 0],
						"0.16": [0, 0, -70],
						"0.24": [0, 0, 2.5]
					}
				},
				"finger7": {
					"rotation": {
						"0.0": [0, 0, 0],
						"0.16": [0, 0, -57.5],
						"0.24": [0, 0, 10]
					}
				},
				"finger8": {
					"rotation": {
						"0.0": [0, 0, 0],
						"0.16": [0, 0, -57.5],
						"0.24": [0, 0, 12.5]
					}
				},
				"h_leftArm": {
					"rotation": {
						"0.0": [0, 0, 0],
						"0.16": [-77.5, -82.5, 0],
						"0.24": [-77.5, -5, 0]
					}
				}
			}
		},
		"animation.player_heatblast.fp_attack1": {
			"loop": true,
			"animation_length": 0.44,
			"bones": {
				"fp_rightArm": {
					"rotation": {
						"0.0": [0, 0, 0],
						"0.16": [-7.5, 0, 70],
						"0.24": [-15, 0, -5]
					},
					"position": {
						"0.16": [0, 0, 0],
						"0.24": [-3, 3, 3]
					}
				},
				"finger9": {
					"rotation": {
						"0.0": [0, 0, 0],
						"0.16": [0, 0, -50]
					}
				},
				"joint13": {
					"rotation": {
						"0.0": [0, 0, 0],
						"0.16": [0, 0, -70]
					}
				},
				"finger10": {
					"rotation": {
						"0.0": [0, 0, 0],
						"0.16": [0, 0, -50]
					}
				},
				"joint14": {
					"rotation": {
						"0.0": [0, 0, 0],
						"0.16": [0, 0, -65]
					}
				},
				"finger11": {
					"rotation": {
						"0.0": [0, 0, 0],
						"0.16": [0, 0, -57.5]
					}
				},
				"joint15": {
					"rotation": {
						"0.0": [0, 0, 0],
						"0.16": [0, 0, -55]
					}
				},
				"finger12": {
					"rotation": {
						"0.0": [0, 0, 0],
						"0.16": [0, 97.5, 30]
					}
				},
				"joint16": {
					"rotation": {
						"0.0": [0, 0, 0],
						"0.16": [0, 0, 75]
					}
				},
				"rightArm3": {
					"rotation": {
						"0.0": [0, 0, 0],
						"0.16": [-52.5, 0, 0],
						"0.24": [-2.5, 0, 0]
					}
				}
			}
		},
		"animation.player_heatblast.fp_attack2": {
			"loop": true,
			"animation_length": 0.44,
			"bones": {
				"fp_leftArm": {
					"rotation": {
						"0.0": [0, 0, 0],
						"0.16": [-7.5, 0, -70],
						"0.24": [-15, 0, 5]
					},
					"position": {
						"0.16": [0, 0, 0],
						"0.24": [3, 3, 3]
					}
				},
				"finger13": {
					"rotation": {
						"0.0": [0, 0, 0],
						"0.16": [0, -90, -32.5]
					}
				},
				"joint17": {
					"rotation": {
						"0.0": [0, 0, 0],
						"0.16": [0, 0, -77.5]
					}
				},
				"finger14": {
					"rotation": {
						"0.0": [0, 0, 0],
						"0.16": [0, 0, 52.5]
					}
				},
				"joint18": {
					"rotation": {
						"0.0": [0, 0, 0],
						"0.16": [0, 0, 65]
					}
				},
				"finger15": {
					"rotation": {
						"0.0": [0, 0, 0],
						"0.16": [0, 0, 45]
					}
				},
				"joint19": {
					"rotation": {
						"0.0": [0, 0, 0],
						"0.16": [0, 0, 70]
					}
				},
				"finger16": {
					"rotation": {
						"0.0": [0, 0, 0],
						"0.16": [0, 0, 45]
					}
				},
				"joint20": {
					"rotation": {
						"0.0": [0, 0, 0],
						"0.16": [0, 0, 70]
					}
				},
				"leftArm3": {
					"rotation": {
						"0.0": [0, 0, 0],
						"0.16": [-52.5, 0, 0],
						"0.24": [-2.5, 0, 0]
					}
				}
			}
		},
		"animation.player_heatblast.fp_attack3": {
			"loop": true,
			"animation_length": 0.44,
			"bones": {
				"fp_rightArm": {
					"rotation": {
						"0.0": [0, 0, 0],
						"0.16": [47.5, 0, 0],
						"0.24": [-30, 0, 0]
					}
				},
				"finger9": {
					"rotation": {
						"0.0": [0, 0, 0],
						"0.16": [0, 0, 57.5]
					}
				},
				"finger10": {
					"rotation": {
						"0.0": [0, 0, 0],
						"0.16": [0, 0, 57.5]
					}
				},
				"finger11": {
					"rotation": {
						"0.0": [0, 0, 0],
						"0.16": [0, 0, 60]
					}
				},
				"finger12": {
					"rotation": {
						"0.0": [0, 0, 0],
						"0.16": [0, 0, -80]
					}
				},
				"fp_leftArm": {
					"rotation": {
						"0.0": [0, 0, 0],
						"0.16": [47.5, 0, 0],
						"0.24": [-30, 0, 0]
					}
				},
				"finger13": {
					"rotation": {
						"0.0": [0, 0, 0],
						"0.16": [0, 0, 67.5]
					}
				},
				"finger14": {
					"rotation": {
						"0.0": [0, 0, 0],
						"0.16": [0, 0, -72.5]
					}
				},
				"finger15": {
					"rotation": {
						"0.0": [0, 0, 0],
						"0.16": [0, 0, -65]
					}
				},
				"finger16": {
					"rotation": {
						"0.0": [0, 0, 0],
						"0.16": [0, 0, -60]
					}
				}
			}
		},
		"animation.player_heatblast.shoot": {
			"loop": true,
			"bones": {
				"h_head": {
					"rotation": ["query.target_x_rotation - this", "query.target_y_rotation - this", 0]
				},
				"h_rightArm": {
					"rotation": ["-90 + query.target_x_rotation - this", "0 + query.target_y_rotation - this", 0]
				},
				"h_leftArm": {
					"rotation": ["-90 + query.target_x_rotation - this", "0 + query.target_y_rotation - this", 0]
				},
				"rightArm2": {
					"rotation": [0, 0, 0]
				},
				"finger1": {
					"rotation": [0, 0, 45]
				},
				"finger2": {
					"rotation": [0, 0, 45]
				},
				"finger3": {
					"rotation": [0, 0, 45]
				},
				"finger4": {
					"rotation": [0, 0, -67.5]
				},
				"leftArm2": {
					"rotation": [0, 0, 0]
				},
				"finger5": {
					"rotation": [0, 0, 67.5]
				},
				"finger6": {
					"rotation": [0, 0, -45]
				},
				"finger7": {
					"rotation": [0, 0, -45]
				},
				"finger8": {
					"rotation": [0, 0, -45]
				},
				"finger9": {
					"rotation": [0, 0, 65]
				},
				"finger10": {
					"rotation": [0, 0, 70]
				},
				"finger11": {
					"rotation": [0, 0, 72.5]
				},
				"finger12": {
					"rotation": [0, 0, -70]
				},
				"finger13": {
					"rotation": [0, 0, 72.5]
				},
				"finger14": {
					"rotation": [0, 0, -62.5]
				},
				"finger15": {
					"rotation": [0, 0, -70]
				},
				"finger16": {
					"rotation": [0, 0, -77.5]
				}
			}
		},
		"animation.heatblast_player.flying": {
			"loop": true,
			"bones": {
				"whole": {
					"rotation": [0, 0, 0],
					"position": [0, 6, 0]
				},
				"h_head": {
					"rotation": ["query.target_x_rotation - this", "query.target_y_rotation - this", 0]
				},
				"h_rightArm": {
					"rotation": ["Math.sin(query.life_time * 180.0) * 3", "Math.sin(query.life_time * 180.0) * -7", 0]
				},
				"h_leftArm": {
					"rotation": ["Math.sin(query.life_time * 180.0) * -3", "Math.sin(query.life_time * 180.0) * 7", 0]
				},
				"rightArm2": {
					"rotation": [-10, 0, 0]
				},
				"finger1": {
					"rotation": [0, 0, 50]
				},
				"joint1": {
					"rotation": [0, 0, 20]
				},
				"finger2": {
					"rotation": [0, 0, 50]
				},
				"joint2": {
					"rotation": [0, 0, 20]
				},
				"finger3": {
					"rotation": [0, 0, 50]
				},
				"joint3": {
					"rotation": [0, 0, 20]
				},
				"finger4": {
					"rotation": [0, 0, -50]
				},
				"joint4": {
					"rotation": [0, 0, 20]
				},
				"leftArm2": {
					"rotation": [-10, 0, 0]
				},
				"finger5": {
					"rotation": [0, 0, 50]
				},
				"joint5": {
					"rotation": [0, 0, -20]
				},
				"finger6": {
					"rotation": [0, 0, -50]
				},
				"joint6": {
					"rotation": [0, 0, -20]
				},
				"finger7": {
					"rotation": [0, 0, -50]
				},
				"joint7": {
					"rotation": [0, 0, -20]
				},
				"finger8": {
					"rotation": [0, 0, -50]
				},
				"joint8": {
					"rotation": [0, 0, -20]
				},
				"h_rightLeg": {
					"rotation": ["-25 + Math.sin(query.life_time * 180.0) * 3", 15, "10 + Math.sin(query.life_time * 180.0) * -3"]
				},
				"h_leftLeg": {
					"rotation": ["-25 + Math.sin(query.life_time * 180.0) * -3", -15, "-10 + Math.sin(query.life_time * 180.0) * 3"]
				}
			}
		},
		"animation.heatblast_player.flame": {
			"loop": true,
			"animation_length": 0.4833,
			"bones": {
				"flame1": {
					"scale": {
						"0.0": [1, 0.8, 1],
						"0.24": [1, 1.2, 1],
						"0.48": [1, 0.8, 1]
					}
				},
				"flame2": {
					"scale": {
						"0.0": [1, 1.1, 1],
						"0.24": [1, 0.8, 1],
						"0.48": [1, 1.1, 1]
					}
				},
				"flame3": {
					"scale": {
						"0.0": [1, 0.8, 1],
						"0.24": [1, 1.2, 1],
						"0.48": [1, 0.8, 1]
					}
				},
				"flame4": {
					"scale": {
						"0.0": [1, 1.1, 1],
						"0.24": [1, 0.8, 1],
						"0.48": [1, 1.1, 1]
					}
				},
				"flame5": {
					"scale": {
						"0.0": [1, 0.8, 1],
						"0.24": [1, 1.2, 1],
						"0.48": [1, 0.8, 1]
					}
				},
				"flame6": {
					"scale": {
						"0.0": [1, 1.1, 1],
						"0.24": [1, 0.8, 1],
						"0.48": [1, 1.1, 1]
					}
				}
			}
		}
	}
}