{
	"format_version": "1.8.0",
	"animations": {
		"animation.player.wildvine": {
			"loop": true,
			"bones": {
				"whole": {
					"scale": "variable.is_first_person?0:1.06"
				},
				"body": {
					"scale": 0
				},
				"leftArm": {
					"scale": 0
				},
				"rightArm": {
					"scale": 0
				},
				"leftLeg": {
					"scale": 0
				},
				"rightLeg": {
					"scale": 0
				},
				"head": {
					"scale": 0
				},
				"body1": {
					"rotation": ["query.get_equipped_item_name=='stretch_arms'&&query.is_using_item?query.target_x_rotation - this:Math.sin(query.life_time * 180.0) * 7", "query.get_equipped_item_name=='stretch_arms'&&query.is_using_item?query.target_y_rotation - this:0", 0]
				},
				"w_head": {
					"rotation": ["query.get_equipped_item_name=='stretch_arms'&&query.is_using_item?0:query.target_x_rotation - this", "query.get_equipped_item_name=='stretch_arms'&&query.is_using_item?0:query.target_y_rotation - this", 0]
				},
				"sc_part1": {
					"rotation": [0, 0, "Math.sin(query.life_time * 180.0) * 2"]
				},
				"sc_part2": {
					"rotation": [0, 0, "Math.sin(query.life_time * 180.0) * 2"]
				},
				"sc_part3": {
					"rotation": [0, 0, "Math.sin(query.life_time * 180.0) * -2"]
				},
				"sc_part4": {
					"rotation": [0, 0, "Math.sin(query.life_time * 180.0) * -2"]
				},
				"w_rightArm": {
					"rotation": ["query.get_equipped_item_name=='stretch_arms'&&query.is_using_item?-105:Math.sin(query.life_time * 180.0) * -3", "query.get_equipped_item_name=='stretch_arms'&&query.is_using_item?5:Math.sin(query.life_time * 180.0) * -7", 0],
					"scale": [1, 1.5, 1]
				},
				"joint1": {
					"rotation": [0, 0, "query.get_equipped_item_name=='stretch_arms'&&query.is_using_item?0:Math.sin(query.life_time * 180.0) * -7"]
				},
				"joint2": {
					"rotation": [0, 0, "query.get_equipped_item_name=='stretch_arms'&&query.is_using_item?0:Math.sin(query.life_time * 180.0) * -7"]
				},
				"joint3": {
					"rotation": [0, 0, "query.get_equipped_item_name=='stretch_arms'&&query.is_using_item?0:Math.sin(query.life_time * 180.0) * -7"]
				},
				"joint4": {
					"rotation": [0, 0, "query.get_equipped_item_name=='stretch_arms'&&query.is_using_item?0:Math.sin(query.life_time * 180.0) * -7"]
				},
				"joint5": {
					"rotation": [0, 0, "query.get_equipped_item_name=='stretch_arms'&&query.is_using_item?0:Math.sin(query.life_time * 180.0) * -7"]
				},
				"joint6": {
					"rotation": [0, 0, "query.get_equipped_item_name=='stretch_arms'&&query.is_using_item?0:Math.sin(query.life_time * 180.0) * -7"]
				},
				"joint7": {
					"rotation": [0, 0, "query.get_equipped_item_name=='stretch_arms'&&query.is_using_item?0:Math.sin(query.life_time * 180.0) * -7"]
				},
				"joint8": {
					"rotation": [0, 0, "query.get_equipped_item_name=='stretch_arms'&&query.is_using_item?0:Math.sin(query.life_time * 180.0) * -7"]
				},
				"joint9": {
					"rotation": [0, 0, "query.get_equipped_item_name=='stretch_arms'&&query.is_using_item?0:Math.sin(query.life_time * 180.0) * -7"]
				},
				"joint10": {
					"rotation": [0, 0, "query.get_equipped_item_name=='stretch_arms'&&query.is_using_item?0:Math.sin(query.life_time * 180.0) * 7"]
				},
				"joint11": {
					"rotation": [0, 0, "query.get_equipped_item_name=='stretch_arms'&&query.is_using_item?0:Math.sin(query.life_time * 180.0) * 7"]
				},
				"joint12": {
					"rotation": [0, 0, "query.get_equipped_item_name=='stretch_arms'&&query.is_using_item?0:Math.sin(query.life_time * 180.0) * 7"]
				},
				"w_leftArm": {
					"rotation": ["query.get_equipped_item_name=='stretch_arms'&&query.is_using_item?-105:Math.sin(query.life_time * 180.0) * -3", "query.get_equipped_item_name=='stretch_arms'&&query.is_using_item?-5:Math.sin(query.life_time * 180.0) * 7", 0],
					"scale": [1, 1.5, 1]
				},
				"joint13": {
					"rotation": [0, 0, "query.get_equipped_item_name=='stretch_arms'&&query.is_using_item?0:Math.sin(query.life_time * 180.0) * 7"]
				},
				"joint14": {
					"rotation": [0, 0, "query.get_equipped_item_name=='stretch_arms'&&query.is_using_item?0:Math.sin(query.life_time * 180.0) * 7"]
				},
				"joint15": {
					"rotation": [0, 0, "query.get_equipped_item_name=='stretch_arms'&&query.is_using_item?0:Math.sin(query.life_time * 180.0) * 7"]
				},
				"joint16": {
					"rotation": [0, 0, "query.get_equipped_item_name=='stretch_arms'&&query.is_using_item?0:Math.sin(query.life_time * 180.0) * 7"]
				},
				"joint17": {
					"rotation": [0, 0, "query.get_equipped_item_name=='stretch_arms'&&query.is_using_item?0:Math.sin(query.life_time * 180.0) * 7"]
				},
				"joint18": {
					"rotation": [0, 0, "query.get_equipped_item_name=='stretch_arms'&&query.is_using_item?0:Math.sin(query.life_time * 180.0) * 7"]
				},
				"joint19": {
					"rotation": [0, 0, "query.get_equipped_item_name=='stretch_arms'&&query.is_using_item?0:Math.sin(query.life_time * 180.0) * 7"]
				},
				"joint20": {
					"rotation": [0, 0, "query.get_equipped_item_name=='stretch_arms'&&query.is_using_item?0:Math.sin(query.life_time * 180.0) * 7"]
				},
				"joint21": {
					"rotation": [0, 0, "query.get_equipped_item_name=='stretch_arms'&&query.is_using_item?0:Math.sin(query.life_time * 180.0) * 7"]
				},
				"joint22": {
					"rotation": [0, 0, "query.get_equipped_item_name=='stretch_arms'&&query.is_using_item?0:Math.sin(query.life_time * 180.0) * -7"]
				},
				"joint23": {
					"rotation": [0, 0, "query.get_equipped_item_name=='stretch_arms'&&query.is_using_item?0:Math.sin(query.life_time * 180.0) * -7"]
				},
				"joint24": {
					"rotation": [0, 0, "query.get_equipped_item_name=='stretch_arms'&&query.is_using_item?0:Math.sin(query.life_time * 180.0) * -7"]
				},
				"fp_rightArm": {
					"rotation": ["query.get_equipped_item_name=='stretch_arms'&&query.is_using_item?-15:Math.sin(query.life_time * 180.0) * -3", "query.get_equipped_item_name=='stretch_arms'&&query.is_using_item?32.5:Math.sin(query.life_time * 180.0) * -7", 0],
					"position": [53, -152, 21],
					"scale": ["variable.is_first_person?1.4:0", "variable.is_first_person?1.6:0", "variable.is_first_person?1.4:0"]
				},
				"joint25": {
					"rotation": [0, 0, "query.get_equipped_item_name=='stretch_arms'&&query.is_using_item?0:Math.sin(query.life_time * 180.0) * -7"]
				},
				"joint26": {
					"rotation": [0, 0, "query.get_equipped_item_name=='stretch_arms'&&query.is_using_item?0:Math.sin(query.life_time * 180.0) * -7"]
				},
				"joint27": {
					"rotation": [0, 0, "query.get_equipped_item_name=='stretch_arms'&&query.is_using_item?0:Math.sin(query.life_time * 180.0) * -7"]
				},
				"joint28": {
					"rotation": [0, 0, "query.get_equipped_item_name=='stretch_arms'&&query.is_using_item?0:Math.sin(query.life_time * 180.0) * -7"]
				},
				"joint29": {
					"rotation": [0, 0, "query.get_equipped_item_name=='stretch_arms'&&query.is_using_item?0:Math.sin(query.life_time * 180.0) * -7"]
				},
				"joint30": {
					"rotation": [0, 0, "query.get_equipped_item_name=='stretch_arms'&&query.is_using_item?0:Math.sin(query.life_time * 180.0) * -7"]
				},
				"joint31": {
					"rotation": [0, 0, "query.get_equipped_item_name=='stretch_arms'&&query.is_using_item?0:Math.sin(query.life_time * 180.0) * -7"]
				},
				"joint32": {
					"rotation": [0, 0, "query.get_equipped_item_name=='stretch_arms'&&query.is_using_item?0:Math.sin(query.life_time * 180.0) * -7"]
				},
				"joint33": {
					"rotation": [0, 0, "query.get_equipped_item_name=='stretch_arms'&&query.is_using_item?0:Math.sin(query.life_time * 180.0) * -7"]
				},
				"joint34": {
					"rotation": [0, 0, "query.get_equipped_item_name=='stretch_arms'&&query.is_using_item?0:Math.sin(query.life_time * 180.0) * 7"]
				},
				"joint35": {
					"rotation": [0, 0, "query.get_equipped_item_name=='stretch_arms'&&query.is_using_item?0:Math.sin(query.life_time * 180.0) * 7"]
				},
				"joint36": {
					"rotation": [0, 0, "query.get_equipped_item_name=='stretch_arms'&&query.is_using_item?0:Math.sin(query.life_time * 180.0) * 7"]
				},
				"fp_leftArm": {
					"rotation": ["query.get_equipped_item_name=='stretch_arms'&&query.is_using_item?-15:Math.sin(query.life_time * 180.0) * -3", "query.get_equipped_item_name=='stretch_arms'&&query.is_using_item?-32.5:Math.sin(query.life_time * 180.0) * 7", 0],
					"position": [-53, -152, 21],
					"scale": ["variable.is_first_person?1.4:0", "variable.is_first_person?1.6:0", "variable.is_first_person?1.4:0"]
				},
				"joint37": {
					"rotation": [0, 0, "query.get_equipped_item_name=='stretch_arms'&&query.is_using_item?0:Math.sin(query.life_time * 180.0) * 7"]
				},
				"joint38": {
					"rotation": [0, 0, "query.get_equipped_item_name=='stretch_arms'&&query.is_using_item?0:Math.sin(query.life_time * 180.0) * 7"]
				},
				"joint39": {
					"rotation": [0, 0, "query.get_equipped_item_name=='stretch_arms'&&query.is_using_item?0:Math.sin(query.life_time * 180.0) * 7"]
				},
				"joint40": {
					"rotation": [0, 0, "query.get_equipped_item_name=='stretch_arms'&&query.is_using_item?0:Math.sin(query.life_time * 180.0) * 7"]
				},
				"joint41": {
					"rotation": [0, 0, "query.get_equipped_item_name=='stretch_arms'&&query.is_using_item?0:Math.sin(query.life_time * 180.0) * 7"]
				},
				"joint42": {
					"rotation": [0, 0, "query.get_equipped_item_name=='stretch_arms'&&query.is_using_item?0:Math.sin(query.life_time * 180.0) * 7"]
				},
				"joint43": {
					"rotation": [0, 0, "query.get_equipped_item_name=='stretch_arms'&&query.is_using_item?0:Math.sin(query.life_time * 180.0) * 7"]
				},
				"joint44": {
					"rotation": [0, 0, "query.get_equipped_item_name=='stretch_arms'&&query.is_using_item?0:Math.sin(query.life_time * 180.0) * 7"]
				},
				"joint45": {
					"rotation": [0, 0, "query.get_equipped_item_name=='stretch_arms'&&query.is_using_item?0:Math.sin(query.life_time * 180.0) * 7"]
				},
				"joint46": {
					"rotation": [0, 0, "query.get_equipped_item_name=='stretch_arms'&&query.is_using_item?0:Math.sin(query.life_time * 180.0) * -7"]
				},
				"joint47": {
					"rotation": [0, 0, "query.get_equipped_item_name=='stretch_arms'&&query.is_using_item?0:Math.sin(query.life_time * 180.0) * -7"]
				},
				"joint48": {
					"rotation": [0, 0, "query.get_equipped_item_name=='stretch_arms'&&query.is_using_item?0:Math.sin(query.life_time * 180.0) * -7"]
				}
			}
		},
		"animation.wildvine.player.walking": {
			"loop": true,
			"anim_time_update": "query.modified_distance_moved",
			"bones": {
				"w_head": {
					"rotation": ["query.target_x_rotation - this", "query.target_y_rotation - this", 0]
				},
				"w_rightArm": {
					"rotation": ["query.get_equipped_item_name=='stretch_arms'&&query.is_using_item?0:Math.cos(query.anim_time * 40 + 40) *-40.0", 0, 0]
				},
				"w_leftArm": {
					"rotation": ["query.get_equipped_item_name=='stretch_arms'&&query.is_using_item?0:Math.cos(query.anim_time * 40 + 40) *40.0", 0, 0]
				},
				"tentacle1": {
					"rotation": ["Math.cos(query.anim_time * 40 + 40) *40.0", 0, 0]
				},
				"tentacle7": {
					"rotation": ["Math.cos(query.anim_time * 40 + 40) *40.0", 0, 0]
				},
				"tentacle13": {
					"rotation": ["Math.cos(query.anim_time * 40 + 40) *40.0", 0, 0]
				},
				"tentacle19": {
					"rotation": ["Math.cos(query.anim_time * 40 + 40) *-40.0", 0, 0]
				},
				"tentacle25": {
					"rotation": ["Math.cos(query.anim_time * 40 + 40) *40.0", 0, 0]
				},
				"body1": {
					"rotation": [0, 0, "Math.cos(query.anim_time * 40 + 40) *5.0"]
				}
			}
		},
		"animation.wildvine.player.sprinting": {
			"loop": true,
			"anim_time_update": "query.modified_distance_moved",
			"bones": {
				"w_head": {
					"rotation": ["query.target_x_rotation - this", "query.target_y_rotation - this", 0]
				},
				"w_rightArm": {
					"rotation": ["Math.cos(query.anim_time * 40 + 60) *-40.0", 0, 0]
				},
				"w_leftArm": {
					"rotation": ["Math.cos(query.anim_time * 40 + 60) *40.0", 0, 0]
				},
				"tentacle1": {
					"rotation": ["Math.cos(query.anim_time * 40 + 60) *40.0", 0, 0]
				},
				"tentacle7": {
					"rotation": ["Math.cos(query.anim_time * 40 + 60) *40.0", 0, 0]
				},
				"tentacle13": {
					"rotation": ["Math.cos(query.anim_time * 40 + 60) *40.0", 0, 0]
				},
				"tentacle19": {
					"rotation": ["Math.cos(query.anim_time * 40 + 60) *-40.0", 0, 0]
				},
				"tentacle25": {
					"rotation": ["Math.cos(query.anim_time * 40 + 60) *40.0", 0, 0]
				},
				"body1": {
					"rotation": [0, 0, "Math.cos(query.anim_time * 40 + 40) *10.0"]
				}
			}
		},
		"animation.player_wildvine.attack1": {
			"loop": true,
			"animation_length": 0.68,
			"bones": {
				"upper_body": {
					"rotation": {
						"0.0": [0, 0, 0],
						"0.24": [0, 0, 0],
						"0.4": [25, 0, 0]
					}
				},
				"body1": {
					"rotation": {
						"0.0": [0, 0, 0],
						"0.24": [0, 35, 0],
						"0.4": [42.5, -32.5, 0]
					}
				},
				"w_rightArm": {
					"rotation": {
						"0.0": [0, 0, 0],
						"0.24": [10, 0, 62.5],
						"0.4": [-62.5, 35, 62.5]
					},
					"scale": {
						"0.0": [1, 1, 1],
						"0.24": [1, 1, 1],
						"0.4": [1, 1.6, 1]
					}
				},
				"rightArm2": {
					"rotation": {
						"0.0": [0, 0, 0],
						"0.24": [-75, 0, 0],
						"0.4": [2.5, 0, 0]
					}
				},
				"joint1": {
					"rotation": {
						"0.0": [0, 0, 0],
						"0.24": [0, 0, -55]
					}
				},
				"joint2": {
					"rotation": {
						"0.0": [0, 0, 0],
						"0.24": [0, 0, -72.5]
					}
				},
				"joint3": {
					"rotation": {
						"0.0": [0, 0, 0],
						"0.24": [0, 0, -50]
					}
				},
				"joint4": {
					"rotation": {
						"0.0": [0, 0, 0],
						"0.24": [0, 0, -52.5]
					}
				},
				"joint5": {
					"rotation": {
						"0.0": [0, 0, 0],
						"0.24": [0, 0, -77.5]
					}
				},
				"joint6": {
					"rotation": {
						"0.0": [0, 0, 0],
						"0.24": [0, 0, -35]
					}
				},
				"joint7": {
					"rotation": {
						"0.0": [0, 0, 0],
						"0.24": [0, 0, -45]
					}
				},
				"joint8": {
					"rotation": {
						"0.0": [0, 0, 0],
						"0.24": [0, 0, -70]
					}
				},
				"joint9": {
					"rotation": {
						"0.0": [0, 0, 0],
						"0.24": [0, 0, -37.5]
					}
				},
				"joint10": {
					"rotation": {
						"0.0": [0, 0, 0],
						"0.24": [0, 97.5, 20]
					}
				},
				"joint11": {
					"rotation": {
						"0.0": [0, 0, 0],
						"0.24": [0, 0, 95]
					}
				},
				"joint12": {
					"rotation": {
						"0.0": [0, 0, 0],
						"0.24": [0, 0, 25]
					}
				}
			}
		},
		"animation.player_wildvine.attack2": {
			"loop": true,
			"animation_length": 0.68,
			"bones": {
				"upper_body": {
					"rotation": {
						"0.0": [0, 0, 0],
						"0.24": [0, 0, 0],
						"0.4": [25, 0, 0]
					}
				},
				"body1": {
					"rotation": {
						"0.0": [0, 0, 0],
						"0.24": [0, -35, 0],
						"0.4": [42.5, 35, 0]
					}
				},
				"w_leftArm": {
					"rotation": {
						"0.0": [0, 0, 0],
						"0.24": [10, 0, -62.5],
						"0.4": [-62.5, -35, -62.5]
					},
					"scale": {
						"0.0": [1, 1, 1],
						"0.24": [1, 1, 1],
						"0.4": [1, 1.6, 1]
					}
				},
				"leftArm2": {
					"rotation": {
						"0.0": [0, 0, 0],
						"0.24": [-75, 0, 0],
						"0.4": [2.5, 0, 0]
					}
				},
				"joint13": {
					"rotation": {
						"0.0": [0, 0, 0],
						"0.24": [0, 0, 37.5]
					}
				},
				"joint14": {
					"rotation": {
						"0.0": [0, 0, 0],
						"0.24": [0, 0, 97.5]
					}
				},
				"joint15": {
					"rotation": {
						"0.0": [0, 0, 0],
						"0.24": [0, 0, 25]
					}
				},
				"joint16": {
					"rotation": {
						"0.0": [0, 0, 0],
						"0.24": [0, 0, 45]
					}
				},
				"joint17": {
					"rotation": {
						"0.0": [0, 0, 0],
						"0.24": [0, 0, 107.5]
					}
				},
				"joint18": {
					"rotation": {
						"0.0": [0, 0, 0],
						"0.24": [0, 0, 7.5]
					}
				},
				"joint19": {
					"rotation": {
						"0.0": [0, 0, 0],
						"0.24": [0, 0, 47.5]
					}
				},
				"joint20": {
					"rotation": {
						"0.0": [0, 0, 0],
						"0.24": [0, 0, 97.5]
					}
				},
				"joint21": {
					"rotation": {
						"0.0": [0, 0, 0],
						"0.24": [0, 0, 32.5]
					}
				},
				"joint22": {
					"rotation": {
						"0.0": [0, 0, 0],
						"0.24": [0, -92.5, -47.5]
					}
				},
				"joint23": {
					"rotation": {
						"0.0": [0, 0, 0],
						"0.24": [0, 0, -95]
					}
				},
				"joint24": {
					"rotation": {
						"0.0": [0, 0, 0],
						"0.24": [0, 0, -5]
					}
				}
			}
		},
		"animation.player_wildvine.attack3": {
			"loop": true,
			"animation_length": 0.68,
			"bones": {
				"upper_body": {
					"rotation": {
						"0.0": [0, 0, 0],
						"0.24": [-15, 0, 0],
						"0.4": [37.5, 0, 0]
					}
				},
				"body1": {
					"rotation": {
						"0.0": [0, 0, 0],
						"0.24": [-20, 0, 0],
						"0.4": [7.5, 0, 0]
					}
				},
				"w_rightArm": {
					"rotation": {
						"0.0": [0, 0, 0],
						"0.24": [-147.5, 0, -22.5],
						"0.4": [-100, 5, -22.5]
					},
					"scale": {
						"0.0": [1, 1, 1],
						"0.24": [1, 1, 1],
						"0.4": [1, 1.6, 1]
					}
				},
				"rightArm2": {
					"rotation": {
						"0.0": [0, 0, 0],
						"0.24": [-47.5, 0, 0],
						"0.4": [7.5, 0, 0]
					}
				},
				"joint1": {
					"rotation": {
						"0.0": [0, 0, 0],
						"0.24": [0, 0, -60]
					}
				},
				"joint2": {
					"rotation": {
						"0.0": [0, 0, 0],
						"0.24": [0, 0, -80]
					}
				},
				"joint3": {
					"rotation": {
						"0.0": [0, 0, 0],
						"0.24": [0, 0, -45]
					}
				},
				"joint4": {
					"rotation": {
						"0.0": [0, 0, 0],
						"0.24": [0, 0, -55]
					}
				},
				"joint5": {
					"rotation": {
						"0.0": [0, 0, 0],
						"0.24": [0, 0, -90]
					}
				},
				"joint6": {
					"rotation": {
						"0.0": [0, 0, 0],
						"0.24": [0, 0, -35]
					}
				},
				"joint7": {
					"rotation": {
						"0.0": [0, 0, 0],
						"0.24": [0, 0, -47.5]
					}
				},
				"joint8": {
					"rotation": {
						"0.0": [0, 0, 0],
						"0.24": [0, 0, -92.5]
					}
				},
				"joint9": {
					"rotation": {
						"0.0": [0, 0, 0],
						"0.24": [0, 0, -27.5]
					}
				},
				"joint10": {
					"rotation": {
						"0.0": [0, 0, 0],
						"0.24": [0, 107.5, 35]
					}
				},
				"joint11": {
					"rotation": {
						"0.0": [0, 0, 0],
						"0.24": [0, 0, 100]
					}
				},
				"joint12": {
					"rotation": {
						"0.0": [0, 0, 0],
						"0.24": [0, 0, 25]
					}
				},
				"w_leftArm": {
					"rotation": {
						"0.0": [0, 0, 0],
						"0.24": [-147.5, 0, 22.5],
						"0.4": [-100, -5, 22.5]
					},
					"scale": {
						"0.0": [1, 1, 1],
						"0.24": [1, 1, 1],
						"0.4": [1, 1.6, 1]
					}
				},
				"leftArm2": {
					"rotation": {
						"0.0": [0, 0, 0],
						"0.24": [-47.5, 0, 0],
						"0.4": [7.5, 0, 0]
					}
				},
				"joint13": {
					"rotation": {
						"0.0": [0, 0, 0],
						"0.24": [0, 0, 50]
					}
				},
				"joint14": {
					"rotation": {
						"0.0": [0, 0, 0],
						"0.24": [0, 0, 80]
					}
				},
				"joint15": {
					"rotation": {
						"0.0": [0, 0, 0],
						"0.24": [0, 0, 37.5]
					}
				},
				"joint16": {
					"rotation": {
						"0.0": [0, 0, 0],
						"0.24": [0, 0, 52.5]
					}
				},
				"joint17": {
					"rotation": {
						"0.0": [0, 0, 0],
						"0.24": [0, 0, 92.5]
					}
				},
				"joint18": {
					"rotation": {
						"0.0": [0, 0, 0],
						"0.24": [0, 0, 37.5]
					}
				},
				"joint19": {
					"rotation": {
						"0.0": [0, 0, 0],
						"0.24": [0, 0, 52.5]
					}
				},
				"joint20": {
					"rotation": {
						"0.0": [0, 0, 0],
						"0.24": [0, 0, 90]
					}
				},
				"joint21": {
					"rotation": {
						"0.0": [0, 0, 0],
						"0.24": [0, 0, 25]
					}
				},
				"joint22": {
					"rotation": {
						"0.0": [0, 0, 0],
						"0.24": [0, -87.5, -27.5]
					}
				},
				"joint23": {
					"rotation": {
						"0.0": [0, 0, 0],
						"0.24": [0, 0, -87.5]
					}
				},
				"joint24": {
					"rotation": {
						"0.0": [0, 0, 0],
						"0.24": [0, 0, -27.5]
					}
				}
			}
		},
		"animation.wildvine.fp_attack1": {
			"loop": true,
			"animation_length": 0.6,
			"bones": {
				"fp_rightArm": {
					"rotation": {
						"0.0": [0, 0, 0],
						"0.2": [55, 0, 0],
						"0.32": [-12.5, 0, 0]
					},
					"position": {
						"0.0": [0, 0, 0],
						"0.2": [4, -4, -4],
						"0.32": [-9, 2, 9]
					},
					"scale": {
						"0.0": [1, 1, 1],
						"0.2": [1, 1, 1],
						"0.32": [1, 1.6, 1]
					}
				},
				"rightArm3": {
					"rotation": {
						"0.0": [0, 0, 0],
						"0.2": [-52.5, 0, 0],
						"0.32": [-2.5, 0, 0]
					}
				},
				"joint25": {
					"rotation": {
						"0.0": [0, 0, 0],
						"0.2": [-15, 0, -62.5]
					}
				},
				"joint26": {
					"rotation": {
						"0.0": [0, 0, 0],
						"0.2": [0, 0, -75]
					}
				},
				"joint27": {
					"rotation": {
						"0.0": [0, 0, 0],
						"0.2": [0, 0, -45]
					}
				},
				"joint28": {
					"rotation": {
						"0.0": [0, 0, 0],
						"0.2": [0, 0, -65]
					}
				},
				"joint29": {
					"rotation": {
						"0.0": [0, 0, 0],
						"0.2": [0, 0, -72.5]
					}
				},
				"joint30": {
					"rotation": {
						"0.0": [0, 0, 0],
						"0.2": [0, 0, -50]
					}
				},
				"joint31": {
					"rotation": {
						"0.0": [0, 0, 0],
						"0.2": [7.5, 0, -62.5]
					}
				},
				"joint32": {
					"rotation": {
						"0.0": [0, 0, 0],
						"0.2": [0, 0, -75]
					}
				},
				"joint33": {
					"rotation": {
						"0.0": [0, 0, 0],
						"0.2": [0, 0, -32.5]
					}
				},
				"joint34": {
					"rotation": {
						"0.0": [0, 0, 0],
						"0.2": [0, 97.5, 22.5]
					}
				},
				"joint35": {
					"rotation": {
						"0.0": [0, 0, 0],
						"0.2": [0, 0, 92.5]
					}
				},
				"joint36": {
					"rotation": {
						"0.0": [0, 0, 0],
						"0.2": [0, 0, 27.5]
					}
				}
			}
		},
		"animation.wildvine.fp_attack2": {
			"loop": true,
			"animation_length": 0.6,
			"bones": {
				"fp_leftArm": {
					"rotation": {
						"0.0": [0, 0, 0],
						"0.2": [55, 0, 0],
						"0.32": [-12.5, 0, 0]
					},
					"position": {
						"0.0": [0, 0, 0],
						"0.2": [-4, -4, -4],
						"0.32": [9, 2, 9]
					},
					"scale": {
						"0.0": [1, 1, 1],
						"0.2": [1, 1, 1],
						"0.32": [1, 1.6, 1]
					}
				},
				"leftArm3": {
					"rotation": {
						"0.0": [0, 0, 0],
						"0.2": [-52.5, 0, 0],
						"0.32": [-2.5, 0, 0]
					}
				},
				"joint37": {
					"rotation": {
						"0.0": [0, 0, 0],
						"0.2": [-10, 0, 55]
					}
				},
				"joint38": {
					"rotation": {
						"0.0": [0, 0, 0],
						"0.2": [0, 0, 72.5]
					}
				},
				"joint39": {
					"rotation": {
						"0.0": [0, 0, 0],
						"0.2": [0, 0, 42.5]
					}
				},
				"joint40": {
					"rotation": {
						"0.0": [0, 0, 0],
						"0.2": [0, 0, 67.5]
					}
				},
				"joint41": {
					"rotation": {
						"0.0": [0, 0, 0],
						"0.2": [0, 0, 75]
					}
				},
				"joint42": {
					"rotation": {
						"0.0": [0, 0, 0],
						"0.2": [0, 0, 42.5]
					}
				},
				"joint43": {
					"rotation": {
						"0.0": [0, 0, 0],
						"0.2": [7.5, 0, 62.5]
					}
				},
				"joint44": {
					"rotation": {
						"0.0": [0, 0, 0],
						"0.2": [0, 0, 77.5]
					}
				},
				"joint45": {
					"rotation": {
						"0.0": [0, 0, 0],
						"0.2": [0, 0, 27.5]
					}
				},
				"joint46": {
					"rotation": {
						"0.0": [0, 0, 0],
						"0.2": [0, -105, -10]
					}
				},
				"joint47": {
					"rotation": {
						"0.0": [0, 0, 0],
						"0.2": [0, 0, -85]
					}
				},
				"joint48": {
					"rotation": {
						"0.0": [0, 0, 0],
						"0.2": [0, 0, -20]
					}
				}
			}
		},
		"animation.wildvine.fp_attack3": {
			"loop": true,
			"animation_length": 0.6,
			"bones": {
				"fp_rightArm": {
					"rotation": {
						"0.0": [0, 0, 0],
						"0.2": [-92.5, 52.5, 112.5],
						"0.32": [-40, 52.5, 112.5]
					},
					"scale": {
						"0.0": [1, 1, 1],
						"0.2": [1, 1, 1],
						"0.32": [1, 1.6, 1]
					}
				},
				"rightArm3": {
					"rotation": {
						"0.0": [0, 0, 0],
						"0.2": [-47.5, 0, 0],
						"0.32": [0, 0, 0]
					}
				},
				"joint25": {
					"rotation": {
						"0.0": [0, 0, 0],
						"0.2": [-7.5, 0, -65]
					}
				},
				"joint26": {
					"rotation": {
						"0.0": [0, 0, 0],
						"0.2": [0, 0, -70]
					}
				},
				"joint27": {
					"rotation": {
						"0.0": [0, 0, 0],
						"0.2": [0, 0, -45]
					}
				},
				"joint28": {
					"rotation": {
						"0.0": [0, 0, 0],
						"0.2": [0, 0, -57.5]
					}
				},
				"joint29": {
					"rotation": {
						"0.0": [0, 0, 0],
						"0.2": [0, 0, -85]
					}
				},
				"joint30": {
					"rotation": {
						"0.0": [0, 0, 0],
						"0.2": [0, 0, -40]
					}
				},
				"joint31": {
					"rotation": {
						"0.0": [0, 0, 0],
						"0.2": [12.5, 0, -60]
					}
				},
				"joint32": {
					"rotation": {
						"0.0": [0, 0, 0],
						"0.2": [0, 0, -60]
					}
				},
				"joint33": {
					"rotation": {
						"0.0": [0, 0, 0],
						"0.2": [0, 0, -30]
					}
				},
				"joint34": {
					"rotation": {
						"0.0": [0, 0, 0],
						"0.2": [0, 102.5, 25]
					}
				},
				"joint35": {
					"rotation": {
						"0.0": [0, 0, 0],
						"0.2": [0, 0, 105]
					}
				},
				"joint36": {
					"rotation": {
						"0.0": [0, 0, 0],
						"0.2": [0, 0, 40]
					}
				},
				"fp_leftArm": {
					"rotation": {
						"0.0": [0, 0, 0],
						"0.2": [-92.5, -52.5, -112.5],
						"0.32": [-40, -52.5, -112.5]
					},
					"scale": {
						"0.0": [1, 1, 1],
						"0.2": [1, 1, 1],
						"0.32": [1, 1.6, 1]
					}
				},
				"leftArm3": {
					"rotation": {
						"0.0": [0, 0, 0],
						"0.2": [-47.5, 0, 0],
						"0.32": [0, 0, 0]
					}
				},
				"joint37": {
					"rotation": {
						"0.0": [0, 0, 0],
						"0.2": [-15, -2.5, 55]
					}
				},
				"joint38": {
					"rotation": {
						"0.0": [0, 0, 0],
						"0.2": [0, 0, 80]
					}
				},
				"joint39": {
					"rotation": {
						"0.0": [0, 0, 0],
						"0.2": [0, 0, 47.5]
					}
				},
				"joint40": {
					"rotation": {
						"0.0": [0, 0, 0],
						"0.2": [0, 0, 57.5]
					}
				},
				"joint41": {
					"rotation": {
						"0.0": [0, 0, 0],
						"0.2": [0, 0, 95]
					}
				},
				"joint42": {
					"rotation": {
						"0.0": [0, 0, 0],
						"0.2": [0, 0, 17.5]
					}
				},
				"joint43": {
					"rotation": {
						"0.0": [0, 0, 0],
						"0.2": [0, 7.5, 60]
					}
				},
				"joint44": {
					"rotation": {
						"0.0": [0, 0, 0],
						"0.2": [0, 0, 90]
					}
				},
				"joint45": {
					"rotation": {
						"0.0": [0, 0, 0],
						"0.2": [0, 0, 30]
					}
				},
				"joint46": {
					"rotation": {
						"0.0": [0, 0, 0],
						"0.2": [5, -110, -30]
					}
				},
				"joint47": {
					"rotation": {
						"0.0": [0, 0, 0],
						"0.2": [0, 0, -97.5]
					}
				},
				"joint48": {
					"rotation": {
						"0.0": [0, 0, 0],
						"0.2": [0, 0, -35]
					}
				}
			}
		},
		"animation.wildvine.player.throwing_vines": {
			"loop": true,
			"animation_length": 1.04,
			"bones": {
				"body1": {
					"rotation": {
						"0.0": [0, 0, 0],
						"0.36": [-22.5, -50, 0],
						"0.52": [17.5, 37.5, 0]
					}
				},
				"w_leftArm": {
					"rotation": {
						"0.0": [0, 0, 0],
						"0.36": [-77.5, -75, 0],
						"0.52": [-65, -27.5, 0]
					}
				},
				"joint13": {
					"rotation": {
						"0.0": [0, 0, 0],
						"0.36": [0, 0, -62.5]
					}
				},
				"joint14": {
					"rotation": [0, 0, 0]
				},
				"joint15": {
					"rotation": [0, 0, 0]
				},
				"joint16": {
					"rotation": {
						"0.0": [0, 0, 0],
						"0.36": [0, 0, -60]
					}
				},
				"joint17": {
					"rotation": [0, 0, 0]
				},
				"joint18": {
					"rotation": [0, 0, 0]
				},
				"joint19": {
					"rotation": {
						"0.0": [0, 0, 0],
						"0.36": [0, 0, -62.5]
					}
				},
				"joint20": {
					"rotation": [0, 0, 0]
				},
				"joint21": {
					"rotation": [0, 0, 0]
				},
				"joint22": {
					"rotation": {
						"0.0": [0, 0, 0],
						"0.36": [0, 0, 65]
					}
				},
				"joint23": {
					"rotation": [0, 0, 0]
				},
				"joint24": {
					"rotation": [0, 0, 0]
				}
			}
		},
		"animation.wildvine.player.exploding_seeds": {
			"loop": true,
			"bones": {
				"upper_body": {
					"rotation": [67.5, 0, 0]
				},
				"body1": {
					"rotation": [35, 0, 0]
				},
				"seed1": {
					"scale": 0
				},
				"seed2": {
					"scale": 0
				},
				"seed3": {
					"scale": 0
				},
				"seed4": {
					"scale": 0
				},
				"w_rightArm": {
					"rotation": [-65, 0, 0]
				},
				"w_leftArm": {
					"rotation": [-65, 0, 0]
				},
				"seed5": {
					"scale": 0
				},
				"seed6": {
					"scale": 0
				},
				"seed7": {
					"scale": 0
				},
				"seed8": {
					"scale": 0
				}
			}
		},
		"animation.wildvine.player.summon_vines": {
			"loop": true,
			"bones": {
				"upper_body": {
					"rotation": [70, 0, 0]
				},
				"body1": {
					"rotation": [35, 0, 0]
				},
				"w_rightArm": {
					"rotation": [-120, 25, 0],
					"scale": [1, 2.1, 1]
				},
				"joint1": {
					"rotation": [0, 0, 85]
				},
				"joint4": {
					"rotation": [0, 0, 87.5]
				},
				"joint7": {
					"rotation": [0, 0, 87.5]
				},
				"joint10": {
					"rotation": [0, 0, -75]
				},
				"w_leftArm": {
					"rotation": [-120, -25, 0],
					"scale": [1, 2.1, 1]
				},
				"joint13": {
					"rotation": [0, 0, -87.5]
				},
				"joint16": {
					"rotation": [0, 0, -85]
				},
				"joint19": {
					"rotation": [0, 0, -85]
				},
				"joint22": {
					"rotation": [0, 0, 75]
				}
			}
		},
		"animation.wildvine.fp_throwing_vines": {
			"loop": true,
			"animation_length": 1.04,
			"bones": {
				"fp_leftArm": {
					"rotation": {
						"0.0": [0, 0, 0],
						"0.36": [77.5, 77.5, 0],
						"0.52": [-20, -17.5, -50]
					}
				},
				"joint37": {
					"rotation": {
						"0.0": [0, 0, 0],
						"0.36": [0, 0, -57.5]
					}
				},
				"joint40": {
					"rotation": {
						"0.0": [0, 0, 0],
						"0.36": [0, 0, -52.5]
					}
				},
				"joint43": {
					"rotation": {
						"0.0": [0, 0, 0],
						"0.36": [0, 0, -52.5]
					}
				},
				"joint46": {
					"rotation": {
						"0.0": [0, 0, 0],
						"0.36": [0, 0, 67.5]
					}
				}
			}
		},
		"animation.wildvine.fp_summon_vines": {
			"loop": true,
			"bones": {
				"fp_rightArm": {
					"rotation": [0, 47.5, 22.5],
					"position": [0, 0, 0]
				},
				"joint25": {
					"rotation": [0, 0, -7.5]
				},
				"joint28": {
					"rotation": [0, 0, -2.5]
				},
				"joint31": {
					"rotation": [0, 0, 2.5]
				},
				"joint34": {
					"rotation": [0, 0, -25]
				},
				"fp_leftArm": {
					"rotation": [0, -47.5, -22.5],
					"position": [0, 0, 0]
				},
				"joint37": {
					"rotation": [0, 0, 2.5]
				},
				"joint40": {
					"rotation": [0, 0, 5]
				},
				"joint43": {
					"rotation": [0, 0, 10]
				},
				"joint46": {
					"rotation": [0, 0, 25]
				}
			}
		},
		"animation.player_wildvine.stretch_arms": {
			"loop": true,
			"bones": {
				"w_rightArm": {
					"position": [0, 0, 0],
					"scale": [1, 37.2, 1]
				},
				"w_leftArm": {
					"position": [0, 0, 0],
					"scale": [1, 37.2, 1]
				},
				"fp_rightArm": {
					"scale": [1, 37.2, 1]
				},
				"fp_leftArm": {
					"scale": [1, 37.2, 1]
				}
			}
		}
	}
}