{
	"format_version": "1.10.0",
	"animation_controllers": {
		"controller.animation.player.ability_item": {
			"states": {
				"default": {
					"transitions": [
						{
							"untransform": "query.is_using_item && query.get_equipped_item_name('main_hand') == 'untransform'"
						},
						{
							"enable_block_breaking": "query.is_using_item && query.get_equipped_item_name('main_hand') == 'enable_block_breaking'"
						},
						{
							"disable_block_breaking": "query.is_using_item && query.get_equipped_item_name('main_hand') == 'disable_block_breaking'"
						},
						{
							"enable_projectiles": "query.is_using_item && query.get_equipped_item_name('main_hand') == 'enable_projectiles'"
						},
						{
							"disable_projectiles": "query.is_using_item && query.get_equipped_item_name('main_hand') == 'disable_projectiles'"
						},
						{
							"dh_spikes_line": "query.is_using_item && query.get_equipped_item_name('main_hand') == 'dh_spikes_line'"
						},
						{
							"dh_spikes_circle": "query.is_using_item && query.get_equipped_item_name('main_hand') == 'dh_spikes_circle'"
						},
						{
							"disable_dh_spikes": "query.is_using_item && query.get_equipped_item_name('main_hand') == 'disable_dh_spikes'"
						},
						{
							"enable_cloning": "query.is_using_item && query.get_equipped_item_name('main_hand') == 'enable_cloning'"
						},
						{
							"disable_cloning": "query.is_using_item && query.get_equipped_item_name('main_hand') == 'disable_cloning'"
						},
						{
							"clear_clones": "query.is_using_item && query.get_equipped_item_name('main_hand') == 'clear_clones'"
						},
						{
							"energy_beam_smaller": "query.is_using_item && query.get_equipped_item_name('main_hand') == 'energy_beam_smaller'"
						},
						{
							"energy_beam_bigger": "query.is_using_item && query.get_equipped_item_name('main_hand') == 'energy_beam_bigger'"
						},
						{
							"disable_energy_beam": "query.is_using_item && query.get_equipped_item_name('main_hand') == 'disable_energy_beam'"
						},
						{
							"wv_trap": "query.is_using_item && query.get_equipped_item_name('main_hand') == 'wv_trap'"
						},
						{
							"wv_seeds": "query.is_using_item && query.get_equipped_item_name('main_hand') == 'wv_seeds'"
						},
						{
							"wv_vines_line": "query.is_using_item && query.get_equipped_item_name('main_hand') == 'wv_vines_line'"
						},
						{
							"wv_vines_circle": "query.is_using_item && query.get_equipped_item_name('main_hand') == 'wv_vines_circle'"
						},
						{
							"disable_wv_vines": "query.is_using_item && query.get_equipped_item_name('main_hand') == 'disable_wv_vines'"
						},
						{
							"disable_wv_projectiles": "query.is_using_item && query.get_equipped_item_name('main_hand') == 'disable_wv_projectiles'"
						},
						{
							"enable_sonic_howl": "query.is_using_item && query.get_equipped_item_name('main_hand') == 'enable_sonic_howl'"
						},
						{
							"disable_sonic_howl": "query.is_using_item && query.get_equipped_item_name('main_hand') == 'disable_sonic_howl'"
						},
						{
							"electric_beam": "query.is_using_item && query.get_equipped_item_name('main_hand') == 'electric_beam'"
						},
						{
							"lightning1": "query.is_using_item && query.get_equipped_item_name('main_hand') == 'lightning1'"
						},
						{
							"lightning2": "query.is_using_item && query.get_equipped_item_name('main_hand') == 'lightning2'"
						},
						{
							"disable_electric_power": "query.is_using_item && query.get_equipped_item_name('main_hand') == 'disable_electric_power'"
						},
						{
							"benvicktor_regenerate": "query.is_using_item && query.get_equipped_item_name('main_hand') == 'benvicktor_regenerate'"
						},
						{
							"ground_hit1": "query.is_using_item && query.get_equipped_item_name('main_hand') == 'ground_hit1'"
						},
						{
							"ground_hit2": "query.is_using_item && query.get_equipped_item_name('main_hand') == 'ground_hit2'"
						},
						
						{
							"shoot_flame": "query.is_using_item && query.get_equipped_item_name('main_hand') == 'shoot_flame'"
						},
						{
							"shoot_laser_beam": "query.is_using_item && query.get_equipped_item_name('main_hand') == 'shoot_laser_beam'"
						},
						{
							"shoot_plasma": "query.is_using_item && query.get_equipped_item_name('main_hand') == 'shoot_plasma'"
						},
						{
							"shoot_rocket": "query.is_using_item && query.get_equipped_item_name('main_hand') == 'shoot_rocket'"
						},
						
						{
							"not_using_item": "!query.is_using_item"
						}
					],
					"on_entry": [
					]
				},
				"untransform": {
					"transitions": [
						{
							"default": "!query.is_using_item"
						}
					],
					"on_entry": [
					    "/execute @s[scores={omni_timer=5..3900}] ~~~ function untransform"
					]
				},
				"enable_block_breaking": {
					"transitions": [
						{
							"default": "!query.is_using_item"
						}
					],
					"on_entry": [
						"/function enable_block_breaking"
					]
				},
				"disable_block_breaking": {
					"transitions": [
						{
							"default": "!query.is_using_item"
						}
					],
					"on_entry": [
						"/function disable_block_breaking"
					]
				},
				"enable_projectiles": {
					"transitions": [
						{
							"default": "!query.is_using_item"
						}
					],
					"on_entry": [
						"/function enable_projectiles"
					]
				},
				"disable_projectiles": {
					"transitions": [
						{
							"default": "!query.is_using_item"
						}
					],
					"on_entry": [
						"/function disable_projectiles"
					]
				},
				"dh_spikes_line": {
					"transitions": [
						{
							"default": "!query.is_using_item"
						}
					],
					"on_entry": [
						"/function dh_spikes_line"
					]
				},
				"dh_spikes_circle": {
					"transitions": [
						{
							"default": "!query.is_using_item"
						}
					],
					"on_entry": [
						"/function dh_spikes_circle"
					]
				},
				"disable_dh_spikes": {
					"transitions": [
						{
							"default": "!query.is_using_item"
						}
					],
					"on_entry": [
						"/function disable_dh_spikes"
					]
				},
				"enable_cloning": {
					"transitions": [
						{
							"default": "!query.is_using_item"
						}
					],
					"on_entry": [
						"/function enable_cloning"
					]
				},
				"disable_cloning": {
					"transitions": [
						{
							"default": "!query.is_using_item"
						}
					],
					"on_entry": [
						"/function disable_cloning"
					]
				},
				"clear_clones": {
					"transitions": [
						{
							"default": "!query.is_using_item"
						}
					],
					"on_entry": [
						"/function clear_clones"
					]
				},
				"energy_beam_smaller": {
					"transitions": [
						{
							"default": "!query.is_using_item"
						}
					],
					"on_entry": [
						"/function energy_beam_smaller"
					]
				},
				"energy_beam_bigger": {
					"transitions": [
						{
							"default": "!query.is_using_item"
						}
					],
					"on_entry": [
						"/function energy_beam_bigger"
					]
				},
				"disable_energy_beam": {
					"transitions": [
						{
							"default": "!query.is_using_item"
						}
					],
					"on_entry": [
						"/function disable_energy_beam"
					]
				},
				"wv_trap": {
					"transitions": [
						{
							"default": "!query.is_using_item"
						}
					],
					"on_entry": [
						"/function wv_trap"
					]
				},
				"wv_seeds": {
					"transitions": [
						{
							"default": "!query.is_using_item"
						}
					],
					"on_entry": [
						"/function wv_seeds"
					]
				},
				"wv_vines_line": {
					"transitions": [
						{
							"default": "!query.is_using_item"
						}
					],
					"on_entry": [
						"/function wv_vines_line"
					]
				},
				"wv_vines_circle": {
					"transitions": [
						{
							"default": "!query.is_using_item"
						}
					],
					"on_entry": [
						"/function wv_vines_circle"
					]
				},
				"disable_wv_vines": {
					"transitions": [
						{
							"default": "!query.is_using_item"
						}
					],
					"on_entry": [
						"/function disable_wv_vines"
					]
				},
				"disable_wv_projectiles": {
					"transitions": [
						{
							"default": "!query.is_using_item"
						}
					],
					"on_entry": [
						"/function disable_wv_projectiles"
					]
				},
				"enable_sonic_howl": {
					"transitions": [
						{
							"default": "!query.is_using_item"
						}
					],
					"on_entry": [
						"/function enable_sonic_howl"
					]
				},
				"disable_sonic_howl": {
					"transitions": [
						{
							"default": "!query.is_using_item"
						}
					],
					"on_entry": [
						"/function disable_sonic_howl"
					]
				},
				"electric_beam": {
					"transitions": [
						{
							"default": "!query.is_using_item"
						}
					],
					"on_entry": [
						"/function electric_beam"
					]
				},
				"lightning1": {
					"transitions": [
						{
							"default": "!query.is_using_item"
						}
					],
					"on_entry": [
						"/function lightning1"
					]
				},
				"lightning2": {
					"transitions": [
						{
							"default": "!query.is_using_item"
						}
					],
					"on_entry": [
						"/function lightning2"
					]
				},
				"disable_electric_power": {
					"transitions": [
						{
							"default": "!query.is_using_item"
						}
					],
					"on_entry": [
						"/function disable_electric_power"
					]
				},
				"benvicktor_regenerate": {
					"transitions": [
						{
							"default": "!query.is_using_item"
						}
					],
					"on_entry": [
						"/function benvicktor_regenerate"
					]
				},
				"ground_hit1": {
					"transitions": [
						{
							"default": "(1.0)"
						}
					],
					"on_entry": [
					    "/scoreboard objectives add ground_hit1 dummy",
						"/scoreboard players add @s ground_hit1 1",
						
						"/execute @s[scores={ground_hit1=4}] ~~~ function way_big_ground_hit1",
						"/execute @s[scores={ground_hit1=8}] ~~~ scoreboard players set @s ground_hit1 0"
					]
				},
				"ground_hit2": {
					"transitions": [
						{
							"default": "(1.0)"
						}
					],
					"on_entry": [
						"/scoreboard objectives add ground_hit2 dummy",
						"/scoreboard players add @s ground_hit2 1",
						
						"/execute @s[scores={ground_hit2=4}] ~~~ function way_big_ground_hit2",
						"/execute @s[scores={ground_hit2=8}] ~~~ scoreboard players set @s ground_hit2 0"
					]
				},
				
				"shoot_flame": {
					"transitions": [
						{
							"default": "(1.0)"
						}
					],
					"on_entry": [
						"@s shoot_flame",
						"/execute @s[scores={omni_timer=1..3870}] ~~~ scoreboard players add @s omni_timer 20"
					]
				},
				"shoot_laser_beam": {
					"transitions": [
						{
							"default": "(1.0)"
						}
					],
					"on_entry": [
						"@s shoot_laser_beam",
						"/execute @s[scores={omni_timer=1..3870}] ~~~ scoreboard players add @s omni_timer 20"
					]
				},
				"shoot_plasma": {
					"transitions": [
						{
							"default": "(1.0)"
						}
					],
					"on_entry": [
						"@s shoot_plasma",
						"/execute @s[scores={omni_timer=1..3870}] ~~~ scoreboard players add @s omni_timer 20"
					]
				},
				"shoot_rocket": {
					"transitions": [
						{
							"default": "(1.0)"
						}
					],
					"on_entry": [
						"@s shoot_rocket",
						"/execute @s[scores={omni_timer=1..3870}] ~~~ scoreboard players add @s omni_timer 20"
					]
				},
				
				
				"not_using_item": {
					"transitions": [
						{
							"default": "(1.0)"
						}
					],
					"on_entry": [
						"/scoreboard players set @s ground_hit1 0",
						"/scoreboard players set @s ground_hit2 0"
					]
				}
			}
		}
	}
}