{
    "format_version": "1.10.0",
    "animation_controllers": {
        "controller.animation.addon_started": {
            "states": {
                "default": {
                    "transitions": [{
                            "addon_started": "(1.0)"
                        }
                    ],
                    "on_entry": [
                    ]
                },
                "addon_started": {
                    "transitions": [{
                            "default": "(1.0)"
                        }
                    ],
                    "on_entry": [
                        "/execute @s[tag=!started] ~~~ scoreboard objectives add omni_recharger dummy",
						"/execute @s[tag=!started] ~~~ scoreboard players set @s omni_recharger 0",
						"/execute @s[tag=!started] ~~~ tag @s add started"
                    ]
                }
            }
        }
	}
}