{
    "format_version": "1.10.0",
    "animation_controllers": {
        "controller.animation.ben10.omni_target": {
            "states": {
                "default": {
                    "transitions": [
						{
                            "transform": "query.has_target && query.is_stackable && query.variant == 0 && query.is_saddled"
                        }
                    ],
                    "on_entry": [
                    ]
                },
                "transform": {
                    "transitions": [
						{
                            "default": "!query.has_target || !query.is_stackable || query.variant != 0 || !query.is_saddled"
                        }
                    ],
                    "on_entry": [
					    "@s minecraft:choosing_alien"
                    ]
                }
            }
        },
		
		"controller.animation.unmerge_rb": {
            "states": {
                "default": {
                    "transitions": [
						{
                            "unmerge_rb": "query.is_ignited && query.is_riding"
                        }
                    ],
                    "on_entry": [
                    ]
                },
                "unmerge_rb": {
                    "transitions": [
						{
                            "default": "!query.is_ignited || !query.is_riding"
                        }
                    ],
                    "on_entry": [
					    "/execute @e[type=vehicle:rb,tag=npc_merge_rb,r=3] ~~~ playsound mob.upgrade.unmerge @a[r=20]",
                        "/execute @e[type=vehicle:rb,tag=npc_merge_rb,r=3] ~~~ tag @e[type=vehicle:rb,tag=npc_merge_rb,r=3] remove npc_merge_rb"
                    ]
                }
            }
        },
		
		"controller.animation.ben10Transform": {
            "states": {
                "default": {
                    "transitions": [{
                            "sound": "!query.is_stunned"
                        }
                    ],
                    "on_entry": [
                  	  "/playsound mob.ben10.omni_trans @p ~ ~ ~",
					  "/tag @s remove remove_dittos"
                    ]
                },
                "sound": {
                    "transitions": [{
                            "default": "query.is_stunned"
                        }
                    ],
                    "on_entry": [
                        ""
                    ]
                }
            }
        },
        
        "controller.animation.omni_recharged": {
            "states": {
                "default": {
                    "transitions": [{
                            "sound": "!query.is_illager_captain"
                        }
                    ],
                    "on_entry": [
                  	  "/playsound mob.ben10.omni_recharged @p ~ ~ ~"
                    ]
                },
                "sound": {
                    "transitions": [{
                            "default": "query.is_illager_captain"
                        }
                    ],
                    "on_entry": [
                        ""
                    ]
                }
            }
        },
		
		"controller.animation.ben10_dead": {
            "states": {
                "default": {
                    "transitions": [{
                            "dead": "!query.is_alive && query.is_stackable"
                        }
                    ],
                    "on_entry": [
                    ]
                },
                "dead": {
                    "transitions": [{
                            "default": "query.is_alive"
                        }
                    ],
                    "on_entry": [
                        "@s ben10_dead"
                    ]
                }
            }
        }
    }
}