{
    "format_version": "1.10.0",
    "animation_controllers": {
        "controller.animation.dr_viktor.human.transform": {
            "states": {
                "default": {
                    "transitions": [{
                            "sound": "query.is_powered"
                        }
                    ],
                    "on_entry": [
                    ]
                },
                "sound": {
                    "transitions": [{
                            "default": "!query.is_powered"
                        }
                    ],
                    "on_entry": [
                        "/playsound mob.dr_viktor.human.transform @p ~ ~ ~"
                    ]
                }
            }
        }
    }
}