{
    "format_version": "1.10.0",
    "animation_controllers": {
        "controller.animation.evil_ghostfreak.telekinesis_power": {
            "states": {
                "default": {
                    "transitions": [{
                            "power": "query.is_baby"
                        }
                    ],
                    "on_entry": [
                  	  ""
                    ]
                },
                "power": {
                    "transitions": [{
                            "default": "!query.is_baby"
                        }
                    ],
                    "on_entry": [
					    "/effect @e[type=!enemy:evil_ghostfreak,c=5] levitation 3 3 true"
                    ]
                }
            }
        },
		
		"controller.animation.evil_ghostfreak.regenerate": {
            "states": {
                "default": {
                    "transitions": [{
                            "reg": "query.is_shaking"
                        }
                    ],
                    "on_entry": [
                  	  ""
                    ]
                },
                "reg": {
                    "transitions": [{
                            "default": "!query.is_shaking"
                        }
                    ],
                    "on_entry": [
					    "/effect @s regeneration 5 5 false"
                    ]
                }
            }
        },
		
		"controller.animation.evil_ghostfreak.sounds": {
            "states": {
                "default": {
                    "transitions": [
					    {
                            "tentacles": "query.is_stunned"
                        },
						{
                            "energy_beam": "query.mark_variant == 10"
                        },
						{
                            "telekinesis": "query.is_baby"
                        }
                    ],
                    "on_entry": [
                  	  ""
                    ]
                },
                "tentacles": {
                    "transitions": [
					    {
                            "default": "!query.is_stunned"
                        }
                    ],
                    "on_entry": [
					    "/playsound mob.evil_ghostfreak.tentacles @p ~~~"
                    ]
                },
				"energy_beam": {
                    "transitions": [
					    {
                            "default": "query.mark_variant != 10"
                        }
                    ],
                    "on_entry": [
					    "/playsound mob.evil_ghostfreak.energy_beam @p ~~~"
                    ]
                },
				"telekinesis": {
                    "transitions": [
					    {
                            "default": "!query.is_baby"
                        }
                    ],
                    "on_entry": [
					    "/playsound mob.evil_ghostfreak.telekinesis @p ~~~"
                    ]
                }
            }
        },
		
		"controller.animation.evil_ghostfreak.spawned": {
			"states": {
				"default": {
					"on_entry": [
						"/playsound mob.evil_ghostfreak.spawned @p ~~~"
					]
				}
			}
		}
    }
}