{
    "format_version": "1.10.0",
    "animation_controllers": {
		"controller.animation.heatbat.water_breathing": {
            "states": {
                "default": {
                    "transitions": [
						{
                            "water": "(1.0)"
                        }
                    ],
                    "on_entry": [
                  	  "/effect @s water_breathing 9000 255 true"
                    ]
                },
                "water": {
                    "transitions": [
					    {
                            "default": "(1.0)"
                        }
                    ],
                    "on_entry": [
						"/effect @s water_breathing 9000 255 true"
                    ]
                }
            }
        },
		
		"controller.animation.heatbat.in_water_or_rain": {
            "states": {
                "default": {
                    "transitions": [
						{
                            "detect": "query.is_in_water_or_rain"
                        }
                    ],
                    "on_entry": [
                  	  "@s enable_flying"
                    ]
                },
                "detect": {
                    "transitions": [
					    {
                            "default": "!query.is_in_water_or_rain"
                        }
                    ],
                    "on_entry": [
						"@s disable_flying"
                    ]
                }
            }
        },
		
		"controller.animation.heatbat.dead": {
            "states": {
                "default": {
                    "transitions": [
						{
                            "dead": "!query.is_alive"
                        }
                    ],
                    "on_entry": [
                    ]
                },
                "dead": {
                    "transitions": [
					    {
                            "default": "query.is_alive"
                        }
                    ],
                    "on_entry": [
						"@s dead"
                    ]
                }
            }
        },
		
		"controller.animation.heatbat.dead.spawned_sound": {
            "states": {
                "default": {
                    "on_entry": [
					    "/playsound mob.heatbat.hurt @a[r=30] ~~~"
                    ]
                }
            }
        }
    }
}