{
    "format_version": "1.10.0",
    "animation_controllers": {
        "controller.animation.absorbing": {
            "states": {
                "default": {
                    "transitions": [{
                            "sound": "!query.is_shaking"
                        }
                    ],
                    "on_entry": [
                  	  "/playsound mob.kevin_levin.absorbing @p ~ ~ ~"
                    ]
                },
                "sound": {
                    "transitions": [{
                            "default": "query.is_shaking"
                        }
                    ],
                    "on_entry": [
                        ""
                    ]
                }
            }
        },
        
          "controller.animation.death": {
            "states": {
                "default": {
                    "transitions": [{
                            "sound": "!query.is_stunned"
                        }
                    ],
                    "on_entry": [
                  	  "/playsound mob.kevin_levin.death @p ~ ~ ~"
                    ]
                },
                "sound": {
                    "transitions": [{
                            "default": "query.is_stunned"
                        }
                    ],
                    "on_entry": [
                        ""
                    ]
                }
            }
        }
    }
}