{
    "format_version": "1.10.0",
    "animation_controllers": {
		"controller.animation.kevin11_transformation": {
			"states": {
				"default": {
					"on_entry": [
						"/playsound mob.kevin11.spawned @p ~~~"
					]
				}
			}
		},
		
		"controller.animation.kevin11.sounds": {
            "states": {
                "default": {
                    "transitions": [
						{
                            "wings": "query.is_shaking"
                        }
                    ],
                    "on_entry": [
                    ]
                },
                "wings": {
                    "transitions": [
						{
                            "default": "(1.0)"
                        }
                    ],
                    "on_entry": [
                      "/scoreboard objectives add flying_sound dummy",
				      "/scoreboard players add @s flying_sound 1",
						
					  "/execute @s[scores={flying_sound=1}] ~~~ playsound mob.stinkfly.wings @a[r=20] ~~~",
					  "/execute @s[scores={flying_sound=3}] ~~~ scoreboard players set @s flying_sound 0"
                    ]
                }
            }
        }
	}
}