{
    "format_version": "1.10.0",
    "animation_controllers": {
        "controller.animation.lightning_strike": {
            "states": {
                "default": {
                    "transitions": [{
                            "strike": "(1.0)"
                        }
                    ],
                    "on_entry": [
                  	  ""
                    ]
                },
                "strike": {
                    "transitions": [{
                            "default": "(1.0)"
                        }
                    ],
                    "on_entry": [
					    "/execute @e[family=monster, c=1] ~ ~ ~ summon lightning_bolt ~ ~-1 ~"
                    ]
                }
            }
        },
		
		"controller.animation.lightning_strike2": {
            "states": {
                "default": {
                    "transitions": [{
                            "strike": "(1.0)"
                        }
                    ],
                    "on_entry": [
                  	  ""
                    ]
                },
                "strike": {
                    "transitions": [{
                            "default": "(1.0)"
                        }
                    ],
                    "on_entry": [
					    "/execute @e[type=!enemy:dr_viktor, type=!enemy:dr_viktor.human, type=!electro:lightning, type=!electro:lightning2, type=!omni:omnitrix, type=!item:corrodium, type=!random_item:falling_sphere, type=!random_item:falled_sphere, type=!random_item:useless_sphere, c=1] ~ ~ ~ summon lightning_bolt ~ ~ ~"
                    ]
                }
            }
        }
    }
}