{
    "format_version": "1.10.0",
    "animation_controllers": {
		"controller.animation.mutant_frog.bite": {
            "states": {
                "default": {
                    "transitions": [
					    {
                            "bite": "query.is_stackable && query.has_target && !query.is_sheared"
                        },
						{
                            "no_bite": "!(query.is_stackable && query.has_target && !query.is_sheared)"
                        }
                    ],
                    "on_entry": [
                  	  ""
                    ]
                },
				"bite": {
                    "transitions": [{
                            "default": "(1.0)"
                        }
                    ],
                    "on_entry": [
						"/execute @e[type=enemy:mutant_frog] ~~~ effect @e[family=!dr_animo,r=5] poison 5 1 false",
					
					    "/scoreboard objectives add bite_sound dummy",
				        "/scoreboard players add @s bite_sound 1",
						
						"/execute @s[scores={bite_sound=1}] ~~~ playsound mob.mutant_frog.bite @a[r=20] ~~~ 0.3",
						"/execute @s[scores={bite_sound=5}] ~~~ scoreboard players set @s bite_sound 0"
                    ]
                },
				"no_bite": {
                    "transitions": [{
                            "default": "(1.0)"
                        }
                    ],
                    "on_entry": [
					    "/scoreboard players set @s bite_sound 0"
                    ]
                }
            }
        },
		
        "controller.animation.mutant_frog.tongue": {
            "states": {
                "default": {
                    "transitions": [{
                            "tongue": "query.is_sheared"
                        }
                    ],
                    "on_entry": [
                    ]
                },
                "tongue": {
                    "transitions": [{
                            "default": "(1.0)"
                        }
                    ],
                    "on_entry": [
						"/gamerule sendcommandfeedback false",
					
					    "/execute @e[family=mutant_frog_food,type=!player,c=1] ~~~ tp @e[family=mutant_frog_food,type=!player,r=15,c=1] ^^^0.1 facing @e[type=enemy:mutant_frog,r=15,c=1]",
						"/execute @p[m=!c,c=1] ~~~ tp @p[m=!c,r=15,c=1] ^^^0.1 facing @e[type=enemy:mutant_frog,r=15,c=1]",
						"/execute @e[type=enemy:mutant_frog] ~~~ kill @e[family=mutant_frog_food,r=3,c=1]",
						"/execute @s ~~~ tp @s ~~-0.002~ facing @e[family=mutant_frog_food,r=15,c=1]"
                    ]
                }
            }
        },
		
		"controller.animation.mutant_frog.tongue_sound": {
            "states": {
                "default": {
                    "transitions": [
						{
                            "sound": "query.is_sheared"
                        }
                    ],
                    "on_entry": [
                  	  "/gamerule sendcommandfeedback true"
                    ]
                },
                "sound": {
                    "transitions": [{
                            "default": "!query.is_sheared"
                        }
                    ],
                    "on_entry": [
						"/playsound mob.mutant_frog.tongue @a[r=20]"
                    ]
                }
            }
        },
		
		"controller.animation.mutant_frog.tongue_close": {
            "states": {
                "default": {
                    "transitions": [
					    {
                            "tongue_close": "!query.is_sheared && !query.is_powered"
                        }
                    ],
                    "on_entry": [
                  	  ""
                    ]
                },
				"tongue_close": {
                    "transitions": [{
                            "default": "query.is_sheared"
                        }
                    ],
                    "on_entry": [
						"/effect @s clear",
						"@s slime"
                    ]
                }
            }
        },
		
		"controller.animation.mutant_frog.jump_high": {
            "states": {
                "default": {
                    "transitions": [
						{
                            "jumping_high": "query.is_powered"
                        }
                    ],
                    "on_entry": [
                  	  ""
                    ]
                },
				"jumping_high": {
                    "transitions": [{
                            "default": "!query.is_powered"
                        }
                    ],
                    "on_entry": [
						"/effect @s jump_boost 1 15 true"
                    ]
                }
            }
        },
		
		"controller.animation.mutant_frog.jumped_high": {
            "states": {
                "default": {
                    "transitions": [
						{
							"on_air": "query.is_on_ground && query.is_powered"
						},
						{
							"on_ground": "query.is_on_ground && !query.is_powered && query.is_ignited && !query.is_sheared"
						}
                    ],
                    "on_entry": [
                  	  ""
                    ]
                },
				"on_air": {
                    "transitions": [{
                            "default": "!query.is_on_ground"
                        }
                    ],
                    "on_entry": [
					    "/playsound mob.mutant_frog.jump @a[r=30]",
						"@s remove_jump_high"
                    ]
                },
				"on_ground": {
                    "transitions": [{
                            "default": "!query.is_on_ground"
                        }
                    ],
                    "on_entry": [
						"@s remove_on_air"
                    ]
                }
            }
        },
		
		"controller.animation.mutant_frog.sounds": {
            "states": {
                "default": {
                    "transitions": [
						{
                            "tongue": "query.is_sheared"
                        },
						{
							"jump": "!query.is_on_ground"
						}
                    ],
                    "on_entry": [
                  	  ""
                    ]
                },
                "tongue": {
                    "transitions": [{
                            "default": "!query.is_sheared"
                        }
                    ],
                    "on_entry": [
                    ]
                },
				"jump": {
                    "transitions": [{
                            "default": "query.is_on_ground"
                        }
                    ],
                    "on_entry": [
						"/playsound mob.mutant_frog.jump @a[r=30] ~~~ 0.2"
                    ]
                }
            }
        },
		
		"controller.animation.mutant_frog.fatal": {
            "states": {
                "default": {
                    "transitions": [
						{
                            "fatal": "!query.is_alive"
                        }
                    ],
                    "on_entry": [
                  	  ""
                    ]
                },
                "fatal": {
                    "transitions": [{
                            "default": "query.is_alive"
                        }
                    ],
                    "on_entry": [
						"@s dead"
                    ]
                }
            }
        },
		
		"controller.animation.mutant_frog.dead.spawned_sound": {
            "states": {
                "default": {
                    "on_entry": [
					    "/playsound mob.mutant_frog.death @a[r=30] ~~~"
                    ]
                }
            }
        }
    }
}