{
    "format_version": "1.10.0",
    "animation_controllers": {
		"controller.animation.mutant_hamster.sounds": {
            "states": {
                "default": {
                    "transitions": [
						{
                            "rage": "query.is_roaring"
                        }
                    ],
                    "on_entry": [
                  	  ""
                    ]
                },
                "rage": {
                    "transitions": [
					    {
                            "default": "!query.is_roaring"
                        }
                    ],
                    "on_entry": [
						"/playsound mob.mutant_hamster.rage @a[r=30]"
                    ]
                }
            }
        },
		
		"controller.animation.mutant_hamster.fatal": {
            "states": {
                "default": {
                    "transitions": [
						{
                            "fatal": "!query.is_alive"
                        }
                    ],
                    "on_entry": [
                  	  ""
                    ]
                },
                "fatal": {
                    "transitions": [{
                            "default": "query.is_alive"
                        }
                    ],
                    "on_entry": [
						"@s dead"
                    ]
                }
            }
        },
		
		"controller.animation.mutant_hamster.dead.spawned_sound": {
            "states": {
                "default": {
                    "on_entry": [
					    "/playsound mob.mutant_hamster.death @a[r=30] ~~~"
                    ]
                }
            }
        }
    }
}