{
    "format_version": "1.10.0",
    "animation_controllers": {
		"controller.animation.dh_bullet_shoot": {
			"states": {
				"default": {
					"on_entry": [
						"/playsound projectile.dh_bullet @p ~~~"
					]
				}
			}
		},
		
		"controller.animation.energy_blast_shoot": {
			"states": {
				"default": {
					"on_entry": [
						"/playsound projectile.energy_blast @p ~~~"
					]
				}
			}
		},
		
		"controller.animation.hb_bullet_shoot": {
			"states": {
				"default": {
					"on_entry": [
						"/playsound projectile.hb_bullet @p ~~~"
					]
				}
			}
		},
		
		"controller.animation.magic_bullet_shoot": {
			"states": {
				"default": {
					"on_entry": [
						"/playsound projectile.magic_bullet @p ~~~"
					]
				}
			}
		},
		
		"controller.animation.max_bullet_shoot": {
			"states": {
				"default": {
					"on_entry": [
						"/playsound projectile.max_bullet @p ~~~"
					]
				}
			}
		},
		
		"controller.animation.optic_laser_beam_shoot": {
			"states": {
				"default": {
					"on_entry": [
						"/playsound projectile.optic_laser_beam @p ~~~"
					]
				}
			}
		},
		
		"controller.animation.stink_bullet_shoot": {
			"states": {
				"default": {
					"on_entry": [
						"/playsound projectile.stink_bullet @p ~~~"
					]
				}
			}
		},
		
		"controller.animation.acid_spit.sound": {
			"states": {
				"default": {
					"on_entry": [
						"/playsound mob.upchuck.acid_spit @p ~~~"
					]
				}
			}
		},
		
		"controller.animation.laser_beam_shoot": {
			"states": {
				"default": {
					"on_entry": [
						"/playsound projectile.laser_beam @p ~~~"
					]
				}
			}
		},
		
		"controller.animation.rocket_shoot": {
			"states": {
				"default": {
					"on_entry": [
						"/playsound projectile.rocket @p ~~~"
					]
				}
			}
		},
		
		"controller.animation.wv_block_shoot": {
			"states": {
				"default": {
					"on_entry": [
						"/playsound mob.wildvine.wv_block @p ~~~"
					]
				}
			}
		},
		
		"controller.animation.wv_seeds_shoot": {
			"states": {
				"default": {
					"on_entry": [
						"/playsound mob.wildvine.wv_seeds @p ~~~"
					]
				}
			}
		},
		
		"controller.animation.wv_vines": {
			"states": {
				"default": {
					"on_entry": [
						"/playsound mob.wildvine.wv_vines @p ~~~"
					]
				}
			}
		},
		
		"controller.animation.wv_block": {
            "states": {
                "default": {
                    "transitions": [{
                            "hit": "(1.0)"
                        }
                    ],
                    "on_entry": [
                  	  ""
                    ]
                },
                "hit": {
                    "transitions": [{
                            "default": "(1.0)"
                        }
                    ],
                    "on_entry": [
               	      "/execute @e[tag=!wildvine_transformed, type=!wv:wv_block, type=!ben10:wildvine, type=!item, type=!lightning_bolt, type=!wv:wv_seed, type=!wv:tentacle_vines, r=5] ~ ~ ~ fill ~-1 ~ ~-1 ~1 ~1 ~1 leaves 0 replace air 0",
					  "/execute @e[tag=!wildvine_transformed, type=!wv:wv_block, type=!ben10:wildvine, type=!item, type=!lightning_bolt, type=!wv:wv_seed, type=!wv:tentacle_vines, r=5] ~ ~ ~ playsound mob.wildvine.wv_trapped @p ~~~"
                    ]
                }
            }
        },
		
		"controller.animation.hex_bull": {
			"states": {
				"default": {
					"on_entry": [
						"/playsound mob.hex.hex_bull @p ~~~"
					]
				}
			}
		}
	}
}