{
    "format_version": "1.10.0",
    "animation_controllers": {
        "controller.animation.rb_close": {
            "states": {
                "default": {
                    "transitions": [{
                            "sound": "!query.is_sheared"
                        }
                    ],
                    "on_entry": [
                  	  "/playsound mob.rb.close @p ~ ~ ~"
                    ]
                },
                "sound": {
                    "transitions": [{
                            "default": "query.is_sheared"
                        }
                    ],
                    "on_entry": [
                        ""
                    ]
                }
            }
        },
    
        "controller.animation.rb_open": {
            "states": {
                "default": {
                    "transitions": [{
                            "sound": "!query.is_stackable"
                        }
                    ],
                    "on_entry": [
                  	  "/playsound mob.rb.open @p ~ ~ ~"
                    ]
                },
                "sound": {
                    "transitions": [{
                            "default": "query.is_stackable"
                        }
                    ],
                    "on_entry": [
                        ""
                    ]
                }
            }
        },
		
		"controller.animation.rb.rb_variant": {
            "states": {
                "default": {
                    "transitions": [
						{
                            "rbVariant1": "query.variant == 1"
                        }
                    ],
                    "on_entry": [
                    ]
                },
                "rbVariant1": {
                    "transitions": [
						{
                            "default": "query.variant != 1"
                        }
                    ],
                    "on_entry": [
                        "@s rb_choose_attack_upgraded"
                    ]
                }
            }
        },
		
		"controller.animation.rb.rb_kill": {
            "states": {
                "default": {
                    "transitions": [
						{
                            "kill": "!query.is_alive"
                        }
                    ],
                    "on_entry": [
                    ]
                },
                "kill": {
                    "transitions": [
						{
                            "default": "query.is_alive"
                        }
                    ],
                    "on_entry": [
                        "@s exploding"
                    ]
                }
            }
        }
    }
}