{
	"format_version": "1.10.0",
	"animation_controllers": {
		"controller.animation.player.hazmat_suit": {
			"states": {
				"default": {
					"transitions": [
						{
							"crew_suit": "query.is_using_item && query.get_equipped_item_name('main_hand') == 'hazmat_suit' && query.mark_variant == 0"
						},
						{
							"error": "query.is_using_item && query.get_equipped_item_name('main_hand') == 'hazmat_suit' && query.mark_variant != 0"
						}
					],
					"on_entry": [
					//	"/function hazmat_suit"
					]
				},
				"crew_suit": {
					"transitions": [
						{
							"default": "(1.0)"
						}
					],
					"on_entry": [
						"/function hazmat_suit"
					]
				},
				"error": {
					"transitions": [
						{
							"default": "!query.is_using_item"
						}
					],
					"on_entry": [
						"/say ยงcI can't wear the hazmat suit while on alien form."
					]
				}
			}
		},
		
		"controller.animation.hazmat_suit": {
			"states": {
				"default": {
					"transitions": [
						{
							"suit": "query.is_baby"
						}
					],
					"on_entry": [
						"/replaceitem entity @s slot.armor.head 0 air 1 0"
					]
				},
				"suit": {
					"transitions": [
						{
							"default": "!query.is_baby"
						}
					],
					"on_entry": [
						"/replaceitem entity @s slot.armor.head 0 cor:hazmat_suit 1 0",
						"/playsound item.hazmat_suit.worn @p ~~~"
					]
				}
			}
		}
	}
}