{
    "format_version": "1.10.0",
    "animation_controllers": {
        "controller.animation.merging": {
            "states": {
                "default": {
                    "transitions": [{
                            "merge": "!query.is_sheared"
                        }
                    ],
                    "on_entry": [
                  	  ""
                    ]
                },
                "merge": {
                    "transitions": [{
                            "default": "query.is_sheared"
                        }
                    ],
                    "on_entry": [
               	      "/tp @e[type=ben10:upgrade, c=1] ~~~",
               	      "/effect @e[type=vehicle:rb, c=1] nausea 99999 255 true"
                    ]
                }
            }
        }
    }
}