{
    "format_version": "1.10.0",
    "animation_controllers": {
		"controller.animation.werewolf.spawned": {
			"states": {
				"default": {
					"on_entry": [
						"/playsound mob.werewolf.spawned @p ~~~"
					]
				}
			}
		},
		
        "controller.animation.wolf.stalk": {
            "states": {
                "default": {
                    "transitions": [{
                            "stalk": "query.is_stalking"
                        }
                    ],
                    "on_entry": [
					  "@s remove_block_breaker"
                    ]
                },
                "stalk": {
                    "transitions": [{
                            "default": "!query.is_stalking"
                        }
                    ],
                    "on_entry": [
               	      "/playsound mob.werewolf.stalk @p ~~~",
					  "@s block_breaker"
                    ]
                }
            }
        }
    }
}