{
	"format_version": "1.12.0",
	"minecraft:geometry": [
		{
			"description": {
				"identifier": "geometry.wv_seed",
				"texture_width": 32,
				"texture_height": 32,
				"visible_bounds_width": 6,
				"visible_bounds_height": 9.5,
				"visible_bounds_offset": [0, 4.25, 0]
			},
			"bones": [
				{
					"name": "seed",
					"pivot": [0, 2, 0.25],
					"rotation": [90, -90, 0],
					"cubes": [
						{"origin": [-2, -1.5, -1.75], "size": [4, 7, 4], "uv": [0, 0]},
						{"origin": [-1.5, 5.5, -1.25], "size": [3, 1, 3], "uv": [0, 11]},
						{"origin": [-0.5, 6.5, -0.25], "size": [1, 1, 1], "uv": [0, 15]},
						{"origin": [-0.5, -3.5, -0.25], "size": [1, 1, 1], "uv": [0, 15]},
						{"origin": [-1.5, -2.5, -1.25], "size": [3, 1, 3], "uv": [0, 11]}
					]
				},
				{
					"name": "leaf1",
					"parent": "seed",
					"pivot": [0, 7, 0.25],
					"rotation": [-35, 0, 0],
					"cubes": [
						{"origin": [-1, 6.5, -0.25], "size": [2, 1, 4], "uv": [0, 17]},
						{"origin": [-0.5, 6.5, 3.75], "size": [1, 1, 1], "uv": [0, 17]}
					]
				},
				{
					"name": "leaf2",
					"parent": "seed",
					"pivot": [0, 7, 0.25],
					"rotation": [-35, 90, 0],
					"cubes": [
						{"origin": [-1, 6.5, -0.25], "size": [2, 1, 4], "uv": [0, 17]},
						{"origin": [-0.5, 6.5, 3.75], "size": [1, 1, 1], "uv": [0, 17]}
					]
				},
				{
					"name": "leaf3",
					"parent": "seed",
					"pivot": [0, 7, 0.25],
					"rotation": [-35, 180, 0],
					"cubes": [
						{"origin": [-1, 6.5, -0.25], "size": [2, 1, 4], "uv": [0, 17]},
						{"origin": [-0.5, 6.5, 3.75], "size": [1, 1, 1], "uv": [0, 17]}
					]
				},
				{
					"name": "leaf4",
					"parent": "seed",
					"pivot": [0, 7, 0.25],
					"rotation": [-35, -90, 0],
					"cubes": [
						{"origin": [-1, 6.5, -0.25], "size": [2, 1, 4], "uv": [0, 17]},
						{"origin": [-0.5, 6.5, 3.75], "size": [1, 1, 1], "uv": [0, 17]}
					]
				}
			]
		}
	]
}