{
	"format_version": "1.12.0",
	"minecraft:geometry": [
		{
			"description": {
				"identifier": "geometry.hb_bullet",
				"texture_width": 128,
				"texture_height": 128,
				"visible_bounds_width": 2,
				"visible_bounds_height": 1,
				"visible_bounds_offset": [0, 0.5, 0]
			},
			"bones" : [
				{
					"name" : "cube",
					"texture_meshes" : [
						{
							"local_pivot" : [ 0.0, 0.0, 0.0 ],
							"position" : [ 0.0, 1.0, 0.0 ],
							"rotation" : [ 0.0, 0.0, 0.0 ],
							"scale" : [ 1.0, 1.0, 1.0 ],
							"texture" : "hb_bullet"
						}
					]
				}
			]
	    }
    ]
}