{
  "format_version": "1.10.0",
  "minecraft:client_entity": {
    "description": {
      "identifier": "minecraft:player",
      "materials": {
        "default": "entity_alphatest",
        "cape": "entity_alphatest",
        "animated": "player_animated",
        "glow": "enderman",
        "transparent": "slime_outer"
      },
      "textures": {
        "default": "textures/entity/steve",
        "cape": "textures/entity/cape_invisible",
        "omnitrix": "textures/omnitrix/omnitrix_default",
        "heatblast_icon": "textures/omnitrix/alien_icons/heatblast_icon",
        "heatblast": "textures/entity/omni_aliens/heatblast",
        "wildmutt_icon": "textures/omnitrix/alien_icons/wildmutt_icon",
        "wildmutt": "textures/entity/omni_aliens/wildmutt",
        "wm_vision": "textures/entity/omni_aliens/wm_vision",
        "diamondhead_icon": "textures/omnitrix/alien_icons/diamondhead_icon",
        "diamondhead": "textures/entity/omni_aliens/diamondhead"
      },
      "geometry": {
        "default": "geometry.humanoid.custom",
        "cape": "geometry.cape",
        "omnitrix_item": "geometry.omnitrix_item",
        "omnitrix": "geometry.omnitrix",
        "omni_player_leftarm": "geometry.omni_player_leftarm",
        "omni_player_rightarm": "geometry.omni_player_rightarm",
        "omni_plate2": "geometry.omni_plate2",
        "omni_icon": "geometry.omni_icon",
        "heatblast_fp": "geometry.heatblast_fp",
        "heatblast": "geometry.heatblast",
        "wildmutt_fp": "geometry.wildmutt_fp",
        "wildmutt": "geometry.wildmutt",
        "diamondhead_fp": "geometry.diamondhead_fp",
        "diamondhead": "geometry.diamondhead"
      },
      "scripts": {
        "scale": "0.9375",
        "initialize": [
          "variable.is_holding_right = 0.0;",
          "variable.is_blinking = 0.0;",
          "variable.last_blink_time = 0.0;",
          "variable.hand_bob = 0.0;"
        ],
        "pre_animation": [
          "variable.helmet_layer_visible = 1.0;",
          "variable.leg_layer_visible = 1.0;",
          "variable.boot_layer_visible = 1.0;",
          "variable.chest_layer_visible = 1.0;",
          "variable.attack_body_rot_y = Math.sin(360*Math.sqrt(variable.attack_time)) * 5.0;",
          "variable.tcos0 = (math.cos(query.modified_distance_moved * 38.17) * query.modified_move_speed / variable.gliding_speed_value) * 57.3;",
          "variable.first_person_rotation_factor = math.sin((1 - variable.attack_time) * 180.0);",
          "variable.hand_bob = query.life_time < 0.01 ? 0.0 : variable.hand_bob + ((query.is_on_ground && query.is_alive ? math.clamp(math.sqrt(math.pow(query.position_delta(0), 2.0) + math.pow(query.position_delta(2), 2.0)), 0.0, 0.1) : 0.0) - variable.hand_bob) * 0.02;",

          "variable.map_angle = math.clamp(1 - variable.player_x_rotation / 45.1, 0.0, 1.0);",
          "variable.item_use_normalized = query.main_hand_item_use_duration / query.main_hand_item_max_duration;",
          "variable.map_angle = math.clamp(1 - variable.player_x_rotation / 45.1, 0.0, 1.0);",

          "variable.holding_nothing = query.get_equipped_item_name('main_hand') =='';",
 
          "variable.holding_3d_item = query.get_equipped_item_name('main_hand') =='omnitrix';",
 
          "variable.holding_power = query.get_equipped_item_name('main_hand') =='fire_ball' || query.get_equipped_item_name('main_hand') =='dh_crystal';",

          "variable.omnitrix = query.skin_id == 1 || query.skin_id == 5;",

          "variable.holding_omni_icon = query.get_equipped_item_name('main_hand') =='omni_icon';",

          "variable.selecting_omni_alien = query.skin_id == 3 || query.skin_id == 4 || query.skin_id == 7;"
        ],
        "animate": [
            "root",
            {
            "sneak2": "query.variant == 0 && query.is_sneaking && !query.skin_id == 5"
            },
            {
            "swim2": "query.variant == 0 && query.is_swimming"
            },
            {
            "3d_item_fp": "variable.is_first_person && variable.holding_3d_item"
            },
            {
            "3d_item_tp": "!variable.is_first_person && variable.holding_3d_item"
            },
            {
            "omnitrix_item": "query.get_equipped_item_name('main_hand') == 'omnitrix'"
            },
            {
            "omnitrix_fp": "variable.is_first_person && variable.omnitrix || variable.selecting_omni_alien"
            },
            {
            "omnitrix_tp": "!variable.is_first_person && variable.omnitrix || variable.selecting_omni_alien"
            },
            {
            "omnitrix_inuse_fp": "variable.holding_omni_icon"
            },
            {
            "omnitrix_inuse_tp": "variable.holding_omni_icon && !variable.is_first_person"
            },
            {
            "omnitrix_clicked": "variable.holding_omni_icon && variable.attack_time > 0"
            },
            {
            "omnitrix_tapped": "query.skin_id == 5"
            },
            {
            "omnitrix_started": "variable.holding_omni_icon && variable.selecting_omni_alien"
            },
            {
            "omni_plate2_fp": "variable.holding_omni_icon && variable.selecting_omni_alien && variable.is_first_person"
            },
            {
            "omni_plate2_tp": "variable.holding_omni_icon && variable.selecting_omni_alien && !variable.is_first_person"
            },
            {
            "heatblast_idle_fp": "query.variant == 1"
            },
            {
            "heatblast_idle": "query.variant == 1 && !query.is_moving"
            },
            {
            "heatblast_moving": "query.variant == 1 && query.is_moving"
            },
            {
            "heatblast_sprinting": "query.variant == 1 && query.is_sprinting"
            },
            {
            "heatblast_flying": "query.variant == 1 && !query.is_on_ground"
            },
            {
            "heatblast_shooting": "query.variant == 1 && query.get_equipped_item_name('main_hand') == 'fire_ball' && query.is_using_item || variable.attack_time > 0.6"
            },
            {
            "heatblast_attacking_fp": "query.variant == 1 && variable.attack_time > 0 && variable.is_first_person"
            },
            {
            "heatblast_attacking": "query.variant == 1 && variable.attack_time > 0"
            },
            {
            "wildmutt_idle": "query.variant == 2 && !query.is_moving"
            },
            {
            "wildmutt_moving": "query.variant == 2 && query.is_moving"
            },
            {
            "wildmutt_sprinting": "query.variant == 2 && query.is_sprinting"
            },
            {
            "wildmutt_attacking_fp": "query.variant == 2 && variable.attack_time > 0 && variable.is_first_person"
            },
            {
            "wildmutt_attacking": "query.variant == 2 && variable.attack_time > 0"
            },
            {
            "diamondhead_idle_fp": "query.variant == 3 && !query.is_moving && variable.is_first_person"
            },
            {
            "diamondhead_idle": "query.variant == 3 && !query.is_moving && !variable.is_first_person"
            },
            {
            "diamondhead_moving": "query.variant == 3 && query.is_moving && !variable.is_first_person"
            },
            {
            "diamondhead_sprinting": "query.variant == 3 && query.is_sprinting && !variable.is_first_person"
            },
            {
            "diamondhead_shooting": "query.variant == 3 && query.get_equipped_item_name('main_hand') == 'dh_crystal' && query.is_using_item || variable.attack_time > 0.6"
            },
            {
            "diamondhead_attacking_fp": "query.variant == 3 && variable.attack_time > 0 && variable.is_first_person"
            },
            {
            "diamondhead_attacking": "query.variant == 3 && variable.attack_time > 0 && !variable.is_first_person"
            }
         ]
      },
      "animations": {
        "sneak2": "animation.player.sneaking",
        "swim2": "animation.player.swim",
        "3d_item_fp": "animation.player.3d_item_fp",
        "3d_item_tp": "animation.player.3d_item_tp",
        "omnitrix_item": "animation.player.omnitrix_item",
        "omnitrix": "animation.player.omnitrix",
        "omnitrix_fp": "animation.player.omnitrix_fp",
        "omnitrix_tp": "animation.player.omnitrix_tp",
        "omnitrix_inuse_fp": "animation.player.omnitrix_inuse_fp",
        "omnitrix_inuse_tp": "animation.player.omnitrix_inuse_tp",
        "omnitrix_clicked": "animation.player.omnitrix_clicked",
        "omnitrix_tapped": "animation.player.omnitrix_tapped",
        "omnitrix_started": "animation.player.omnitrix_started",
        "omni_plate2_fp": "animation.player.omni_plate2_fp",
        "omni_plate2_tp": "animation.player.omni_plate2_tp",
        "heatblast_idle_fp": "animation.player.heatblast_idle_fp",
        "heatblast_idle": "animation.heatblast_idle",
        "heatblast_moving": "animation.heatblast_moving",
        "heatblast_sprinting": "animation.heatblast_sprinting",
        "heatblast_flying": "animation.heatblast_flying",
        "heatblast_shooting": "animation.heatblast_shooting",
        "heatblast_attacking_fp": "animation.heatblast_attacking_fp",
        "heatblast_attacking": "animation.heatblast_attacking",
        "wildmutt_idle": "animation.wildmutt_idle",
        "wildmutt_moving": "animation.wildmutt_moving",
        "wildmutt_sprinting": "animation.wildmutt_sprinting",
        "wildmutt_attacking_fp": "animation.wildmutt_attacking_fp",
        "wildmutt_attacking": "animation.wildmutt_attacking",
        "diamondhead_idle_fp": "animation.diamondhead_idle_fp",
        "diamondhead_idle": "animation.diamondhead_idle",
        "diamondhead_moving": "animation.diamondhead_moving",
        "diamondhead_sprinting": "animation.diamondhead_sprinting",
        "diamondhead_shooting": "animation.diamondhead_shooting",
        "diamondhead_attacking_fp": "animation.diamondhead_attacking_fp",
        "diamondhead_attacking": "animation.diamondhead_attacking",
        "root": "controller.animation.player.root",
        "base_controller": "controller.animation.player.base",
        "hudplayer": "controller.animation.player.hudplayer",
        "humanoid_base_pose": "animation.humanoid.base_pose",
        "look_at_target": "controller.animation.humanoid.look_at_target",
        "look_at_target_ui": "animation.player.look_at_target.ui",
        "look_at_target_default": "animation.humanoid.look_at_target.default",
        "look_at_target_gliding": "animation.humanoid.look_at_target.gliding",
        "look_at_target_swimming": "animation.humanoid.look_at_target.swimming",
        "look_at_target_inverted": "animation.player.look_at_target.inverted",
        "cape": "animation.player.cape",
        "move.arms": "animation.player.move.arms",
        "move.legs": "animation.player.move.legs",
        "swimming": "animation.player.none",
        "swimming.legs": "animation.player.swim.legs",
        "riding.arms": "animation.player.riding.arms",
        "riding.legs": "animation.player.riding.legs",
        "holding": "animation.player.holding",
        "brandish_spear": "animation.humanoid.brandish_spear",
        "charging": "animation.humanoid.charging",
        "attack.positions": "animation.player.attack.positions",
        "attack.rotations": "animation.player.attack.rotations",
        "sneaking": "animation.player.none",
        "bob": "animation.player.bob",
        "damage_nearby_mobs": "animation.humanoid.damage_nearby_mobs",
        "bow_and_arrow": "animation.humanoid.bow_and_arrow",
        "use_item_progress": "animation.humanoid.use_item_progress",
        "skeleton_attack": "animation.skeleton.attack",
        "sleeping": "animation.player.sleeping",
        "first_person_base_pose": "animation.player.first_person.base_pose",
        "first_person_empty_hand": "animation.player.first_person.empty_hand",
        "first_person_swap_item": "animation.player.first_person.swap_item",
        "first_person_attack_controller": "controller.animation.player.first_person_attack",
        "first_person_attack_rotation": "animation.player.first_person.attack_rotation",
        "first_person_attack_rotation_item": "animation.player.first_person.attack_rotation_item",
        "first_person_vr_attack_rotation": "animation.player.first_person.vr_attack_rotation",
        "first_person_walk": "animation.player.first_person.walk",
        "first_person_map_controller": "controller.animation.player.first_person_map",
        "first_person_map_hold": "animation.player.first_person.map_hold",
        "first_person_map_hold_attack": "animation.player.first_person.map_hold_attack",
        "first_person_map_hold_off_hand": "animation.player.first_person.map_hold_off_hand",
        "first_person_map_hold_main_hand": "animation.player.first_person.map_hold_main_hand",
        "first_person_crossbow_equipped": "animation.player.first_person.crossbow_equipped",
        "first_person_crossbow_hold": "animation.player.first_person.crossbow_hold",
        "first_person_breathing_bob": "animation.player.first_person.breathing_bob",
        "third_person_crossbow_equipped": "animation.player.crossbow_equipped",
        "third_person_bow_equipped": "animation.player.bow_equipped",
        "crossbow_hold": "animation.player.crossbow_hold",
        "crossbow_controller": "controller.animation.player.crossbow",
        "shield_block_main_hand": "animation.player.shield_block_main_hand",
        "shield_block_off_hand": "animation.player.shield_block_off_hand",
        "blink": "controller.animation.persona.blink"
      },
      "render_controllers": [
        { "controller.render.player.first_person": "variable.is_first_person" },
        { "controller.render.player.third_person": "!variable.is_first_person && !variable.map_face_icon" },
        { "controller.render.player.map": "variable.map_face_icon" },
        { "controller.render.omnitrix_item": true },
        { "controller.render.omnitrix": true },
        { "controller.render.omni_player_leftarm": true },
        { "controller.render.omni_player_rightarm": true },
        { "controller.render.omni_plate2": true },
        { "controller.render.omni.heatblast_icon": true },
        { "controller.render.heatblast_fp": true },
        { "controller.render.heatblast": true },
        { "controller.render.omni.wildmutt_icon": true },
        { "controller.render.wildmutt_fp": true },
        { "controller.render.wm_vision": true },
        { "controller.render.wildmutt": true },
        { "controller.render.omni.diamondhead_icon": true },
        { "controller.render.diamondhead_fp": true },
        { "controller.render.diamondhead": true }
      ],
      "enable_attachables": true
    }
  }
}

//By L8SUN @YouTube