{
  "format_version": "1.8.0",
  "render_controllers": {
    "controller.render.heatblast_fp": {
      "geometry": "Geometry.heatblast_fp",
      "materials": [{ "*": "Material.glow" }],
      "textures": [ "Texture.heatblast" ],
      "part_visibility": [
        {
          "*": "query.variant == 1 && variable.is_first_person && variable.holding_nothing || variable.holding_power || query.get_equipped_item_name('main_hand') == 'omni_off'"
        }
      ]
    },
    "controller.render.heatblast": {
      "geometry": "Geometry.heatblast",
      "materials": [{ "*": "Material.glow" }],
      "textures": [ "Texture.heatblast" ],
      "part_visibility": [
        {
          "*": "query.variant == 1 && !variable.is_first_person"
        }
      ]
    },
    "controller.render.wildmutt_fp": {
      "geometry": "Geometry.wildmutt_fp",
      "materials": [{ "*": "Material.default" }],
      "textures": [ "Texture.wildmutt" ],
      "part_visibility": [
        { 
          "*": false
        },
        { 
          "arm1_fp": "query.variant == 2 && variable.is_first_person && variable.holding_nothing || variable.holding_power || query.get_equipped_item_name('main_hand') == 'omni_off'"
        },
        { 
          "arm2_fp": "query.variant == 2 && variable.is_first_person && variable.holding_nothing || variable.holding_power || query.get_equipped_item_name('main_hand') == 'omni_off'"
        }
      ]
    },
    "controller.render.wm_vision": {
      "geometry": "Geometry.wildmutt_fp",
      "materials": [{ "*": "Material.transparent" }],
      "textures": [ "Texture.wm_vision" ],
      "part_visibility": [
        { 
          "*": false
        },
        { 
          "vision": "query.variant == 2 && variable.is_first_person"
        }
      ]
    },
    "controller.render.wildmutt": {
      "geometry": "Geometry.wildmutt",
      "materials": [{ "*": "Material.default" }],
      "textures": [ "Texture.wildmutt" ],
      "part_visibility": [
        {
          "*": "query.variant == 2 && !variable.is_first_person"
        }
      ]
    },
    "controller.render.diamondhead_fp": {
      "geometry": "Geometry.diamondhead_fp",
      "materials": [{ "*": "Material.default" }],
      "textures": [ "Texture.diamondhead" ],
      "part_visibility": [
        {
          "*": "query.variant == 3 && variable.is_first_person && variable.holding_nothing || variable.holding_power || query.get_equipped_item_name('main_hand') == 'omni_off'"
        }
      ]
    },
    "controller.render.diamondhead": {
      "geometry": "Geometry.diamondhead",
      "materials": [{ "*": "Material.default" }],
      "textures": [ "Texture.diamondhead" ],
      "part_visibility": [
        {
          "*": "query.variant == 3 && !variable.is_first_person"
        }
      ]
    }
  }
}

//By L8SUN @YouTube