{
  "format_version": "1.12.0",
  "minecraft:entity": {
    "description": {
      "identifier": "tp:stretch_arms.benmummy",
      "is_spawnable": false,
      "is_summonable": false,
      "is_experimental": false,
	  "runtime_identifier": "minecraft:snowball"
    },
    "component_groups": {
	  "despawn": {
	    "minecraft:despawn": {}
	  }
    },

    "components": {
      "minecraft:collision_box": {
        "width": 0.25,
        "height": 0.25
      },
      "minecraft:projectile": {
        "on_hit": {
          "teleport_owner": {},
          "remove_on_hit": {},
		  "spawn_chance": {
            "firstSpawnChance": 1,
            "secondSpawnChance": 1,
            "firstSpawnCount": 1,
            "secondSpawnCount": 1,
            "spawnMob": "chicken",
            "spawnDefinition": "air:air"
          }
        },
        "power": 3,
        "gravity": 0.0,
        "angle_offset": 0.0,
        "inertia": 1,
        "liquid_inertia": 1
      },
	  "minecraft:timer": {
          "time": 0.13,
          "looping": false,
          "time_down_event": {
            "event": "despawn",
            "target": "self"
           }
         },
	    "minecraft:physics": {
      },
      "minecraft:pushable": {
        "is_pushable": true,
        "is_pushable_by_piston": true
      }
    },

    "events": {
	  "despawn": {
	    "add": {
		  "component_groups": [
		    "despawn"
		  ]
		}
	  }
    }
  }
}
