{
	"format_version": "1.8.0",
	"animations": {
		"animation.charmcaster.general": {
			"loop": true,
			"bones": {
				"head": {
					"rotation": ["query.target_x_rotation - this", "query.target_y_rotation - this", 0]
				},
				"rightArm": {
					"rotation": ["Math.sin(query.life_time * 180.0) * 3", "Math.sin(query.life_time * 180.0) * -7", 0]
				},
				"leftArm": {
					"rotation": ["Math.sin(query.life_time * 180.0) * -3", "Math.sin(query.life_time * 180.0) * 7", 0]
				},
				"body2": {
					"rotation": ["Math.sin(query.life_time * 180.0) * -3", 0, 0]
				}
			}
		},
		"animation.charmcaster.walking": {
			"loop": true,
			"anim_time_update": "query.modified_distance_moved",
			"bones": {
				"head": {
					"rotation": ["query.target_x_rotation - this", "query.target_y_rotation - this", 0]
				},
				"rightArm": {
					"rotation": ["20 + Math.cos(query.anim_time * 40 + 40) *-40.0", 0, 20]
				},
				"rightArm2": {
					"rotation": [-90, 0, 0]
				},
				"leftArm": {
					"rotation": ["20 + Math.cos(query.anim_time * 40 + 40) *40.0", 0, -20]
				},
				"leftArm2": {
					"rotation": [-90, 0, 0]
				},
				"rightLeg": {
					"rotation": ["-10 + Math.cos(query.anim_time * 40 + 40) *80.0", 0, 0]
				},
				"rightLeg2": {
					"rotation": [90, 0, 0]
				},
				"leftLeg": {
					"rotation": ["-10 + Math.cos(query.anim_time * 40 + 40) *-80.0", 0, 0]
				},
				"leftLeg2": {
					"rotation": [90, 0, 0]
				}
			}
		},
		"animation.charmcaster.regenerating": {
			"loop": true,
			"bones": {
				"head": {
					"rotation": ["query.target_x_rotation - this", "query.target_y_rotation - this", 0]
				},
		        "rightArm": {
					"rotation": ["0 + Math.sin(query.life_time * 180.0) * 1 - this", "0 + Math.sin(query.life_time * 180.0) * -1 - this", 125]
				},
				"leftArm": {
					"rotation": ["0 + Math.sin(query.life_time * 180.0) * -1 - this", "0 + Math.sin(query.life_time * 180.0) * 1 - this", -125]
				},
				"magic_ball": {
					"position": [0, -2, 0],
					"scale": [1.4, 1.4, 1.4]
				},
				"magic_ball2": {
					"position": [0, -2, 0],
					"scale": [1.4, 1.4, 1.4]
				}
			}
		},
		"animation.charmcaster.shooting": {
			"loop": true,
			"bones": {
				"head": {
					"rotation": ["query.target_x_rotation - this", "query.target_y_rotation - this", 0]
				},
				"rightArm": {
					"rotation": ["-90 + query.target_x_rotation - this", "0 + query.target_y_rotation - this", 0]
				},
				"leftArm": {
					"rotation": ["-90 + query.target_x_rotation - this", "0 + query.target_y_rotation - this", 0]
				}
			}
		},
		"animation.charmcaster.melee": {
			"loop": true,
			"animation_length": 0.46,
			"bones": {
				"magic_ball": {
					"scale": [1, 1, 1]
				},
				"magic_ball2": {
					"scale": [1, 1, 1]
				},
				"body": {
					"rotation": {
						"0.0": [0, 0, 0],
						"0.1167": [0, 20, 0],
						"0.2": [0, 20, 0],
						"0.2333": [0, -30, 0]
					}
				},
				"rightArm": {
					"rotation": {
						"0.0": [0, 0, 0],
						"0.1167": [-100, 85, 0],
						"0.2": [-100, 85, 0],
						"0.2333": [-100, 20, 0]
					}
				},
				"rightArm2": {
					"rotation": {
						"0.0": [0, 0, 0],
						"0.4": [0, 0, -30]
					}
				}
			}
		},
		"animation.charmcaster.flying": {
			"loop": true,
			"bones": {
				"head": {
					"rotation": ["query.target_x_rotation - this", "query.target_y_rotation - this", 0]
				},
				"rightArm": {
					"rotation": ["0 + Math.sin(query.life_time * 180.0) * 3 - this", "0 + Math.sin(query.life_time * 180.0) * -7 - this", 25]
				},
				"leftArm": {
					"rotation": ["0 + Math.sin(query.life_time * 180.0) * -3 - this", "0 + Math.sin(query.life_time * 180.0) * 7 - this", -25]
				},
				"rightLeg": {
					"rotation": [-25, 0, 10]
				},
				"rightLeg2": {
					"rotation": [35, 0, 0]
				},
				"leftLeg": {
					"rotation": [-25, 0, -10]
				},
				"leftLeg2": {
					"rotation": [35, 0, 0]
				},
				"magic_ball": {
					"scale": [1.3, 0.5, 1.3]
				},
				"magic_ball2": {
					"scale": [1.3, 0.5, 1.3]
				}
			}
		},
		"animation.charmcaster.summoning": {
			"loop": true,
			"bones": {
				"body": {
					"rotation": [70, 0, 0]
				},
				"head": {
					"rotation": [0, 0, 0]
				},
				"rightArm": {
					"rotation": [-70, 0, 0]
				},
				"leftArm": {
					"rotation": [-70, 0, 0]
				},
				"rightLeg2": {
					"rotation": [90, 0, 0]
				},
				"leftLeg2": {
					"rotation": [90, 0, 0]
				},
				"magic_ball": {
					"position": [0, -2, 0],
					"scale": [1, 0.5, 1]
				},
				"magic_ball2": {
					"position": [0, -2, 0],
					"scale": [1, 0.5, 1]
				},
				"charmcaster": {
					"position": [0, -4, 0]
				}
			}
		},
		"animation.charmcaster.magic_ball_invisible": {
			"loop": true,
			"bones": {
				"magic_ball": {
					"scale": [0, 0, 0]
				},
				"magic_ball2": {
					"scale": [0, 0, 0]
				}
			}
		},
		"animation.charmcaster.magic_ball_visible": {
			"loop": true,
			"bones": {
				"magic_ball": {
					"scale": [1, 1, 1]
				},
				"magic_ball2": {
					"scale": [1, 1, 1]
				}
			}
		}
	}
}