{
	"format_version": "1.8.0",
	"animations": {
		"animation.dr_animo.general": {
			"loop": true,
			"bones": {
				"head": {
					"rotation": ["query.target_x_rotation - this", "query.target_y_rotation - this", 0]
				},
				"rightArm": {
					"rotation": ["query.variant>1?0:Math.sin(query.life_time * 180.0) * 3", "query.variant>1?0:Math.sin(query.life_time * 180.0) * -7", 0]
				},
				"leftArm": {
					"rotation": ["query.variant>1?0:Math.sin(query.life_time * 180.0) * -3", "query.variant>1?0:Math.sin(query.life_time * 180.0) * 7", 0]
				},
				"joint1": {
					"rotation": [0, 0, "Math.sin(query.life_time * 180.0) * 5"]
				},
				"joint2": {
					"rotation": [0, 0, "Math.sin(query.life_time * 180.0) * 8"]
				},
				"joint3": {
					"rotation": [0, 0, "Math.sin(query.life_time * 180.0) * 5"]
				},
				"joint4": {
					"rotation": [0, 0, "Math.sin(query.life_time * 180.0) * 8"]
				},
				"joint5": {
					"rotation": [0, 0, "Math.sin(query.life_time * 180.0) * 5"]
				},
				"joint6": {
					"rotation": [0, 0, "Math.sin(query.life_time * 180.0) * 8"]
				},
				"joint7": {
					"rotation": [0, 0, "Math.sin(query.life_time * 180.0) * -5"]
				},
				"joint8": {
					"rotation": [0, 0, "Math.sin(query.life_time * 180.0) * -8"]
				},
				"joint9": {
					"rotation": [0, 0, "Math.sin(query.life_time * 180.0) * -5"]
				},
				"joint10": {
					"rotation": [0, 0, "Math.sin(query.life_time * 180.0) * -8"]
				},
				"joint11": {
					"rotation": [0, 0, "Math.sin(query.life_time * 180.0) * -5"]
				},
				"joint12": {
					"rotation": [0, 0, "Math.sin(query.life_time * 180.0) * -8"]
				},
				"joint13": {
					"rotation": [0, 0, "Math.sin(query.life_time * 180.0) * 5"]
				},
				"joint14": {
					"rotation": [0, 0, "Math.sin(query.life_time * 180.0) * 8"]
				},
				"joint15": {
					"rotation": [0, 0, "Math.sin(query.life_time * 180.0) * -5"]
				},
				"joint16": {
					"rotation": [0, 0, "Math.sin(query.life_time * 180.0) * -8"]
				},
				"laser": {
					"scale": "query.is_stackable||query.is_sheared?1:0"
				},
				"laser2": {
					"scale": "query.is_stackable||query.is_sheared?1:0"
				}
			}
		},
		"animation.dr_animo.no_device": {
			"loop": true,
			"bones": {
				"helmet": {
					"scale": 0
				},
				"device": {
					"scale": 0
				},
				"rectangle": {
					"scale": 0
				},
				"metal_arm": {
					"scale": 0
				},
				"metal_arm2": {
					"scale": 0
				}
			}
		},
		"animation.dr_animo.has_device": {
			"loop": true,
			"bones": {
				"helmet": {
					"scale": 1
				},
				"device": {
					"scale": 1
				},
				"rectangle": {
					"scale": 1
				},
				"rightArm": {
					"rotation": [0, 0, 10]
				},
				"leftArm": {
					"rotation": [0, 0, -10]
				},
				"metal_arm": {
					"scale": 1
				},
				"metal_arm2": {
					"scale": 1
				}
			}
		},
		"animation.dr_animo.walking": {
			"loop": true,
			"anim_time_update": "query.modified_distance_moved",
			"bones": {
				"head": {
					"rotation": ["query.target_x_rotation - this", "query.target_y_rotation - this", 0]
				},
				"rightArm": {
					"rotation": ["query.variant>1?0:Math.cos(query.anim_time * 40 + 40) *-40.0", 0, 0]
				},
				"leftArm": {
					"rotation": ["query.variant>1?0:Math.cos(query.anim_time * 40 + 40) *40.0", 0, 0]
				},
				"rightLeg": {
					"rotation": ["Math.cos(query.anim_time * 40 + 40) *30.0", 0, 0]
				},
				"leftLeg": {
					"rotation": ["Math.cos(query.anim_time * 40 + 40) *-30.0", 0, 0]
				}
			}
		},
		"animation.dr_animo.attacking": {
			"loop": true,
			"animation_length": 0.2833,
			"bones": {
				"body": {
					"rotation": {
						"0.0": [0, 0, 0],
						"0.1167": [0, 25, 0],
						"0.2": [0, -30, 0],
						"0.2833": [0, -30, 0]
					}
				},
				"rightArm": {
					"rotation": {
						"0.0": [0, 0, 0],
						"0.1167": [-90, 60, 0],
						"0.2": [-90, 60, 0],
						"0.2833": [-90, 60, 0]
					}
				},
				"rightArm2": {
					"rotation": {
						"0.0": [0, 0, 0],
						"0.2": [0, 0, -70]
					}
				},
				"joint1": {
					"rotation": {
						"0.0": [0, 0, 0],
						"0.1167": [0, 0, -57.5]
					}
				},
				"joint2": {
					"rotation": {
						"0.0": [0, 0, 0],
						"0.1167": [0, 0, -60]
					}
				},
				"joint3": {
					"rotation": {
						"0.0": [0, 0, 0],
						"0.1167": [0, 0, -57.5]
					}
				},
				"joint4": {
					"rotation": {
						"0.0": [0, 0, 0],
						"0.1167": [0, 0, -65]
					}
				},
				"joint5": {
					"rotation": {
						"0.0": [0, 0, 0],
						"0.1167": [0, 0, -57.5]
					}
				},
				"joint6": {
					"rotation": {
						"0.0": [0, 0, 0],
						"0.1167": [0, 0, -52.5]
					}
				},
				"joint7": {
					"rotation": {
						"0.0": [0, 0, 0],
						"0.1167": [0, 67.5, 50]
					}
				},
				"joint8": {
					"rotation": {
						"0.0": [0, 0, 0],
						"0.1167": [0, 0, 47.5]
					}
				}
			}
		},
		"animation.dr_animo.riding": {
			"loop": true,
			"bones": {
				"leftArm": {
					"rotation": [-50, 0, 0]
				},
				"rightArm": {
					"rotation": [-50, 0, 0]
				},
				"leftLeg": {
					"rotation": ["-72.0 - this", "-18.0 - this", "-this"]
				},
				"rightLeg": {
					"rotation": ["-72.0 - this", "18.0 - this", "-this"]
				}
			}
		},
		"animation.dr_animo.shooting1": {
			"loop": true,
			"animation_length": 1.42,
			"bones": {
				"rightArm": {
					"rotation": ["-90+query.target_x_rotation - this", "query.target_y_rotation - this", 0]
				},
				"joint1": {
					"rotation": [0, 0, 65]
				},
				"joint3": {
					"rotation": [0, 0, 65]
				},
				"joint5": {
					"rotation": [0, 0, 65]
				},
				"joint7": {
					"rotation": [0, 0, -65]
				},
				"laser": {
					"scale": {
						"0.0": [0, 0, 0],
						"1.0": [0, 0, 0],
						"1.04": [1, 100, 1]
					}
				},
				"laser2": {
					"scale": 0
				}
			}
		},
		"animation.dr_animo.shooting2": {
			"loop": true,
			"animation_length": 1.42,
			"bones": {
				"rightArm": {
					"rotation": ["-90+query.target_x_rotation - this", "query.target_y_rotation - this", 0]
				},
				"leftArm": {
					"rotation": ["-90+query.target_x_rotation - this", "query.target_y_rotation - this", 0]
				},
				"joint1": {
					"rotation": [0, 0, 65]
				},
				"joint3": {
					"rotation": [0, 0, 65]
				},
				"joint5": {
					"rotation": [0, 0, 65]
				},
				"joint7": {
					"rotation": [0, 0, -65]
				},
				"joint9": {
					"rotation": [0, 0, -65]
				},
				"joint11": {
					"rotation": [0, 0, -65]
				},
				"joint13": {
					"rotation": [0, 0, 65]
				},
				"joint15": {
					"rotation": [0, 0, -65]
				},
				"laser": {
					"scale": {
						"0.0": [0, 0, 0],
						"1.0": [0, 0, 0],
						"1.04": [1, 100, 1]
					}
				},
				"laser2": {
					"scale": {
						"0.0": [0, 0, 0],
						"1.0": [0, 0, 0],
						"1.04": [1, 100, 1]
					}
				}
			}
		}
	}
}