{
	"format_version": "1.8.0",
	"animations": {
		"animation.evil_ghostfreak.intro": {
			"loop": "hold_on_last_frame",
			"animation_length": 4.869,
			"bones": {
				"evil_ghostfreak": {
					"rotation": {
						"0.0": [0, 360, 0],
						"1.92": [0, 0, 0]
					},
					"position": {
						"0.0": [0, -140, 0],
						"1.92": [0, 0, 0]
					}
				},
				"upper_body": {
					"rotation": {
						"0.0": [45, 0, 0],
						"1.92": [45, 0, 0],
						"2.12": [-17.5, 0, 0],
						"4.76": [-17.5, 0, 0],
						"4.84": ["Math.sin(query.life_time * 180.0) * 3", 0, 0]
					}
				},
				"head": {
					"rotation": {
						"4.76": [0, 0, 0],
						"4.84": ["query.target_x_rotation - this", "query.target_y_rotation - this", 0]
					}
				},
				"eye": {
					"rotation": [0, 0, 75],
					"position": [1.5, 0, -0.25],
					"scale": 0.5
				},
				"mouth": {
					"scale": 0.5
				},
				"mouth_p1": {
					"rotation": {
						"1.92": [0, 0, 0],
						"2.12": [20, 0, 0],
						"4.76": [20, 0, 0],
						"4.88": ["Math.sin(query.life_time * 180.0) * 7", 0, 0]
					}
				},
				"mouth_p2": {
					"rotation": {
						"1.92": [0, 0, 0],
						"2.12": [-37.5, 0, 0],
						"4.76": [-20, 0, 0],
						"4.88": ["Math.sin(query.life_time * 180.0) * -7", 0, 0]
					}
				},
				"rightArm": {
					"rotation": {
						"0.0": [-100, -22.5, 72.5],
						"1.92": [-100, -22.5, 72.5],
						"2.12": [22.5, -22.5, 72.5],
						"4.72": [22.5, -22.5, 72.5],
						"4.84": ["Math.sin(query.life_time * 180.0) * 3", "Math.sin(query.life_time * 180.0) * 3", 0]
					}
				},
				"rightArm2": {
					"rotation": {
						"1.92": [-35, 0, 0],
						"2.12": [25, 0, 0],
						"4.84": [0, 0, 0]
					}
				},
				"claw1": {
					"scale": [1, 1.8, 1]
				},
				"claw3": {
					"scale": [1, 2.4, 1]
				},
				"claw5": {
					"scale": [1, 2.8, 1]
				},
				"claw7": {
					"scale": [1, 1.8, 1]
				},
				"leftArm": {
					"rotation": {
						"0.0": [-92.5, 7.5, -70],
						"1.92": [-92.5, 7.5, -70],
						"2.12": [27.5, 7.5, -75],
						"4.72": [27.5, 7.5, -75],
						"4.84": ["Math.sin(query.life_time * 180.0) * -3", "Math.sin(query.life_time * 180.0) * -3", 0]
					}
				},
				"leftArm2": {
					"rotation": {
						"1.92": [-50, 0, 0],
						"2.12": [20, 0, 0],
						"4.84": [0, 0, 0]
					}
				},
				"claw9": {
					"scale": [1, 2.8, 1]
				},
				"claw11": {
					"scale": [1, 2.4, 1]
				},
				"claw13": {
					"scale": [1, 1.8, 1]
				},
				"claw15": {
					"scale": [1, 1.8, 1]
				},
				"tentacles": {
					"scale": {
						"1.92": [0, 0, 0],
						"2.12": [1, 1, 1],
						"4.72": [1.2, 1.2, 1.2]
					}
				},
				"t1": {
					"rotation": ["Math.sin(query.life_time * 180.0) * 7", 0, 0]
				},
				"t2": {
					"rotation": ["Math.sin(query.life_time * 180.0) * 7", 0, 0]
				},
				"t3": {
					"rotation": ["Math.sin(query.life_time * 180.0) * 7", 0, 0]
				},
				"t4": {
					"rotation": ["Math.sin(query.life_time * 180.0) * 7", 0, 0]
				},
				"t5": {
					"rotation": ["Math.sin(query.life_time * 180.0) * 7", 0, 0]
				},
				"t6": {
					"rotation": ["Math.sin(query.life_time * 180.0) * -7", 0, 0]
				},
				"t7": {
					"rotation": ["Math.sin(query.life_time * 180.0) * -7", 0, 0]
				},
				"t8": {
					"rotation": ["Math.sin(query.life_time * 180.0) * -7", 0, 0]
				},
				"t9": {
					"rotation": ["Math.sin(query.life_time * 180.0) * -7", 0, 0]
				},
				"t10": {
					"rotation": ["Math.sin(query.life_time * 180.0) * -7", 0, 0]
				},
				"t11": {
					"rotation": ["Math.sin(query.life_time * 180.0) * 7", 0, 0]
				},
				"t12": {
					"rotation": ["Math.sin(query.life_time * 180.0) * 7", 0, 0]
				},
				"t13": {
					"rotation": ["Math.sin(query.life_time * 180.0) * 7", 0, 0]
				},
				"t14": {
					"rotation": ["Math.sin(query.life_time * 180.0) * 7", 0, 0]
				},
				"t15": {
					"rotation": ["Math.sin(query.life_time * 180.0) * 7", 0, 0]
				},
				"t16": {
					"rotation": ["Math.sin(query.life_time * 180.0) * -7", 0, 0]
				},
				"t17": {
					"rotation": ["Math.sin(query.life_time * 180.0) * -7", 0, 0]
				},
				"t18": {
					"rotation": ["Math.sin(query.life_time * 180.0) * -7", 0, 0]
				},
				"t19": {
					"rotation": ["Math.sin(query.life_time * 180.0) * -7", 0, 0]
				},
				"t21": {
					"rotation": ["Math.sin(query.life_time * 180.0) * 7", 0, 0]
				},
				"t22": {
					"rotation": ["Math.sin(query.life_time * 180.0) * 7", 0, 0]
				},
				"t23": {
					"rotation": ["Math.sin(query.life_time * 180.0) * 7", 0, 0]
				},
				"t24": {
					"rotation": ["Math.sin(query.life_time * 180.0) * 7", 0, 0]
				},
				"t25": {
					"rotation": ["Math.sin(query.life_time * 180.0) * 7", 0, 0]
				},
				"tail1": {
					"rotation": {
						"4.76": [0, 0, 0],
						"4.84": ["Math.sin(query.life_time * 180.0) * -3", 0, 0]
					}
				},
				"tail2": {
					"rotation": {
						"4.76": [0, 0, 0],
						"4.84": ["Math.sin(query.life_time * 180.0) * -3", 0, 0]
					}
				},
				"tail3": {
					"rotation": {
						"4.76": [0, 0, 0],
						"4.84": ["Math.sin(query.life_time * 180.0) * -3", 0, 0]
					}
				},
				"tail4": {
					"rotation": {
						"4.76": [0, 0, 0],
						"4.84": ["Math.sin(query.life_time * 180.0) * -3", 0, 0]
					}
				},
				"tail5": {
					"rotation": {
						"4.76": ["Math.sin(query.life_time * 180.0) * -3", 0, 0],
						"4.84": [0, 0, 0]
					}
				},
				"tail6": {
					"rotation": {
						"4.76": [0, 0, 0],
						"4.84": ["Math.sin(query.life_time * 180.0) * -3", 0, 0]
					}
				},
				"tail7": {
					"rotation": {
						"4.76": [0, 0, 0],
						"4.84": ["Math.sin(query.life_time * 180.0) * -3", 0, 0]
					}
				}
			}
		},
		"animation.evil_ghostfreak.blinking": {
			"loop": true,
			"animation_length": 2.88,
			"bones": {
				"eye_p1": {
					"scale": {
						"0.0": [0, 0, 0],
						"0.16": [1, 1, 1],
						"0.32": [0, 0, 0]
					}
				},
				"eye_p2": {
					"scale": {
						"0.0": [0, 0, 0],
						"0.16": [1, 1, 1],
						"0.32": [0, 0, 0]
					}
				},
				"tentacles": {
					"scale": "query.is_illager_captain || query.is_stunned || query.mark_variant==10?1:0"
				},
				"energy_beam": {
					"scale": "query.mark_variant==10?1:0"
				}
			}
		},
		"animation.evil_ghostfreak.attacking": {
			"loop": true,
			"animation_length": 0.76,
			"bones": {
				"upper_body": {
					"rotation": {
						"0.0": [0, 0, 0],
						"0.28": [-30, 0, 0],
						"0.4": [45, 0, 0]
					}
				},
				"rightArm": {
					"rotation": {
						"0.0": [0, 0, 0],
						"0.28": [-152.5, 0, 0],
						"0.4": [-85, 0, 0]
					}
				},
				"leftArm": {
					"rotation": {
						"0.0": [0, 0, 0],
						"0.28": [-152.5, 0, 0],
						"0.4": [-85, 0, 0]
					}
				}
			}
		},
		"animation.evil_ghostfreak.tentacles": {
			"animation_length": 10,
			"bones": {
				"upper_body": {
					"rotation": {
						"0.0": [0, 0, 0],
						"0.36": [55, 0, 0],
						"0.68": [55, 0, 0],
						"0.88": [-22.5, 0, 0]
					}
				},
				"rightArm": {
					"rotation": {
						"0.0": [0, 0, 0],
						"0.36": [-110, 17.5, 75],
						"0.68": [-110, 17.5, 75],
						"0.88": [5, 65, 75]
					}
				},
				"leftArm": {
					"rotation": {
						"0.0": [0, 0, 0],
						"0.36": [-110, 0, -72.5],
						"0.68": [-110, 0, -72.5],
						"0.88": [-5, -65, -72.5]
					}
				},
				"tentacles": {
					"scale": {
						"0.0": [0, 0, 0],
						"0.68": [0, 0, 0],
						"0.88": [1.2, 1.2, 1.2]
					}
				},
				"t1": {
					"rotation": ["Math.sin(query.life_time * 180.0) * 7", 0, 0]
				},
				"t2": {
					"rotation": ["Math.sin(query.life_time * 180.0) * 7", 0, 0]
				},
				"t3": {
					"rotation": ["Math.sin(query.life_time * 180.0) * 7", 0, 0]
				},
				"t4": {
					"rotation": ["Math.sin(query.life_time * 180.0) * 7", 0, 0]
				},
				"t5": {
					"rotation": ["Math.sin(query.life_time * 180.0) * 7", 0, 0]
				},
				"t6": {
					"rotation": ["Math.sin(query.life_time * 180.0) * -7", 0, 0]
				},
				"t7": {
					"rotation": ["Math.sin(query.life_time * 180.0) * -7", 0, 0]
				},
				"t8": {
					"rotation": ["Math.sin(query.life_time * 180.0) * -7", 0, 0]
				},
				"t9": {
					"rotation": ["Math.sin(query.life_time * 180.0) * -7", 0, 0]
				},
				"t10": {
					"rotation": ["Math.sin(query.life_time * 180.0) * -7", 0, 0]
				},
				"t11": {
					"rotation": ["Math.sin(query.life_time * 180.0) * 7", 0, 0]
				},
				"t12": {
					"rotation": ["Math.sin(query.life_time * 180.0) * 7", 0, 0]
				},
				"t13": {
					"rotation": ["Math.sin(query.life_time * 180.0) * 7", 0, 0]
				},
				"t14": {
					"rotation": ["Math.sin(query.life_time * 180.0) * 7", 0, 0]
				},
				"t15": {
					"rotation": ["Math.sin(query.life_time * 180.0) * 7", 0, 0]
				},
				"t16": {
					"rotation": ["Math.sin(query.life_time * 180.0) * -7", 0, 0]
				},
				"t17": {
					"rotation": ["Math.sin(query.life_time * 180.0) * -7", 0, 0]
				},
				"t18": {
					"rotation": ["Math.sin(query.life_time * 180.0) * -7", 0, 0]
				},
				"t19": {
					"rotation": ["Math.sin(query.life_time * 180.0) * -7", 0, 0]
				},
				"t20": {
					"rotation": ["Math.sin(query.life_time * 180.0) * -7", 0, 0]
				},
				"t21": {
					"rotation": ["Math.sin(query.life_time * 180.0) * 7", 0, 0]
				},
				"t22": {
					"rotation": ["Math.sin(query.life_time * 180.0) * 7", 0, 0]
				},
				"t23": {
					"rotation": ["Math.sin(query.life_time * 180.0) * 7", 0, 0]
				},
				"t24": {
					"rotation": ["Math.sin(query.life_time * 180.0) * 7", 0, 0]
				},
				"t25": {
					"rotation": ["Math.sin(query.life_time * 180.0) * 7", 0, 0]
				}
			}
		},
		"animation.evil_ghostfreak.energy_beam": {
			"loop": true,
			"animation_length": 10000,
			"bones": {
				"upper_body": {
					"rotation": {
						"0.0": [0, 0, 0],
						"0.36": [55, 0, 0],
						"0.68": [55, 0, 0],
						"0.88": ["query.target_x_rotation - this", "query.target_y_rotation - this", 0]
					}
				},
				"rightArm": {
					"rotation": {
						"0.0": [0, 0, 0],
						"0.36": [-110, 17.5, 75],
						"0.68": [-110, 17.5, 75],
						"0.88": [5, 65, 75]
					}
				},
				"leftArm": {
					"rotation": {
						"0.0": [0, 0, 0],
						"0.36": [-110, 0, -72.5],
						"0.68": [-110, 0, -72.5],
						"0.88": [-5, -65, -72.5]
					}
				},
				"tentacles": {
					"scale": {
						"0.0": [0, 0, 0],
						"0.68": [0, 0, 0],
						"0.88": [1.2, 1.2, 1.2]
					}
				},
				"t1": {
					"rotation": ["Math.sin(query.life_time * 180.0) * 7", 0, 0]
				},
				"t2": {
					"rotation": ["Math.sin(query.life_time * 180.0) * 7", 0, 0]
				},
				"t3": {
					"rotation": ["Math.sin(query.life_time * 180.0) * 7", 0, 0]
				},
				"t4": {
					"rotation": ["Math.sin(query.life_time * 180.0) * 7", 0, 0]
				},
				"t5": {
					"rotation": ["Math.sin(query.life_time * 180.0) * 7", 0, 0]
				},
				"t6": {
					"rotation": ["Math.sin(query.life_time * 180.0) * -7", 0, 0]
				},
				"t7": {
					"rotation": ["Math.sin(query.life_time * 180.0) * -7", 0, 0]
				},
				"t8": {
					"rotation": ["Math.sin(query.life_time * 180.0) * -7", 0, 0]
				},
				"t9": {
					"rotation": ["Math.sin(query.life_time * 180.0) * -7", 0, 0]
				},
				"t10": {
					"rotation": ["Math.sin(query.life_time * 180.0) * -7", 0, 0]
				},
				"t11": {
					"rotation": ["Math.sin(query.life_time * 180.0) * 7", 0, 0]
				},
				"t12": {
					"rotation": ["Math.sin(query.life_time * 180.0) * 7", 0, 0]
				},
				"t13": {
					"rotation": ["Math.sin(query.life_time * 180.0) * 7", 0, 0]
				},
				"t14": {
					"rotation": ["Math.sin(query.life_time * 180.0) * 7", 0, 0]
				},
				"t15": {
					"rotation": ["Math.sin(query.life_time * 180.0) * 7", 0, 0]
				},
				"t16": {
					"rotation": ["Math.sin(query.life_time * 180.0) * -7", 0, 0]
				},
				"t17": {
					"rotation": ["Math.sin(query.life_time * 180.0) * -7", 0, 0]
				},
				"t18": {
					"rotation": ["Math.sin(query.life_time * 180.0) * -7", 0, 0]
				},
				"t19": {
					"rotation": ["Math.sin(query.life_time * 180.0) * -7", 0, 0]
				},
				"t20": {
					"rotation": ["Math.sin(query.life_time * 180.0) * -7", 0, 0]
				},
				"t21": {
					"rotation": ["Math.sin(query.life_time * 180.0) * 7", 0, 0]
				},
				"t22": {
					"rotation": ["Math.sin(query.life_time * 180.0) * 7", 0, 0]
				},
				"t23": {
					"rotation": ["Math.sin(query.life_time * 180.0) * 7", 0, 0]
				},
				"t24": {
					"rotation": ["Math.sin(query.life_time * 180.0) * 7", 0, 0]
				},
				"t25": {
					"rotation": ["Math.sin(query.life_time * 180.0) * 7", 0, 0]
				},
				"energy_beam": {
					"scale": {
						"0.0": [0, 0, 0],
						"0.8": [0, 0, 0],
						"0.88": [1, 1, 100]
					}
				}
			}
		},
		"animation.evil_ghostfreak.telekinesis": {
			"animation_length": 5,
			"bones": {
				"upper_body": {
					"rotation": {
						"0.0": [0, 0, 0],
						"0.4": [35, 0, 0],
						"0.88": [-15, 0, 0]
					}
				},
				"rightArm": {
					"rotation": {
						"0.0": [0, 0, 0],
						"0.4": [-42.5, 0, 0],
						"0.88": [-112.5, 92.5, 0]
					}
				},
				"leftArm": {
					"rotation": {
						"0.0": [0, 0, 0],
						"0.4": [-42.5, 0, 0],
						"0.88": [-112.5, -92.5, 0]
					}
				}
			}
		}
	}
}