{
	"format_version": "1.8.0",
	"animations": {
		"animation.kevin_levin.general": {
			"loop": true,
			"bones": {
				"head": {
					"rotation": ["query.target_x_rotation - this", "query.target_y_rotation - this", 0]
				},
				"rightArm": {
					"rotation": ["Math.sin(query.life_time * 180.0) * 3", "Math.sin(query.life_time * 180.0) * -7", 0]
				},
				"leftArm": {
					"rotation": ["Math.sin(query.life_time * 180.0) * -3", "Math.sin(query.life_time * 180.0) * 7", 0]
				}
			}
		},
		"animation.kevin_levin.walking": {
			"loop": true,
			"anim_time_update": "query.modified_distance_moved",
			"bones": {
				"head": {
					"rotation": ["query.target_x_rotation - this", "query.target_y_rotation - this", 0]
				},
				"rightArm": {
					"rotation": ["20 + Math.cos(query.anim_time * 40 + 40) *-40.0", 0, 20]
				},
				"rightArm2": {
					"rotation": [-90, 0, 0]
				},
				"leftArm": {
					"rotation": ["20 + Math.cos(query.anim_time * 40 + 40) *40.0", 0, -20]
				},
				"leftArm2": {
					"rotation": [-90, 0, 0]
				},
				"rightLeg": {
					"rotation": ["-10 + Math.cos(query.anim_time * 40 + 40) *80.0", 0, 0]
				},
				"rightLeg2": {
					"rotation": [90, 0, 0]
				},
				"leftLeg": {
					"rotation": ["-10 + Math.cos(query.anim_time * 40 + 40) *-80.0", 0, 0]
				},
				"leftLeg2": {
					"rotation": [90, 0, 0]
				}
			}
		},
		"animation.kevin_levin.shooting": {
			"loop": true,
			"bones": {
				"head": {
					"rotation": ["query.target_x_rotation - this", "query.target_y_rotation - this", 0]
				},
				"rightArm": {
					"rotation": ["-90 + query.target_x_rotation - this", "0 + query.target_y_rotation - this", 0]
				},
				"leftArm": {
					"rotation": ["-90 + query.target_x_rotation - this", "0 + query.target_y_rotation - this", 0]
				}
			}
		},
		"animation.kevin_levin.attacking": {
			"loop": true,
			"animation_length": 0.46,
			"bones": {
				"body": {
					"rotation": {
						"0.0": [0, 0, 0],
						"0.1167": [0, 20, 0],
						"0.2": [0, 20, 0],
						"0.2333": [0, -30, 0]
					}
				},
				"rightArm": {
					"rotation": {
						"0.0": [0, 0, 0],
						"0.1167": [-100, 85, 0],
						"0.2": [-100, 85, 0],
						"0.2333": [-100, 20, 0]
					}
				},
				"rightArm2": {
					"rotation": {
						"0.0": [0, 0, 0],
						"0.4": [0, 0, -30]
					}
				}
			}
		},
		"animation.kevin_levin.absorbing": {
			"loop": true,
			"bones": {
				"body": {
					"rotation": [85, 0, 0]
				},
				"head": {
					"rotation": [0, 0, 0]
				},
				"rightArm": {
					"rotation": [-85, 0, 0]
				},
				"leftArm": {
					"rotation": [-85, 0, 0]
				},
				"rightLeg2": {
					"rotation": [90, 0, 0]
				},
				"leftLeg2": {
					"rotation": [90, 0, 0]
				},
				"kevin_levin": {
					"position": [0, -4, 0]
				}
			}
		},
		"animation.kevin_levin.absorbingOmni": {
			"loop": true,
			"bones": {
				"body": {
					"rotation": [15, -30, 0]
				},
				"head": {
					"rotation": [0, 30, 0]
				},
				"rightArm": {
					"rotation": ["-55 + Math.sin(query.life_time * 180.0) * 1 - this", "0 + Math.sin(query.life_time * 180.0) * -7 - this", 0]
				},
				"leftArm": {
					"rotation": ["20 + Math.sin(query.life_time * 180.0) * -1 - this", "0 + Math.sin(query.life_time * 180.0) * 7 - this", 0]
				},
				"rightLeg": {
					"rotation": [-15, 0, 0]
				},
				"leftLeg": {
					"rotation": [15, 0, 0]
				}
			}
		},
		"animation.kevinlevin.death": {
			"animation_length": 5,
			"bones": {
				"kevin_levin": {
					"rotation": {
						"0.0": [0, 0, 0],
						"0.4333": [0, 0, 0],
						"1.0333": [0, 0, 0]
					},
					"position": {
						"0.0": [0, 0, 0],
						"0.4333": [0, -4, 0],
						"1.0333": [0, -4, 0]
					}
				},
				"body": {
					"rotation": {
						"0.0": [0, 0, 0],
						"0.4333": [0, 0, 0],
						"1.0333": [0, 0, 0],
						"1.5167": [80, 0, 0],
						"1.8333": [80, 0, 0]
					}
				},
				"rightArm": {
					"rotation": {
						"0.0": [0, 0, 0],
						"1.0333": [0, 0, 0],
						"1.5167": [-80, 0, 0]
					}
				},
				"leftArm": {
					"rotation": {
						"0.0": [0, 0, 0],
						"1.0333": [0, 0, 0],
						"1.5167": [-80, 0, 0]
					}
				},
				"rightLeg2": {
					"rotation": {
						"0.0": [0, 0, 0],
						"0.4333": [90, 0, 0],
						"1.0333": [90, 0, 0]
					}
				},
				"leftLeg2": {
					"rotation": {
						"0.0": [0, 0, 0],
						"0.4333": [90, 0, 0],
						"1.0333": [90, 0, 0]
					}
				}
			}
		}
	}
}