{
	"format_version": "1.8.0",
	"animations": {
		"animation.stone_creature.general": {
			"animation_length": 1.92,
			"bones": {
				"stone_creature": {
					"scale": {
						"0.0": [0, 0, 0],
						"0.4833": [1, 1, 1]
					}
				},
				"head": {
					"rotation": ["query.target_x_rotation - this", "query.target_y_rotation - this", 0]
				}
			}
		},
		"animation.stone_creature.walking": {
			"loop": true,
			"anim_time_update": "query.modified_distance_moved",
			"bones": {
				"head": {
					"rotation": ["query.target_x_rotation - this", "query.target_y_rotation - this", 0]
				},
				"leg0": {
					"rotation": ["Math.cos(query.anim_time * 40 + 40) *-20.0", 0, 0]
				},
				"leg1": {
					"rotation": ["Math.cos(query.anim_time * 40 + 40) *20.0", 0, 0]
				},
				"leg2": {
					"rotation": ["Math.cos(query.anim_time * 40 + 40) *-20.0", 0, 0]
				},
				"leg3": {
					"rotation": ["Math.cos(query.anim_time * 40 + 40) *20.0", 0, 0]
				}
			}
		},
		"animation.stone_creature.attacking": {
			"loop": true,
			"animation_length": 0.58,
			"bones": {
				"head": {
					"rotation": {
						"0.0": [0, 0, 0],
						"0.1667": [30, 0, 0],
						"0.3167": [30, 0, 0]
					}
				},
				"upper_jaw": {
					"rotation": {
						"0.0": [0, 0, 0],
						"0.1667": [0, 0, 0],
						"0.2833": [-15, 0, 0],
						"0.4": [10, 0, 0]
					}
				},
				"lower_jaw": {
					"rotation": {
						"0.0": [0, 0, 0],
						"0.1667": [0, 0, 0],
						"0.2833": [15, 0, 0],
						"0.4": [-5, 0, 0]
					}
				},
				"body": {
					"rotation": {
						"0.0": [0, 0, 0],
						"0.1667": [-30, 0, 0],
						"0.3167": [-30, 0, 0]
					}
				},
				"leg0": {
					"rotation": {
						"0.0": [0, 0, 0],
						"0.1667": [0, 0, 0],
						"0.2833": [-75, -15, 0],
						"0.4": [-5, -15, 0]
					}
				},
				"leg1": {
					"rotation": {
						"0.0": [0, 0, 0],
						"0.1667": [0, 0, 0],
						"0.2833": [-75, 15, 0],
						"0.4": [-5, 15, 0]
					}
				}
			}
		}
	}
}