{
	"format_version": "1.8.0",
	"animations": {
		"animation.vilgax.general": {
			"loop": true,
			"bones": {
				"body": {
					"rotation": ["Math.sin(query.life_time * 180.0) * -3", 0, 0]
				},
				"head": {
					"rotation": ["query.target_x_rotation - this", "query.target_y_rotation - this", 0]
				},
				"tentacle1": {
					"rotation": [0, 0, "Math.sin(query.life_time * 180.0) * 3"]
				},
				"tentacle2": {
					"rotation": [0, 0, "Math.sin(query.life_time * 180.0) * -3"]
				},
				"tentacle3": {
					"rotation": [0, 0, "Math.sin(query.life_time * 180.0) * -3"]
				},
				"tentacle4": {
					"rotation": [0, 0, "Math.sin(query.life_time * 180.0) * 3"]
				},
				"tentacle5": {
					"rotation": [0, 0, "Math.sin(query.life_time * 180.0) * 3"]
				},
				"rightArm": {
					"rotation": ["Math.sin(query.life_time * 180.0) * 3", "Math.sin(query.life_time * 180.0) * -7", 0]
				},
				"leftArm": {
					"rotation": ["Math.sin(query.life_time * 180.0) * 3", "Math.sin(query.life_time * 180.0) * 7", 0]
				}
			}
		},
		"animation.vilgax.walking": {
			"loop": true,
			"anim_time_update": "query.modified_distance_moved",
			"bones": {
				"vilgax": {
					"position": [0, -3, 0]
				},
				"body": {
					"rotation": [30, 0, 0]
				},
				"head": {
					"rotation": ["query.target_x_rotation - this", "query.target_y_rotation - this", 0]
				},
				"rightArm": {
					"rotation": ["-5+ Math.cos(query.anim_time * 40 + 40) *-40.0", 0, 0]
				},
				"rightArm2": {
					"rotation": [-30, 0, 0]
				},
				"leftArm": {
					"rotation": ["-5 + Math.cos(query.anim_time * 40 + 40) *40.0", 0, 0]
				},
				"leftArm2": {
					"rotation": [-30, 0, 0]
				},
				"rightLeg": {
					"rotation": ["-5+ Math.cos(query.anim_time * 40 + 40) *30.0", 0, 0]
				},
				"rightLeg2": {
					"rotation": [30, 5, 0]
				},
				"leftLeg": {
					"rotation": ["-5 + Math.cos(query.anim_time * 40 + 40) *-30.0", 0, 0]
				},
				"leftLeg2": {
					"rotation": [30, 0, 0]
				}
			}
		},
		"animation.vilgax.melee": {
			"loop": true,
			"animation_length": 0.58,
			"bones": {
				"body": {
					"rotation": {
						"0.0": [0, 0, 0],
						"0.1167": [0, 40, 0],
						"0.2833": [0, 40, 0],
						"0.4": [55, -25, 0]
					}
				},
				"rightArm": {
					"rotation": {
						"0.0": [0, 0, 0],
						"0.1167": [-125, 60, 0],
						"0.2833": [-125, 60, 0],
						"0.4": [-85, 15, 0]
					}
				}
			}
		},
		"animation.vilgax.touchingOmni": {
			"loop": true,
			"bones": {
				"body": {
					"rotation": [35, -25, 0]
				},
				"rightArm": {
					"rotation": ["-65+ Math.sin(query.life_time * 180.0) * 1", "0 + Math.sin(query.life_time * 180.0) * -1", 0]
				},
				"joint6": {
					"rotation": [0, 0, -75]
				},
				"joint7": {
					"rotation": [0, 0, -75]
				},
				"joint8": {
					"rotation": [0, 0, 50]
				}
			}
		}
	}
}