{
  "format_version": "1.10.0",
  "minecraft:attachable": {
    "description": {
      "identifier": "cor:hazmat_suit.armor_stand",
      "item": { "cor:hazmat_suit": "query.owner_identifier == 'minecraft:player'" },
      "materials": {
        "default": "armor",
        "enchanted": "armor_enchanted",
		"transparency": "slime_outer"
      },
      "textures": {
        "default": "textures/entity/suits/hazmat_suit",
        "enchanted": "textures/misc/enchanted_item_glint"
      },
      "geometry": {
        "default": "geometry.hazmat_suit"
      },
      "scripts": {
        "parent_setup": "variable.helmet_layer_visible = 0.0;"
      },
      "render_controllers": [ "controller.render.hazmat_suit" ]
    }
  }
}
