{
  "format_version": "1.8.0",
  "minecraft:attachable": {
    "description": {
      "identifier": "cor:hazmat_suit",
      "materials": {
        "default": "armor",
        "enchanted": "armor_enchanted",
		"transparency": "slime_outer"
      },
      "textures": {
        "default": "textures/entity/suits/hazmat_suit",
        "enchanted": "textures/misc/enchanted_item_glint"
      },
      "geometry": {
        "default": "geometry.hazmat_suit"
      },
      "render_controllers": [ "controller.render.hazmat_suit" ]
    }
  }
}
