{
  "format_version": "1.10.0",
  "minecraft:client_entity": {
    "description": {
      "identifier": "cor:chicken_mutated",
      "materials": {
        "default": "enderman",
        "invisible": "enderman_invisible"
      },
      "textures": {
        "default": "textures/entity/enemies/cor_mutated/cor_chicken"
      },
      "geometry": {
        "default": "geometry.cor_chicken"
      },
      "animations": {
        "moving": "animation.cor_chicken.walking",
        "stone_creature_general": "animation.cor_chicken.general",
        "sc_look_at_target": "animation.sc.look_at_target",
        "attacking": "animation.cor_chicken.attacking",

        "move": "controller.animation.stone_creature.move",
        "general": "controller.animation.stone_creature.general",
        "attack": "controller.animation.stone_creature.attack"
      },
      "scripts": {
        "animate": [
          "move", "general", "attack"
        ],
        "pre_animation": [
          "variable.attack = Math.sin(variable.attack_time * 30.0);"
        ]
      },
      "render_controllers": [
        "controller.render.stone_creature"
      ]/*,
      "spawn_egg": {
        "texture": "stone_creature",
        "texture_index": 20
      }*/
    }
  }
}