{
  "format_version": "1.13.0",
  "minecraft:entity": {
    "description": {
      "identifier": "vehicle:rb",
      "is_spawnable": true,
      "is_summonable": true,
      "is_experimental": false,
      "scripts": {
        "animate": [
		  "close",
		  "open",
		  "rb_variant",
		  "rb_kill"
        ]
      },
      "animations": {
	    "close": "controller.animation.rb_close",
	    "open": "controller.animation.rb_open",
		"rb_variant": "controller.animation.rb.rb_variant",
		"rb_kill": "controller.animation.rb.rb_kill"
      }
    },
    
    "component_groups": {
      "can_be_opened": {
        "minecraft:interact": {
          "interactions": {
            "on_interact": {
              "filters": {
                "any_of": [
                  {
                    "test": "is_family",
                    "subject": "other",
                    "value": "player"
                  }
                ]
              },
              "event": "rb_door_opened",
              "target": "self"
            },
            "interact_text": "Open RB"
          }
        }
      },
      
      "sound": {
        "minecraft:is_sheared": {},
        "minecraft:timer": {
          "time": 3,
          "looping": false,
          "time_down_event": {
            "event": "remove_sound",
            "target": "self"
           }
         }
       },
      
      "exploding": {
        "minecraft:transformation": {
          "into": "vehicle:rb.dead"
        }
     },
     
      "rb_breaks_blocks": {
        "minecraft:inventory": {
          "container_type": "minecart_chest",
          "inventory_size": 27,
          "can_be_siphoned_from": true
        },
        "minecraft:break_blocks": {
          "breakable_blocks": [
                        "acacia_button",
                        "acacia_door",
                        "acacia_fence_gate",
                        "acacia_pressure_plate",
                        "acacia_stairs",
                        "acacia_standing_sign",
                        "acacia_trapdoor",
                        "acacia_wall_sign",
                        "activator_rail",
                        "andesite_stairs",
                        "anvil",
                        "bamboo",
                        "bamboo_sapling",
                        "barrel",
                        "barrier",
                        "beacon",
                        "bed",
                        "bedrock",
                        "beetroot",
                        "bell",
                        "birch_button",
                        "birch_door",
                        "birch_fence_gate",
                        "birch_pressure_plate",
                        "birch_stairs",
                        "birch_standing_sign",
                        "birch_trapdoor",
                        "birch_wall_sign",
                        "black_glazed_terracotta",
                        "blast_furnace",
                        "blue_glazed_terracotta",
                        "blue_ice",
                        "bone_block",
                        "bookshelf",
                        "brewing_stand",
                        "brick_block",
                        "brick_stairs",
                        "brown_glazed_terracotta",
                        "brown_mushroom",
                        "brown_mushroom_block",
                        "bubble_column",
                        "cactus",
                        "cake",
                        "camera",
                        "campfire",
                        "carpet",
                        "carrots",
                        "cartography_table",
                        "carved_pumpkin",
                        "cauldron",
                        "chemical_heat",
                        "chemistry_table",
                        "chest",
                        "chorus_flower",
                        "chorus_plant",
                        "clay",
                        "coal_block",
                        "coal_ore",
                        "cobblestone",
                        "cobblestone_wall",
                        "cocoa",
                        "colored_torch_bp",
                        "colored_torch_rg",
                        "composter",
                        "concrete",
                        "concretePowder",
                        "conduit",
                        "coral",
                        "coral_block",
                        "coral_fan",
                        "coral_fan_dead",
                        "coral_fan_hang",
                        "coral_fan_hang2",
                        "coral_fan_hang3",
                        "crafting_table",
                        "cyan_glazed_terracotta",
                        "dark_oak_button",
                        "dark_oak_door",
                        "dark_oak_fence_gate",
                        "dark_oak_pressure_plate",
                        "dark_oak_stairs",
                        "dark_oak_trapdoor",
                        "dark_prismarine_stairs",
                        "darkoak_standing_sign",
                        "darkoak_wall_sign",
                        "daylight_detector",
                        "daylight_detector_inverted",
                        "deadbush",
                        "detector_rail",
                        "diamond_block",
                        "diamond_ore",
                        "diorite_stairs",
                        //"dirt",
                        "dispenser",
                        "double_plant",
                        "double_stone_slab",
                        "double_stone_slab2",
                        "double_stone_slab3",
                        "double_stone_slab4",
                        "double_wooden_slab",
                        "dragon_egg",
                        "dried_kelp_block",
                        "dropper",
                        "emerald_block",
                        "emerald_ore",
                        "enchanting_table",
                        "end_brick_stairs",
                        "end_bricks",
                        "end_gateway",
                        "end_portal",
                        "end_portal_frame",
                        "end_rod",
                        "end_stone",
                        "ender_chest",
                        "farmland",
                        "fence",
                        "fence_gate",
                        "fletching_table",
                        "flower_pot",
                        "frame",
                        "frosted_ice",
                        "furnace",
                        "glass",
                        "glass_pane",
                        "glowingobsidian",
                        "glowstone",
                        "gold_block",
                        "gold_ore",
                        "golden_rail",
                        "granite_stairs",
                        //"grass",
                        //"grass_path",
                        "gravel",
                        "gray_glazed_terracotta",
                        "green_glazed_terracotta",
                        "grindstone",
                        "hard_glass",
                        "hard_glass_pane",
                        "hard_stained_glass",
                        "hard_stained_glass_pane",
                        "hardened_clay",
                        "hay_block",
                        "heavy_weighted_pressure_plate",
                        "hopper",
                        "ice",
                        "iron_bars",
                        "iron_block",
                        "iron_door",
                        "iron_ore",
                        "iron_trapdoor",
                        "jigsaw",
                        "jukebox",
                        "jungle_button",
                        "jungle_door",
                        "jungle_fence_gate",
                        "jungle_pressure_plate",
                        "jungle_stairs",
                        "jungle_standing_sign",
                        "jungle_trapdoor",
                        "jungle_wall_sign",
                        "kelp",
                        "ladder",
                        "lantern",
                        "lapis_block",
                        "lapis_ore",
                        "lava",
                        "lava_cauldron",
                        "leaves",
                        "leaves2",
                        "lectern",
                        "lever",
                        "light_block",
                        "light_blue_glazed_terracotta",
                        "light_weighted_pressure_plate",
                        "lime_glazed_terracotta",
                        "lit_blast_furnace",
                        "lit_furnace",
                        "lit_pumpkin",
                        "lit_redstone_lamp",
                        "lit_redstone_ore",
                        "lit_smoker",
                        "log",
                        "log2",
                        "loom",
                        "magenta_glazed_terracotta",
                        "magma",
                        "melon_block",
                        "melon_stem",
                        "mob_spawner",
                        "monster_egg",
                        "mossy_cobblestone",
                        "mossy_cobblestone_stairs",
                        "mossy_stone_brick_stairs",
                        "mycelium",
                        "nether_brick",
                        "nether_brick_fence",
                        "nether_brick_stairs",
                        "nether_wart",
                        "nether_wart_block",
                        "netherrack",
                        "netherreactor",
                        "normal_stone_stairs",
                        "noteblock",
                        "oak_stairs",
                        "observer",
                        "obsidian",
                        "orange_glazed_terracotta",
                        "packed_ice",
                        "pink_glazed_terracotta",
                        "piston",
                        "pistonArmCollision",
                        "planks",
                        "podzol",
                        "polished_andesite_stairs",
                        "polished_diorite_stairs",
                        "polished_granite_stairs",
                        "portal",
                        "potatoes",
                        "powered_comparator",
                        "powered_repeater",
                        "prismarine",
                        "prismarine_bricks_stairs",
                        "prismarine_stairs",
                        "pumpkin",
                        "pumpkin_stem",
                        "purple_glazed_terracotta",
                        "purpur_block",
                        "purpur_stairs",
                        "quartz_block",
                        "quartz_ore",
                        "quartz_stairs",
                        "rail",
                        "red_flower",
                        "red_glazed_terracotta",
                        "red_mushroom",
                        "red_mushroom_block",
                        "red_nether_brick",
                        "red_nether_brick_stairs",
                        "red_sandstone",
                        "red_sandstone_stairs",
                        "redstone_block",
                        "redstone_lamp",
                        "redstone_ore",
                        "redstone_torch",
                        "redstone_wire",
                        "reeds",
                        "sand",
                        "sandstone",
                        "sandstone_stairs",
                        "sapling",
                        "scaffolding",
                        "seaLantern",
                        "sea_pickle",
                        "seagrass",
                        "shulker_box",
                        "silver_glazed_terracotta",
                        "skull",
                        "slime",
                        "smithing_table",
                        "smoker",
                        "smooth_quartz_stairs",
                        "smooth_red_sandstone_stairs",
                        "smooth_sandstone_stairs",
                        "smooth_stone",
                        "snow",
                        "snow_layer",
                        "soul_sand",
                        "sponge",
                        "spruce_button",
                        "spruce_door",
                        "spruce_fence_gate",
                        "spruce_pressure_plate",
                        "spruce_stairs",
                        "spruce_standing_sign",
                        "spruce_trapdoor",
                        "spruce_wall_sign",
                        "stained_glass",
                        "stained_glass_pane",
                        "stained_hardened_clay",
                        "standing_banner",
                        "standing_sign",
                        "stickyPistonArmCollision",
                        "sticky_piston",
                        "stone",
                        "stone_brick_stairs",
                        "stone_button",
                        "stone_pressure_plate",
                        "stone_slab",
                        "stone_slab2",
                        "stone_slab3",
                        "stone_slab4",
                        "stone_stairs",
                        "stonebrick",
                        "stonecutter",
                        "stonecutter_block",
                        "stripped_acacia_log",
                        "stripped_birch_log",
                        "stripped_dark_oak_log",
                        "stripped_jungle_log",
                        "stripped_oak_log",
                        "stripped_spruce_log",
                        "structure_block",
                        "sweet_berry_bush",
                        "tallgrass",
                        "tnt",
                        "torch",
                        "trapdoor",
                        "trapped_chest",
                        "tripWire",
                        "tripwire_hook",
                        "turtle_egg",
                        "undyed_shulker_box",
                        "unlit_redstone_torch",
                        "unpowered_comparator",
                        "unpowered_repeater",
                        "vine",
                        "wall_banner",
                        "wall_sign",
                        "web",
                        "wheat",
                        "white_glazed_terracotta",
                        "wither_rose",
                        "wood",
                        "wooden_button",
                        "wooden_door",
                        "wooden_pressure_plate",
                        "wooden_slab",
                        "wool",
                        "yellow_flower",
                        "yellow_glazed_terracotta"
                    ]
                  }
                },
    
      "rb_rideable": {
    	"minecraft:rideable": {
          "seat_count": 4,
          "interact_text": "Enter RB",
          "pull_in_entities": true, 
          "family_types": [ "player", "benjamin", "gwen", "uncle_max", "upgrade_ride" ], 
          "controlling_seat": "0", 
          "seats": [
          {
            "position": [ 0.8475, 0.85, 2.59375 ],
            "min_rider_count": 0,
            "max_rider_count": 0
         
          }, 
          {
            "position": [ -0.8, 0.85, 2.59375 ],
            "min_rider_count": 0,
            "max_rider_count": 0
         
          },
          {
            "position": [ 0.0, 0.5, -2.45 ],
            "min_rider_count": 0,
            "max_rider_count": 0
          }, 
          {
            "position": [ -0.875, 0.7, -1.2 ],
            "min_rider_count": 0,
            "max_rider_count": 0
         
          }
        ]
      },
      "minecraft:input_ground_controlled": {
      }
    },
      
      "rb_open": {
        "minecraft:is_stackable": {},
        "minecraft:timer": {
          "time": 5,
          "looping": false,
          "time_down_event": {
            "event": "close_door_after",
            "target": "self"
           }
         }
       },
       
       "rb_attack": {
        "minecraft:target_nearby_sensor": {
          "outside_range": 0.0,
            "on_outside_range": {
              "event": "rb_choose_attack",
              "target": "self"
            }
          }
        },
        
       "rb_attack_upgraded": {
        "minecraft:target_nearby_sensor": {
          "outside_range": 0.0,
            "on_outside_range": {
              "event": "rb_choose_attack_upgraded",
              "target": "self"
            }
          }
        },
        
        "shoots_flames": {
          "minecraft:shooter": {
          "def": "hb:hb_bullet"
        },
        "minecraft:behavior.ranged_attack": {
          "attack_interval_min": 1.0,
          "attack_interval_max": 3.0,
          "attack_radius": 100,
          "burst_shots": 1,
          "burst_interval": 0.0,
          "charge_charged_trigger": 0.0,
          "charge_shoot_trigger": 1.0
        }
      },
      
        "shoots_laser_beams": {
          "minecraft:shooter": {
          "type": "Arrow",
          "def": "laser:laser_beam"
        },
        "minecraft:behavior.ranged_attack": {
          "attack_interval_min": 1.0,
          "attack_interval_max": 3.0,
          "attack_radius": 100,
          "burst_shots": 1,
          "burst_interval": 0.0,
          "charge_charged_trigger": 0.0,
          "charge_shoot_trigger": 1.0
        }
      },
      
        "shoots_plasma": {
          "minecraft:shooter": {
          "def": "energy:energy_blast"
        },
        "minecraft:behavior.ranged_attack": {
          "attack_interval_min": 1.0,
          "attack_interval_max": 3.0,
          "attack_radius": 100,
          "burst_shots": 1,
          "burst_interval": 0.0,
          "charge_charged_trigger": 0.0,
          "charge_shoot_trigger": 1.0
        }
      },
      
        "shoots_rocket": {
          "minecraft:shooter": {
          "type": "Arrow",
          "def": "projectile:rocket"
        },
        "minecraft:behavior.ranged_attack": {
          "attack_interval_min": 1.0,
          "attack_interval_max": 3.0,
          "attack_radius": 100,
          "burst_shots": 1,
          "burst_interval": 0.0,
          "charge_charged_trigger": 0.0,
          "charge_shoot_trigger": 1.0
        }
      },
      
        "shoots_flames2": {
          "minecraft:shooter": {
          "def": "hb:hb_bullet"
        },
        "minecraft:behavior.ranged_attack": {
          "attack_interval_min": 1.0,
          "attack_interval_max": 3.0,
          "attack_radius": 100,
          "burst_shots": 5,
          "burst_interval": 0.0,
          "charge_charged_trigger": 0.0,
          "charge_shoot_trigger": 1.0
        }
      },
      
        "shoots_laser_beams2": {
          "minecraft:shooter": {
          "type": "Arrow",
          "def": "laser:laser_beam"
        },
        "minecraft:behavior.ranged_attack": {
          "attack_interval_min": 1.0,
          "attack_interval_max": 3.0,
          "attack_radius": 100,
          "burst_shots": 5,
          "burst_interval": 0.0,
          "charge_charged_trigger": 0.0,
          "charge_shoot_trigger": 1.0
        }
      },
      
        "shoots_plasma2": {
          "minecraft:shooter": {
          "def": "energy:energy_blast"
        },
        "minecraft:behavior.ranged_attack": {
          "attack_interval_min": 1.0,
          "attack_interval_max": 3.0,
          "attack_radius": 100,
          "burst_shots": 5,
          "burst_interval": 0.0,
          "charge_charged_trigger": 0.0,
          "charge_shoot_trigger": 1.0
        }
      },
      
        "shoots_rocket2": {
          "minecraft:shooter": {
          "type": "Arrow",
          "def": "projectile:rocket"
        },
        "minecraft:behavior.ranged_attack": {
          "attack_interval_min": 1.0,
          "attack_interval_max": 3.0,
          "attack_radius": 100,
          "burst_shots": 5,
          "burst_interval": 0.0,
          "charge_charged_trigger": 0.0,
          "charge_shoot_trigger": 1.0
        }
      },
       
       "rbVariant0": {
         "minecraft:variant": {
           "value": 0
         },
         "minecraft:movement": {
           "value": 0.35
         }
       },
      
       "rbVariant1": {
         "minecraft:variant": {
           "value": 1
         },
         "minecraft:movement": {
          "value": 0.5
         }
       }
     },
        
    "components": {
      "minecraft:nameable": {
      },
      "minecraft:type_family": {
        "family": [ "rb", "mergable", "mutant_frog_food" ]
      },
      "minecraft:breathable": {
        "totalSupply": 15,
        "suffocateTime": 0
      },
      "minecraft:loot": {
        "table": "loot_tables/entities/empty.json"
      },
      "minecraft:scale": {
        "value": 1.0
      },
      "minecraft:collision_box": {
        "width": 4.5,
        "height": 4.0
      },
      "minecraft:health": {
        "value": 500,
        "max": 500
      },
      "minecraft:boss": {
        "should_darken_sky": false,
        "name": "§6RB (Rust Bucket)",
        "hud_range": 55
      },
      "minecraft:knockback_resistance": {
        "value": 100.0
      },
	  "minecraft:navigation.walk": {
          "is_amphibious": false,
          "can_pass_doors": false,
          "can_walk": true,
          "can_break_doors": false,
		  "blocks_to_avoid": [
		    "fire"
		  ]
        },
      "minecraft:navigation.climb": {
        "can_path_over_water": true
      },
      "minecraft:movement.basic": {
      },
      "minecraft:jump.static": {
      },
      "minecraft:can_climb": {
      },
      "minecraft:fire_immune": true,
      "minecraft:hurt_on_condition": {
        "damage_conditions": [
          {
            "filters": { "test": "in_lava", "subject": "self", "operator": "==", "value": true },
            "cause": "lava",
            "damage_per_tick": 4
          }
        ]
      },
    
      "minecraft:damage_sensor": {
        "triggers": [
        {
          "on_damage": {
            "filters": {
              "any_of": [
                {
                  "test": "has_damage",
                  "subject": "self",
                  "value": "fall"
                }
              ]
            }
          },
          "deals_damage": false
        },
        {
          "on_damage": {
            "filters": {
              "any_of": [
                {
                  "test": "has_damage",
                  "subject": "self",
                  "value": "fatal"
                }
              ]
            },
            "event": "exploding"
          },
          "deals_damage": false
        },
        {
          "on_damage": {
            "filters": {
              "any_of": [
                {
                  "test": "is_family",
                  "subject": "other",
                  "value": "rb"
                }
              ]
            }
          },
          "deals_damage": false
        },
        {
          "on_damage": {
            "filters": {
              "all_of": [
              {
                "test": "has_damage",
                "subject": "self",
                "value": "contact"
              }
            ],
            "any_of": [
              {
                "test": "is_family",
                "subject": "other",
                "value": "upgrade"
              },
              {
                "test": "is_family",
                "subject": "other",
                "value": "upgrade2"
              },
			  {
                "test": "is_family",
                "subject": "other",
                "value": "player"
              },
			  {
                "test": "is_family",
                "subject": "other",
                "value": "alien"
              },
			  {
                "test": "is_family",
                "subject": "other",
                "value": "ben10"
              }
            ]
          }
        },
        "deals_damage": false
      }
    ]
  },       
      
      "minecraft:behavior.float": {
        "priority": 1
      },
      "minecraft:behavior.hurt_by_target": {
        "priority": 2,
        "entity_types": [
          {
            "filters": {
            "other_without_families": [ "ben10", "gwen", "uncle_max", "rb" ]
            }
          }
        ]
      },
      "minecraft:behavior.look_at_player": {
        "priority": 0,
        "look_distance": 0.0,
        "probability": 0.0
      },
      "minecraft:behavior.nearest_attackable_target": {
        "priority": 2,
        "entity_types": [
          {
            "filters": {
              "test": "is_family",
              "subject": "other",
              "value": "monster"
            },
            "max_dist": 50
          }
        ],
        "must_see": false,
        "must_reach": false
      },
      "minecraft:physics": {
        "has_collision": true,
        "has_gravity": true
      },
      "minecraft:pushable": {
        "is_pushable": true,
        "is_pushable_by_piston": true
      },
	  "minecraft:despawn": {
        "filters": {
          "any_of": [
		  {
            "test": "has_tag",
			"subject": "self",
			"value": "rb_merged"
          }
        ]
      }
    },
        "minecraft:environment_sensor": {
          "triggers": [
            {
              "filters": {
                "all_of": [
                {
                  "test": "rider_count",
                  "subject": "self",
                  "operator": ">=",
                  "value": 1
                },
                {
                  "test": "is_variant",
                  "subject": "self",
                  "operator": "==",
                  "value": 0
                }
              ]
            },
            "event": "rb_attack"
          },
          {
              "filters": {
                "test": "rider_count",
                "subject": "self",
                "operator": ">=",
                "value": 1
              },
              "event": "rb_breaks_blocks"
            },
            {
              "filters": {
			    "all_of": [
				{
				  "test": "has_tag",
                  "subject": "self",
                  "operator": "==",
                  "value": "npc_merge_rb"
				}
			  ]
            },
              "event": "rb_upgraded"
            },
			{
              "filters": {
			    "all_of": [
				{
				  "test": "has_tag",
                  "subject": "self",
                  "operator": "!=",
                  "value": "npc_merge_rb"
				}
			  ]
            },
              "event": "rb_not_upgraded"
            },
			{
              "filters": {
                "test": "is_variant",
                "subject": "self",
                "operator": "==",
                "value": 1
              },
              "event": "rb_attack_upgraded"
            },
          {
            "filters": {
              "any_of": [
              {
                "test": "rider_count",
                "subject": "self",
                "operator": "<",
                "value": 1
              }
            ]
          },
          "event": "rb_normal"
        }
      ]
    }
  },

    "events": {
      "minecraft:entity_spawned": {
        "remove": {
          "component_groups": [
            "rbVariant1"
          ]
        },
        "add": {
          "component_groups": [
            "rb_rideable",
            "rbVariant0"
          ]
        }
      },
      
      "rb_attack": {
        "remove": {
          "component_groups": [
            "rb_attack_upgraded"
          ]
        },
        "add": {
          "component_groups": [
            "rb_attack"
          ]
        }
      },
      
      "rb_attack_upgraded": {
        "remove": {
          "component_groups": [
            "rb_attack"
          ]
        },
        "add": {
          "component_groups": [
            "rb_attack_upgraded"
          ]
        }
      },
        
      "rb_not_upgraded": {
        "remove": {
          "component_groups": [
            "rbVariant1"
          ]
        },
        "add": {
          "component_groups": [
            "rbVariant0"
          ]
        }
      },
          
      "rb_normal": {
        "remove": {
          "component_groups": [
            "rb_attack",
            "shoots_flames",
            "shoots_laser_beams",
            "shoots_plasma",
            "shoots_rocket",
            "rb_attack_upgraded",
            "shoots_flames2",
            "shoots_laser_beams2",
            "shoots_plasma2",
            "shoots_rocket2",
            "rb_breaks_blocks"
          ]
        }
      },
      
      "rb_upgraded": {
        "remove": {
          "component_groups": [
            "rbVariant0"
          ]
        },
        "add": {
          "component_groups": [
            "rbVariant1"
          ]
        }
      },
      
      "rb_choose_attack": {
        "randomize": [
        {
          "weight": 10,
          "add": {
            "component_groups": [
              "shoots_flames"
            ]
          }
        },
        {
          "weight": 10,
          "add": {
            "component_groups": [
              "shoots_laser_beams"
            ]
          }
        },
        {
          "weight": 10,
          "add": {
            "component_groups": [
              "shoots_plasma"
            ]
          }
        },
        {
          "weight": 10,
          "add": {
            "component_groups": [
              "shoots_rocket"
            ]
          }
        }
      ]
    },
            
      "rb_breaks_blocks": {
        "add": {
          "component_groups": [
            "rb_breaks_blocks"
          ]
        }
      },
      
      "exploding": {
        "remove": {},
        "add": {
          "component_groups": [
            "exploding"
          ]
        }
      },
    
      "rb_choose_attack_upgraded": {
        "randomize": [
        {
          "weight": 10,
          "add": {
            "component_groups": [
              "shoots_flames2"
            ]
          }
        },
        {
          "weight": 10,
          "add": {
            "component_groups": [
              "shoots_laser_beams2"
            ]
          }
        },
        {
          "weight": 10,
          "add": {
            "component_groups": [
              "shoots_plasma2"
            ]
          }
        },
        {
          "weight": 10,
          "add": {
            "component_groups": [
              "shoots_rocket2"
            ]
          }
        }
      ]
    }
  }
}}
      