{
	"format_version": "1.12.0",
	"minecraft:geometry": [
		{
			"description": {
				"identifier": "geometry.ditto",
				"texture_width": 128,
				"texture_height": 128,
				"visible_bounds_width": 3,
				"visible_bounds_height": 4.5,
				"visible_bounds_offset": [0, 1.75, 0]
			},
			"bones": [
				{
					"name": "ditto",
					"pivot": [0, 0, 0],
					"locators": {
						"transpar": [0, 23, 0]
					}
				},
				{
					"name": "body",
					"parent": "ditto",
					"pivot": [0, 16.5, 1.25],
					"cubes": [
						{"origin": [-4.5, 15.5, -2.25], "size": [9, 17, 7], "uv": [0, 53]},
						{"origin": [-1, 18.75, -3.25], "size": [2, 2, 1], "uv": [0, 120]},
						{"origin": [-4, 20.75, -3.25], "size": [2, 2, 1], "uv": [0, 120]},
						{"origin": [2, 20.75, -3.25], "size": [2, 2, 1], "uv": [0, 120]}
					]
				},
				{
					"name": "rightArm",
					"parent": "body",
					"pivot": [-4.5, 30.5, 1.25],
					"rotation": [11.76782, -4.2453, 19.5623],
					"cubes": [
						{"origin": [-6.5, 21.5, -0.75], "size": [4, 11, 4], "uv": [0, 77]}
					]
				},
				{
					"name": "rightArm2",
					"parent": "rightArm",
					"pivot": [-4.5, 23.5, 1.25],
					"rotation": [-20, 0, 0],
					"cubes": [
						{"origin": [-6.5, 14.5, -0.75], "size": [4, 11, 4], "inflate": -0.1, "uv": [0, 92]}
					]
				},
				{
					"name": "hand",
					"parent": "rightArm2",
					"pivot": [2, -2.5, 1.25]
				},
				{
					"name": "joint1",
					"parent": "hand",
					"pivot": [-5.5, 15, 3.25],
					"rotation": [17.89244, -9.08661, 26.06663],
					"cubes": [
						{"origin": [-6.5, 9.5, 2.25], "size": [2, 6, 2], "uv": [0, 112]}
					]
				},
				{
					"name": "joint2",
					"parent": "joint1",
					"pivot": [-5.5, 10.5, 3.25],
					"rotation": [0, 0, -40],
					"cubes": [
						{"origin": [-6.5, 6.5, 2.25], "size": [2, 5, 2], "uv": [0, 112]}
					]
				},
				{
					"name": "joint3",
					"parent": "hand",
					"pivot": [-5.5, 15, 1.25],
					"rotation": [0, 0, 32.5],
					"cubes": [
						{"origin": [-6.5, 9.5, 0.25], "size": [2, 6, 2], "uv": [0, 112]}
					]
				},
				{
					"name": "joint4",
					"parent": "joint3",
					"pivot": [-5.5, 10.5, 1.25],
					"rotation": [0, 0, -40],
					"cubes": [
						{"origin": [-6.5, 6.5, 0.25], "size": [2, 5, 2], "uv": [0, 112]}
					]
				},
				{
					"name": "joint5",
					"parent": "hand",
					"pivot": [-5.5, 15, -0.75],
					"rotation": [-17.06488, 10.58927, 30.90686],
					"cubes": [
						{"origin": [-6.5, 9.5, -1.75], "size": [2, 6, 2], "uv": [0, 112]}
					]
				},
				{
					"name": "joint6",
					"parent": "joint5",
					"pivot": [-5.5, 10.5, -0.75],
					"rotation": [0, 0, -37.5],
					"cubes": [
						{"origin": [-6.5, 6.5, -1.75], "size": [2, 5, 2], "uv": [0, 112]}
					]
				},
				{
					"name": "joint7",
					"parent": "hand",
					"pivot": [-2.5, 15, -0.75],
					"rotation": [-11.93845, -3.73171, -17.10967],
					"cubes": [
						{"origin": [-3.5, 9.5, -1.75], "size": [2, 6, 2], "uv": [0, 112]}
					]
				},
				{
					"name": "joint8",
					"parent": "joint7",
					"pivot": [-2.5, 10.5, -0.75],
					"rotation": [0, 0, 32.5],
					"cubes": [
						{"origin": [-3.5, 6.5, -1.75], "size": [2, 5, 2], "uv": [0, 112]}
					]
				},
				{
					"name": "green",
					"parent": "rightArm",
					"pivot": [2, 4.5, 1.25],
					"cubes": [
						{"origin": [-7.5, 26.5, 0.25], "size": [1, 3, 2], "uv": [0, 107]}
					]
				},
				{
					"name": "leftArm",
					"parent": "body",
					"pivot": [4.5, 30.5, 1.25],
					"rotation": [11.76782, 4.2453, -19.5623],
					"cubes": [
						{"origin": [2.5, 21.5, -0.75], "size": [4, 11, 4], "uv": [0, 77], "mirror": true}
					]
				},
				{
					"name": "leftArm2",
					"parent": "leftArm",
					"pivot": [4.5, 23.5, 1.25],
					"rotation": [-20, 0, 0],
					"cubes": [
						{"origin": [2.5, 14.5, -0.75], "size": [4, 11, 4], "inflate": -0.1, "uv": [0, 92]}
					]
				},
				{
					"name": "hand2",
					"parent": "leftArm2",
					"pivot": [11, -2.5, 1.25]
				},
				{
					"name": "joint9",
					"parent": "hand2",
					"pivot": [5.5, 15, 3.25],
					"rotation": [9.40804, 3.40487, -19.71975],
					"cubes": [
						{"origin": [4.5, 9.5, 2.25], "size": [2, 6, 2], "uv": [0, 112]}
					]
				},
				{
					"name": "joint10",
					"parent": "joint9",
					"pivot": [5.5, 10.5, 3.25],
					"rotation": [0, 0, 40],
					"cubes": [
						{"origin": [4.5, 6.5, 2.25], "size": [2, 5, 2], "uv": [0, 112]}
					]
				},
				{
					"name": "joint11",
					"parent": "hand2",
					"pivot": [5.5, 15, 1.25],
					"rotation": [0, 0, -25],
					"cubes": [
						{"origin": [4.5, 9.5, 0.25], "size": [2, 6, 2], "uv": [0, 112]}
					]
				},
				{
					"name": "joint12",
					"parent": "joint11",
					"pivot": [5.5, 10.5, 1.25],
					"rotation": [0, 0, 47.5],
					"cubes": [
						{"origin": [4.5, 6.5, 0.25], "size": [2, 5, 2], "uv": [0, 112]}
					]
				},
				{
					"name": "joint13",
					"parent": "hand2",
					"pivot": [5.5, 15, -0.75],
					"rotation": [-13.64973, -6.27967, -24.24769],
					"cubes": [
						{"origin": [4.5, 9.5, -1.75], "size": [2, 6, 2], "uv": [0, 112]}
					]
				},
				{
					"name": "joint14",
					"parent": "joint13",
					"pivot": [5.5, 10.5, -0.75],
					"rotation": [0, 0, 45],
					"cubes": [
						{"origin": [4.5, 6.5, -1.75], "size": [2, 5, 2], "uv": [0, 112]}
					]
				},
				{
					"name": "joint15",
					"parent": "hand2",
					"pivot": [2.5, 15, -0.75],
					"rotation": [-4.53359, 2.11089, 24.91643],
					"cubes": [
						{"origin": [1.5, 9.5, -1.75], "size": [2, 6, 2], "uv": [0, 112]}
					]
				},
				{
					"name": "joint16",
					"parent": "joint15",
					"pivot": [2.5, 10.5, -0.75],
					"rotation": [0, 0, -40],
					"cubes": [
						{"origin": [1.5, 6.5, -1.75], "size": [2, 5, 2], "uv": [0, 112]}
					]
				},
				{
					"name": "green2",
					"parent": "leftArm",
					"pivot": [16, 4.5, 1.25],
					"cubes": [
						{"origin": [6.5, 26.5, 0.25], "size": [1, 3, 2], "uv": [0, 107], "mirror": true}
					]
				},
				{
					"name": "head",
					"parent": "body",
					"pivot": [0, 36.81818, 1.38636],
					"cubes": [
						{"origin": [-4, 35.5, -2.75], "size": [8, 5, 8], "uv": [0, 0]},
						{"origin": [-3.5, 40.5, -1.75], "size": [7, 1, 7], "uv": [0, 32]},
						{"origin": [-0.5, 41.5, -0.25], "size": [1, 2, 5], "uv": [0, 40]},
						{"origin": [4, 38.5, -1.75], "size": [2, 1, 5], "uv": [0, 47]},
						{"origin": [6, 38.5, 0], "size": [1, 1, 4], "uv": [14, 47]},
						{"origin": [-7, 38.5, 0], "size": [1, 1, 4], "uv": [14, 47]},
						{"origin": [-6, 38.5, -1.75], "size": [2, 1, 5], "uv": [0, 47]},
						{"origin": [-0.5, 43.5, 1.5], "size": [1, 1, 4], "uv": [12, 40]},
						{"origin": [-3.5, 33.5, -2.75], "size": [7, 2, 8], "uv": [0, 13]},
						{"origin": [-3, 32.5, -2.75], "size": [6, 1, 8], "uv": [0, 23]}
					]
				},
				{
					"name": "omnitrix",
					"parent": "head",
					"pivot": [0, 32.5, 1.25],
					"cubes": [
						{"origin": [-1, 38, -3.75], "size": [2, 2, 1], "uv": [32, 0]}
					]
				},
				{
					"name": "rightLeg",
					"parent": "ditto",
					"pivot": [-2.5, 16.5, 1.25],
					"rotation": [-5, 0, 5],
					"cubes": [
						{"origin": [-4.5, 6.5, -0.75], "size": [4, 11, 4], "uv": [34, 0]}
					]
				},
				{
					"name": "rightLeg2",
					"parent": "rightLeg",
					"pivot": [-2.5, 8.5, 1.25],
					"rotation": [10, 0, 0],
					"cubes": [
						{"origin": [-4.5, -0.5, -0.75], "size": [4, 11, 4], "uv": [34, 0]},
						{"origin": [-4, -0.5, -2.75], "size": [3, 2, 2], "uv": [50, 0]},
						{"origin": [-3, -0.5, -3.75], "size": [1, 1, 1], "uv": [50, 4]}
					]
				},
				{
					"name": "leftLeg",
					"parent": "ditto",
					"pivot": [2.5, 16.5, 1.25],
					"rotation": [-5, 0, -5],
					"cubes": [
						{"origin": [0.5, 6.5, -0.75], "size": [4, 11, 4], "uv": [34, 0]}
					]
				},
				{
					"name": "leftLeg2",
					"parent": "leftLeg",
					"pivot": [2.5, 8.5, 1.25],
					"rotation": [10, 0, 0],
					"cubes": [
						{"origin": [0.5, -0.5, -0.75], "size": [4, 11, 4], "uv": [34, 0]},
						{"origin": [1, -0.5, -2.75], "size": [3, 2, 2], "uv": [50, 0]},
						{"origin": [2, -0.5, -3.75], "size": [1, 1, 1], "uv": [50, 4]}
					]
				}
			]
		}
	]
}