{
	"format_version": "1.8.0",
	"animations": {
		"animation.accelerate.general": {
			"animation_length": 0.8,
			"bones": {
				"mask": {
					"rotation": {
						"0.0": [90, 0, 0],
						"0.8": [0, 0, 0]
					},
					"position": [0, 0, 0]
				}
			}
		},
		"animation.accelerate.walking": {
			"loop": true,
			"anim_time_update": "query.modified_distance_moved",
			"bones": {
				"head": {
					"rotation": ["query.target_x_rotation - this", "query.target_y_rotation - this", 0]
				},
				"rightArm": {
					"rotation": ["Math.cos(query.anim_time * 40 + 40) *-40.0", 0, 0]
				},
				"leftArm": {
					"rotation": ["Math.cos(query.anim_time * 40 + 40) *40.0", 0, 0]
				},
				"tail": {
					"rotation": ["Math.cos(query.anim_time * 20 - 25) *-10.0", 0, 0]
				},
				"tail2": {
					"rotation": ["Math.cos(query.anim_time * 20 - 25) *-10.0", 0, 0]
				},
				"tail3": {
					"rotation": ["Math.cos(query.anim_time * 20 - 25) *-10.0", 0, 0]
				},
				"rightLeg": {
					"rotation": ["Math.cos(query.anim_time * 40 + 40) *30.0", 0, 0]
				},
				"leftLeg": {
					"rotation": ["Math.cos(query.anim_time * 40 + 40) *-30.0", 0, 0]
				}
			}
		},
		"animation.accelerate.sprinting": {
			"loop": true,
			"anim_time_update": "query.modified_distance_moved",
			"bones": {
				"head": {
					"rotation": ["query.target_x_rotation - this", "query.target_y_rotation - this", 0]
				},
				"rightArm": {
					"rotation": ["Math.cos(query.anim_time * 40 + 100) *-40.0", 0, 0]
				},
				"leftArm": {
					"rotation": ["Math.cos(query.anim_time * 40 + 100) *40.0", 0, 0]
				},
				"tail": {
					"rotation": ["Math.cos(query.anim_time * 20 - 25) *-10.0", 0, 0]
				},
				"tail2": {
					"rotation": ["Math.cos(query.anim_time * 20 - 25) *-10.0", 0, 0]
				},
				"tail3": {
					"rotation": ["Math.cos(query.anim_time * 20 - 25) *-10.0", 0, 0]
				},
				"rightLeg": {
					"rotation": ["Math.cos(query.anim_time * 40 + 100) *30.0", 0, 0]
				},
				"leftLeg": {
					"rotation": ["Math.cos(query.anim_time * 40 + 100) *-30.0", 0, 0]
				}
			}
		},
		"animation.accelerate.attacking": {
			"loop": true,
			"animation_length": 0.44,
			"bones": {
				"body": {
					"rotation": {
						"0.0": [0, 0, 0],
						"0.16": [0, 45, 0],
						"0.24": [0, -45, 0]
					}
				},
				"rightArm": {
					"rotation": {
						"0.0": [0, 0, 0],
						"0.16": [0, 70, 0],
						"0.24": [0, 70, 0]
					}
				},
				"leftArm": {
					"rotation": [0, 0, 0]
				},
				"joint1": {
					"rotation": {
						"0.0": [0, 0, 0],
						"0.16": [0, 0, -37.5]
					}
				},
				"joint2": {
					"rotation": {
						"0.0": [0, 0, 0],
						"0.16": [0, 0, 30]
					}
				},
				"joint3": {
					"rotation": {
						"0.0": [0, 0, 0],
						"0.16": [0, 0, 30]
					}
				},
				"joint4": {
					"rotation": {
						"0.0": [0, 0, 0],
						"0.16": [-35, -20, 50]
					}
				},
				"joint5": {
					"rotation": {
						"0.0": [0, 0, 0],
						"0.16": [0, 0, -12.5]
					}
				},
				"joint6": {
					"rotation": {
						"0.0": [0, 0, 0],
						"0.16": [0, 0, -30]
					}
				},
				"joint7": {
					"rotation": {
						"0.0": [0, 0, 0],
						"0.16": [15, 30, 30]
					}
				},
				"joint8": {
					"rotation": {
						"0.0": [0, 0, 0],
						"0.16": [0, 0, -22.5]
					}
				},
				"joint9": {
					"rotation": {
						"0.0": [0, 0, 0],
						"0.16": [0, 0, -15]
					}
				}
			}
		},
		"animation.accelerate.general2": {
			"loop": true,
			"bones": {
				"head": {
					"rotation": ["query.target_x_rotation - this", "query.target_y_rotation - this", 0]
				},
				"body": {
					"rotation": ["Math.sin(query.life_time * 180.0) * 3", 0, 0]
				},
				"rightArm": {
					"rotation": ["Math.sin(query.life_time * 180.0) * 3", "Math.sin(query.life_time * 180.0) * -7", 0]
				},
				"leftArm": {
					"rotation": ["Math.sin(query.life_time * 180.0) * -3", "Math.sin(query.life_time * 180.0) * 7", 0]
				},
				"tail": {
					"rotation": ["Math.sin(query.life_time * 180.0) * 3", 0, 0]
				},
				"tail2": {
					"rotation": ["Math.sin(query.life_time * 180.0) * 3", 0, 0]
				},
				"tail3": {
					"rotation": ["Math.sin(query.life_time * 180.0) * 3", 0, 0]
				},
				"joint1": {
					"rotation": [0, 0, "Math.sin(query.life_time * 180.0) * 7"]
				},
				"joint2": {
					"rotation": [0, 0, "Math.sin(query.life_time * 180.0) * 7"]
				},
				"joint4": {
					"rotation": [0, "Math.sin(query.life_time * 180.0) * -7", 0]
				},
				"joint5": {
					"rotation": [0, 0, "Math.sin(query.life_time * 180.0) * -7"]
				},
				"joint7": {
					"rotation": [0, "Math.sin(query.life_time * 180.0) * -7", 0]
				},
				"joint8": {
					"rotation": [0, 0, "Math.sin(query.life_time * 180.0) * -7"]
				},
				"joint10": {
					"rotation": [0, 0, "Math.sin(query.life_time * 180.0) * -7"]
				},
				"joint11": {
					"rotation": [0, 0, "Math.sin(query.life_time * 180.0) * -7"]
				},
				"joint13": {
					"rotation": [0, 0, "Math.sin(query.life_time * 180.0) * 7"]
				},
				"joint14": {
					"rotation": [0, 0, "Math.sin(query.life_time * 180.0) * 7"]
				},
				"joint16": {
					"rotation": [0, 0, "Math.sin(query.life_time * 180.0) * 7"]
				},
				"joint17": {
					"rotation": [0, 0, "Math.sin(query.life_time * 180.0) * 7"]
				}
			}
		},
		"animation.accelerate.helmet_close": {
			"loop": true,
			"bones": {
				"mask": {
					"rotation": [90, 0, 0]
				}
			}
		}
	}
}