{
	"format_version": "1.8.0",
	"animations": {
		"animation.cannonbolt.general": {
			"loop": true,
			"bones": {
				"upper_body": {
					"rotation": ["Math.sin(query.life_time * 180.0) * 3", 0, 0]
				},
				"rightArm": {
					"rotation": ["Math.sin(query.life_time * 180.0) * 3", "Math.sin(query.life_time * 180.0) * -7", 0]
				},
				"leftArm": {
					"rotation": ["Math.sin(query.life_time * 180.0) * -3", "Math.sin(query.life_time * 180.0) * 7", 0]
				}
			}
		},
		"animation.cannonbolt.walking": {
			"loop": true,
			"anim_time_update": "query.modified_distance_moved",
			"bones": {
				"rightArm": {
					"rotation": ["Math.cos(query.anim_time * 40 + 40) *-40.0", 0, 0]
				},
				"leftArm": {
					"rotation": ["Math.cos(query.anim_time * 40 + 40) *40.0", 0, 0]
				},
				"rightLeg": {
					"rotation": ["Math.cos(query.anim_time * 40 + 40) *30.0", 0, 0]
				},
				"leftLeg": {
					"rotation": ["Math.cos(query.anim_time * 40 + 40) *-30.0", 0, 0]
				}
			}
		},
		"animation.cannonbolt.rolling": {
			"loop": true,
			"bones": {
				"cannonbolt": {
					"scale": 0
				},
				"ball": {
					"position": [0, -2, 0],
					"scale": [0.85, 1, 0.85]
				}
			}
		},
		"animation.cannonbolt.not_rolling": {
			"loop": true,
			"bones": {
				"cannonbolt": {
					"scale": 1
				},
				"ball": {
					"position": [0, -2, 0],
					"scale": 0
				}
			}
		},
		"animation.cannonbolt.spinning": {
			"loop": true,
			"animation_length": 0.0833,
			"bones": {
				"ball": {
					"rotation": {
						"0.0": [0, 0, 0],
						"0.08": [-360, 0, 0]
					}
				}
			}
		},
		"animation.cannonbolt.not_spinning": {
			"loop": true,
			"bones": {
				"ball": {
					"rotation": [0, 0, 0]
				}
			}
		},
		"animation.cannonbolt.melee1": {
			"loop": true,
			"animation_length": 0.44,
			"bones": {
				"rightArm": {
					"rotation": {
						"0.0": [0, 0, 0],
						"0.2": [-160, 0, -25],
						"0.28": [-30, 0, 0]
					}
				},
				"leftArm": {
					"rotation": {
						"0.0": [0, 0, 0],
						"0.2": [-160, 0, 25],
						"0.28": [-30, 0, 0]
					}
				}
			}
		},
		"animation.cannonbolt.melee2": {
			"loop": true,
			"animation_length": 0.44,
			"bones": {
				"upper_body": {
					"rotation": {
						"0.0": [0, 0, 0],
						"0.2": [0, 42.5, 0],
						"0.28": [0, -57.5, 0]
					}
				},
				"rightArm": {
					"rotation": {
						"0.0": [0, 0, 0],
						"0.2": [-67.5, 42.5, 0],
						"0.28": [-67.5, 42.5, -25]
					}
				}
			}
		},
		"animation.cannonbolt.melee3": {
			"loop": true,
			"animation_length": 0.44,
			"bones": {
				"upper_body": {
					"rotation": {
						"0.0": [0, 0, 0],
						"0.2": [0, -42.5, 0],
						"0.28": [0, 57.5, 0]
					}
				},
				"leftArm": {
					"rotation": {
						"0.0": [0, 0, 0],
						"0.2": [-67.5, 0, -42.5],
						"0.28": [-67.5, -42.5, 25]
					}
				}
			}
		}
	}
}