{
	"format_version": "1.8.0",
	"animations": {
		"animation.ghostfreak.general": {
			"loop": true,
			"bones": {
				"head": {
					"rotation": ["query.target_x_rotation - this", "query.target_y_rotation - this", 0]
				},
				"rightArm": {
					"rotation": ["Math.sin(query.life_time * 180.0) * 3", "Math.sin(query.life_time * 180.0) * -7", 0]
				},
				"leftArm": {
					"rotation": ["Math.sin(query.life_time * 180.0) * -3", "Math.sin(query.life_time * 180.0) * 7", 0]
				},
				"body2": {
					"rotation": ["Math.sin(query.life_time * 180.0) * 3", 0, 0]
				},
				"body3": {
					"rotation": ["Math.sin(query.life_time * 180.0) * 3", 0, 0]
				},
				"body4": {
					"rotation": ["Math.sin(query.life_time * 180.0) * 3", 0, 0]
				},
				"body5": {
					"rotation": ["Math.sin(query.life_time * 180.0) * 3", 0, 0]
				},
				"body": {
					"rotation": ["Math.sin(query.life_time * 180.0) * -3", 0, 0]
				},
				"finger1": {
					"rotation": [0, 0, "Math.sin(query.life_time * 180.0) * 7"]
				},
				"joint1": {
					"rotation": [0, 0, "Math.sin(query.life_time * 180.0) * 7"]
				},
				"finger2": {
					"rotation": [0, 0, "Math.sin(query.life_time * 180.0) * 7"]
				},
				"joint2": {
					"rotation": [0, 0, "Math.sin(query.life_time * 180.0) * 7"]
				},
				"finger3": {
					"rotation": [0, 0, "Math.sin(query.life_time * 180.0) * 7"]
				},
				"joint3": {
					"rotation": [0, 0, "Math.sin(query.life_time * 180.0) * 7"]
				},
				"finger4": {
					"rotation": [0, 0, "Math.sin(query.life_time * 180.0) * 7"]
				},
				"joint4": {
					"rotation": [0, 0, "Math.sin(query.life_time * 180.0) * 7"]
				},
				"finger5": {
					"rotation": [0, 0, "Math.sin(query.life_time * 180.0) * -7"]
				},
				"joint5": {
					"rotation": [0, 0, "Math.sin(query.life_time * 180.0) * -7"]
				},
				"finger6": {
					"rotation": [0, 0, "Math.sin(query.life_time * 180.0) * -7"]
				},
				"joint6": {
					"rotation": [0, 0, "Math.sin(query.life_time * 180.0) * -7"]
				},
				"finger7": {
					"rotation": [0, 0, "Math.sin(query.life_time * 180.0) * -7"]
				},
				"joint7": {
					"rotation": [0, 0, "Math.sin(query.life_time * 180.0) * -7"]
				},
				"finger8": {
					"rotation": [0, 0, "Math.sin(query.life_time * 180.0) * -7"]
				},
				"joint8": {
					"rotation": [0, 0, "Math.sin(query.life_time * 180.0) * -7"]
				}
			}
		},
		"animation.ghostfreak.attacking1": {
			"loop": true,
			"animation_length": 0.52,
			"bones": {
				"body": {
					"rotation": {
						"0.0": [0, 0, 0],
						"0.16": [-25, 0, 0],
						"0.24": [-25, 0, 0],
						"0.32": [40, 0, 0]
					}
				},
				"rightArm": {
					"rotation": {
						"0.0": [0, 0, 0],
						"0.16": [0, 0, 30],
						"0.24": [0, 0, 30],
						"0.32": [-75, 0, 30]
					}
				},
				"rightArm2": {
					"rotation": {
						"0.0": [0, 0, 0],
						"0.12": [30, 0, 0],
						"0.16": [30, 0, 0]
					}
				},
				"leftArm": {
					"rotation": {
						"0.0": [0, 0, 0],
						"0.16": [0, 0, -30],
						"0.24": [0, 0, -30],
						"0.32": [-75, 0, -30]
					}
				},
				"leftArm2": {
					"rotation": {
						"0.0": [0, 0, 0],
						"0.12": [30, 0, 0],
						"0.16": [30, 0, 0]
					}
				}
			}
		},
		"animation.ghostfreak.attacking2": {
			"loop": true,
			"animation_length": 0.52,
			"bones": {
				"body": {
					"rotation": {
						"0.0": [0, 0, 0],
						"0.16": [0, 37.5, 0],
						"0.32": [30, -35, 0]
					}
				},
				"rightArm": {
					"rotation": {
						"0.0": [0, 0, 0],
						"0.16": [30, 0, 40],
						"0.32": [-45, 0, 40]
					}
				},
				"rightArm2": {
					"rotation": {
						"0.0": [0, 0, 0],
						"0.16": [-27.5, 0, 0],
						"0.32": [47.5, 0, 0]
					}
				},
				"finger1": {
					"rotation": {
						"0.0": [0, 0, 0],
						"0.16": [0, 0, -67.5]
					}
				},
				"joint1": {
					"rotation": {
						"0.0": [0, 0, 0],
						"0.16": [0, 0, -47.5]
					}
				},
				"finger2": {
					"rotation": {
						"0.0": [0, 0, 0],
						"0.16": [0, 0, -62.5]
					}
				},
				"joint2": {
					"rotation": {
						"0.0": [0, 0, 0],
						"0.16": [0, 0, -55]
					}
				},
				"finger3": {
					"rotation": {
						"0.0": [0, 0, 0],
						"0.16": [0, 0, -60]
					}
				},
				"joint3": {
					"rotation": {
						"0.0": [0, 0, 0],
						"0.16": [0, 0, -60]
					}
				},
				"finger4": {
					"rotation": {
						"0.0": [0, 0, 0],
						"0.16": [0, 0, -60]
					}
				},
				"joint4": {
					"rotation": {
						"0.0": [0, 0, 0],
						"0.16": [0, 0, -57.5]
					}
				}
			}
		},
		"animation.ghostfreak.attacking3": {
			"loop": true,
			"animation_length": 0.52,
			"bones": {
				"body": {
					"rotation": {
						"0.0": [0, 0, 0],
						"0.16": [0, -37.5, 0],
						"0.32": [30, 35, 0]
					}
				},
				"leftArm": {
					"rotation": {
						"0.0": [0, 0, 0],
						"0.16": [30, 0, -40],
						"0.32": [-30, 0, -40]
					}
				},
				"leftArm2": {
					"rotation": {
						"0.0": [0, 0, 0],
						"0.16": [-27.5, 0, 0],
						"0.32": [47.5, 0, 0]
					}
				},
				"finger5": {
					"rotation": {
						"0.0": [0, 0, 0],
						"0.16": [0, 0, 65]
					}
				},
				"joint5": {
					"rotation": {
						"0.0": [0, 0, 0],
						"0.16": [0, 0, 45]
					}
				},
				"finger6": {
					"rotation": {
						"0.0": [0, 0, 0],
						"0.16": [0, 0, 62.5]
					}
				},
				"joint6": {
					"rotation": {
						"0.0": [0, 0, 0],
						"0.16": [0, 0, 42.5]
					}
				},
				"finger7": {
					"rotation": {
						"0.0": [0, 0, 0],
						"0.16": [0, 0, 67.5]
					}
				},
				"joint7": {
					"rotation": {
						"0.0": [0, 0, 0],
						"0.16": [0, 0, 45]
					}
				},
				"finger8": {
					"rotation": {
						"0.0": [0, 0, 0],
						"0.16": [0, 0, 67.5]
					}
				},
				"joint8": {
					"rotation": {
						"0.0": [0, 0, 0],
						"0.16": [0, 0, 40]
					}
				}
			}
		}
	}
}