{
	"format_version": "1.8.0",
	"animations": {
		"animation.heatblast.general": {
			"loop": true,
			"bones": {
				"body": {
					"rotation": ["Math.sin(query.life_time * 180.0) * 3", 0, 0]
				},
				"head": {
					"rotation": ["query.target_x_rotation - this", "query.target_y_rotation - this", 0]
				},
				"rightArm": {
					"rotation": ["Math.sin(query.life_time * 180.0) * 3", "Math.sin(query.life_time * 180.0) * -7", 0]
				},
				"leftArm": {
					"rotation": ["Math.sin(query.life_time * 180.0) * -3", "Math.sin(query.life_time * 180.0) * 7", 0]
				},
				"heatblast": {
					"position": [0, 0, 0]
				},
				"foot": {
					"rotation": [-5, 0, 0]
				},
				"foot2": {
					"rotation": [-5, 0, 0]
				},
				"finger1": {
					"rotation": [0, 0, "Math.sin(query.life_time * 180.0) * 7"]
				},
				"finger2": {
					"rotation": [0, 0, "Math.sin(query.life_time * 180.0) * 7"]
				},
				"finger3": {
					"rotation": [0, 0, "Math.sin(query.life_time * 180.0) * 7"]
				},
				"finger4": {
					"rotation": [0, 0, "Math.sin(query.life_time * 180.0) * -7"]
				},
				"finger5": {
					"rotation": [0, 0, "Math.sin(query.life_time * 180.0) * 7"]
				},
				"finger6": {
					"rotation": [0, 0, "Math.sin(query.life_time * 180.0) * -7"]
				},
				"finger7": {
					"rotation": [0, 0, "Math.sin(query.life_time * 180.0) * -7"]
				},
				"finger8": {
					"rotation": [0, 0, "Math.sin(query.life_time * 180.0) * -7"]
				},
				"flame1": {
					"scale": [1.1, 1.8, 1.1]
				},
				"flame2": {
					"scale": [1.1, 1.8, 1.1]
				},
				"flame3": {
					"scale": [1.1, 1.8, 1.1]
				},
				"flame4": {
					"scale": [1.1, 1.8, 1.1]
				}
			}
		},
		"animation.heatblast.walking": {
			"loop": true,
			"anim_time_update": "query.modified_distance_moved",
			"bones": {
				"head": {
					"rotation": ["query.target_x_rotation - this", "query.target_y_rotation - this", 0]
				},
				"rightArm": {
					"rotation": ["Math.cos(query.anim_time * 40 + 40) *-40.0", 0, 0]
				},
				"leftArm": {
					"rotation": ["Math.cos(query.anim_time * 40 + 40) *40.0", 0, 0]
				},
				"rightLeg": {
					"rotation": ["Math.cos(query.anim_time * 40 + 40) *30.0", 0, 0]
				},
				"leftLeg": {
					"rotation": ["Math.cos(query.anim_time * 40 + 40) *-30.0", 0, 0]
				}
			}
		},
		"animation.heatblast.melee1": {
			"loop": true,
			"animation_length": 0.44,
			"bones": {
				"body": {
					"rotation": {
						"0.0": [0, 0, 0],
						"0.16": [0, 42.5, 0],
						"0.24": [22.5, -42.5, 0]
					}
				},
				"rightArm": {
					"rotation": {
						"0.0": [0, 0, 0],
						"0.16": [-7.5, 0, 70],
						"0.24": [-57.5, 0, 70]
					}
				},
				"rightArm2": {
					"rotation": {
						"0.0": [0, 0, 0],
						"0.16": [-60, 0, 0],
						"0.24": [10, 0, 0]
					}
				},
				"finger1": {
					"rotation": {
						"0.0": [0, 0, 0],
						"0.16": [0, 0, -50]
					}
				},
				"joint1": {
					"rotation": {
						"0.0": [0, 0, 0],
						"0.16": [0, 0, -70]
					}
				},
				"finger2": {
					"rotation": {
						"0.0": [0, 0, 0],
						"0.16": [0, 0, -50]
					}
				},
				"joint2": {
					"rotation": {
						"0.0": [0, 0, 0],
						"0.16": [0, 0, -65]
					}
				},
				"finger3": {
					"rotation": {
						"0.0": [0, 0, 0],
						"0.16": [0, 0, -57.5]
					}
				},
				"joint3": {
					"rotation": {
						"0.0": [0, 0, 0],
						"0.16": [0, 0, -55]
					}
				},
				"finger4": {
					"rotation": {
						"0.0": [0, 0, 0],
						"0.16": [0, 97.5, 30]
					}
				},
				"joint4": {
					"rotation": {
						"0.0": [0, 0, 0],
						"0.16": [0, 0, 75]
					}
				}
			}
		},
		"animation.heatblast.melee2": {
			"loop": true,
			"animation_length": 0.44,
			"bones": {
				"body": {
					"rotation": {
						"0.0": [0, 0, 0],
						"0.16": [0, -42.5, 0],
						"0.24": [22.5, 42.5, 0]
					}
				},
				"leftArm": {
					"rotation": {
						"0.0": [0, 0, 0],
						"0.16": [-7.5, 0, -70],
						"0.24": [-57.5, 0, -70]
					}
				},
				"leftArm2": {
					"rotation": {
						"0.0": [0, 0, 0],
						"0.16": [-60, 0, 0],
						"0.24": [10, 0, 0]
					}
				},
				"finger5": {
					"rotation": {
						"0.0": [0, 0, 0],
						"0.16": [0, -90, -32.5]
					}
				},
				"joint5": {
					"rotation": {
						"0.0": [0, 0, 0],
						"0.16": [0, 0, -77.5]
					}
				},
				"finger6": {
					"rotation": {
						"0.0": [0, 0, 0],
						"0.16": [0, 0, 52.5]
					}
				},
				"joint6": {
					"rotation": {
						"0.0": [0, 0, 0],
						"0.16": [0, 0, 65]
					}
				},
				"finger7": {
					"rotation": {
						"0.0": [0, 0, 0],
						"0.16": [0, 0, 45]
					}
				},
				"joint7": {
					"rotation": {
						"0.0": [0, 0, 0],
						"0.16": [0, 0, 70]
					}
				},
				"finger8": {
					"rotation": {
						"0.0": [0, 0, 0],
						"0.16": [0, 0, 45]
					}
				},
				"joint8": {
					"rotation": {
						"0.0": [0, 0, 0],
						"0.16": [0, 0, 70]
					}
				}
			}
		},
		"animation.heatblast.melee3": {
			"loop": true,
			"animation_length": 0.44,
			"bones": {
				"body": {
					"rotation": {
						"0.0": [0, 0, 0],
						"0.16": [-25, 0, 0],
						"0.24": [37.5, 0, 0]
					}
				},
				"rightArm": {
					"rotation": {
						"0.0": [0, 0, 0],
						"0.16": [-77.5, 82.5, 0],
						"0.24": [-77.5, -5, 0]
					}
				},
				"finger1": {
					"rotation": {
						"0.0": [0, 0, 0],
						"0.16": [0, 0, 65],
						"0.24": [0, 0, -2.5]
					}
				},
				"finger2": {
					"rotation": {
						"0.0": [0, 0, 0],
						"0.16": [0, 0, 65],
						"0.24": [0, 0, 7.5]
					}
				},
				"finger3": {
					"rotation": {
						"0.0": [0, 0, 0],
						"0.16": [0, 0, 55],
						"0.24": [0, 0, 2.5]
					}
				},
				"finger4": {
					"rotation": {
						"0.0": [0, 0, 0],
						"0.16": [0, 0, -80]
					}
				},
				"leftArm": {
					"rotation": {
						"0.0": [0, 0, 0],
						"0.16": [-77.5, -97.5, 0],
						"0.24": [-77.5, 7.5, 0]
					}
				},
				"finger5": {
					"rotation": {
						"0.0": [0, 0, 0],
						"0.16": [0, 0, 90]
					}
				},
				"finger6": {
					"rotation": {
						"0.0": [0, 0, 0],
						"0.16": [0, 0, -70],
						"0.24": [0, 0, 2.5]
					}
				},
				"finger7": {
					"rotation": {
						"0.0": [0, 0, 0],
						"0.16": [0, 0, -57.5],
						"0.24": [0, 0, 10]
					}
				},
				"finger8": {
					"rotation": {
						"0.0": [0, 0, 0],
						"0.16": [0, 0, -57.5],
						"0.24": [0, 0, 12.5]
					}
				}
			}
		},
		"animation.heatblast.shooting_fire": {
			"loop": true,
			"bones": {
				"head": {
					"rotation": ["query.target_x_rotation - this", "query.target_y_rotation - this", 0]
				},
				"rightArm": {
					"rotation": ["-90 + query.target_x_rotation - this", "0 + query.target_y_rotation - this", 0]
				},
				"leftArm": {
					"rotation": ["-90 + query.target_x_rotation - this", "0 + query.target_y_rotation - this", 0]
				},
				"rightArm2": {
					"rotation": [0, 0, 0]
				},
				"finger1": {
					"rotation": [0, 0, 70]
				},
				"leftArm2": {
					"rotation": [0, 0, 0]
				},
				"finger2": {
					"rotation": [0, 0, 77.5]
				},
				"finger3": {
					"rotation": [0, 0, 80]
				},
				"finger4": {
					"rotation": [0, 0, -77.5]
				},
				"finger5": {
					"rotation": [0, 0, 80]
				},
				"finger6": {
					"rotation": [0, 0, -67.5]
				},
				"finger7": {
					"rotation": [0, 0, -67.5]
				},
				"finger8": {
					"rotation": [0, 0, -70]
				}
			}
		},
		"animation.heatblast.flying": {
			"loop": true,
			"bones": {
				"heatblast": {
					"rotation": [0, 0, 0],
					"position": [0, 6, 0]
				},
				"head": {
					"rotation": ["query.target_x_rotation - this", "query.target_y_rotation - this", 0]
				},
				"rightArm": {
					"rotation": ["Math.sin(query.life_time * 180.0) * 3", "Math.sin(query.life_time * 180.0) * -7", 0]
				},
				"leftArm": {
					"rotation": ["Math.sin(query.life_time * 180.0) * -3", "Math.sin(query.life_time * 180.0) * 7", 0]
				},
				"rightArm2": {
					"rotation": [-10, 0, 0]
				},
				"finger1": {
					"rotation": [0, 0, -5]
				},
				"joint1": {
					"rotation": [0, 0, -2.5]
				},
				"leftArm2": {
					"rotation": [-10, 0, 0]
				},
				"rightLeg": {
					"rotation": ["-25 + Math.sin(query.life_time * 180.0) * 3 - this", 15, "10 + Math.sin(query.life_time * 180.0) * -7"]
				},
				"rightLeg2": {
					"rotation": [45, 0, 0]
				},
				"leftLeg": {
					"rotation": ["7.5- Math.sin(query.life_time * 180.0) * -3 - this", -15, "-10 - Math.sin(query.life_time * 180.0) * 7"]
				},
				"leftLeg2": {
					"rotation": [45, 0, 0]
				}
			}
		},
		"animation.heatblast.flyingPos": {
			"loop": true,
			"animation_length": 0.72,
			"bones": {
				"heatblast": {
					"position": {
						"0.0": [0, 6, 0],
						"0.36": [0, 3, 0],
						"0.72": [0, 6, 0]
					}
				}
			}
		},
		"animation.heatblast.flame_anim": {
			"loop": true,
			"animation_length": 0.4833,
			"bones": {
				"flame1": {
					"scale": {
						"0.0": [1, 0.8, 1],
						"0.24": [1, 1.2, 1],
						"0.48": [1, 0.8, 1]
					}
				},
				"flame2": {
					"scale": {
						"0.0": [1, 1.1, 1],
						"0.24": [1, 0.8, 1],
						"0.48": [1, 1.1, 1]
					}
				},
				"flame3": {
					"scale": {
						"0.0": [1, 0.8, 1],
						"0.24": [1, 1.2, 1],
						"0.48": [1, 0.8, 1]
					}
				},
				"flame4": {
					"scale": {
						"0.0": [1, 1.1, 1],
						"0.24": [1, 0.8, 1],
						"0.48": [1, 1.1, 1]
					}
				}
			}
		},
		"animation.heatblast.arm_flames": {
			"loop": true,
			"bones": {
				"flame1": {
					"scale": 1
				},
				"flame2": {
					"scale": 1
				}
			}
		},
		"animation.heatblast.no_arm_flames": {
			"loop": true,
			"bones": {
				"flame1": {
					"scale": 0
				},
				"flame2": {
					"scale": 0
				}
			}
		},
		"animation.heatblast.leg_flames": {
			"loop": true,
			"bones": {
				"flame3": {
					"scale": 1
				},
				"flame4": {
					"scale": 1
				}
			}
		},
		"animation.heatblast.no_leg_flames": {
			"loop": true,
			"bones": {
				"flame3": {
					"scale": 0
				},
				"flame4": {
					"scale": 0
				}
			}
		}
	}
}