{
	"format_version": "1.8.0",
	"animations": {
		"animation.ripjaws.general": {
			"loop": true,
			"bones": {
				"rightArm": {
					"rotation": ["Math.sin(query.life_time * 180.0) * 3", "Math.sin(query.life_time * 180.0) * -7", 0]
				},
				"leftArm": {
					"rotation": ["Math.sin(query.life_time * 180.0) * -3", "Math.sin(query.life_time * 180.0) * 7", 0]
				},
				"head": {
					"rotation": ["query.target_x_rotation - this", "query.target_y_rotation - this", 0]
				},
				"antenna": {
					"rotation": ["Math.sin(query.life_time * 180.0) * -3", 0, 0]
				},
				"lower_head": {
					"rotation": ["Math.sin(query.life_time * 180.0) * 3", 0, 0]
				},
				"skin1": {
					"rotation": ["Math.sin(query.life_time * 180.0) * -3", 0, 0]
				},
				"skin2": {
					"rotation": ["Math.sin(query.life_time * 180.0) * 3", 0, 0]
				},
				"body": {
					"rotation": ["Math.sin(query.life_time * 180.0) * 3", 0, 0]
				},
				"joint1": {
					"rotation": [0, 0, "Math.sin(query.life_time * 180.0) * 7"]
				},
				"joint3": {
					"rotation": [0, 0, "Math.sin(query.life_time * 180.0) * 7"]
				},
				"joint5": {
					"rotation": [0, 0, "Math.sin(query.life_time * 180.0) * 7"]
				},
				"joint7": {
					"rotation": [0, 0, "Math.sin(query.life_time * 180.0) * -7"]
				},
				"joint9": {
					"rotation": [0, 0, "Math.sin(query.life_time * 180.0) * -7"]
				},
				"joint11": {
					"rotation": [0, 0, "Math.sin(query.life_time * 180.0) * -7"]
				},
				"joint13": {
					"rotation": [0, 0, "Math.sin(query.life_time * 180.0) * -7"]
				},
				"joint15": {
					"rotation": [0, 0, "Math.sin(query.life_time * 180.0) * 7"]
				}
			}
		},
		"animation.ripjaws.walking": {
			"loop": true,
			"anim_time_update": "query.modified_distance_moved",
			"bones": {
				"rightArm": {
					"rotation": ["Math.cos(query.anim_time * 40 + 40) *-40.0", 0, 0]
				},
				"leftArm": {
					"rotation": ["Math.cos(query.anim_time * 40 + 40) *40.0", 0, 0]
				},
				"head": {
					"rotation": ["query.target_x_rotation - this", "query.target_y_rotation - this", 0]
				},
				"rightLeg": {
					"rotation": ["Math.cos(query.anim_time * 40 + 40) *30.0", 0, 0]
				},
				"leftLeg": {
					"rotation": ["Math.cos(query.anim_time * 40 + 40) *-30.0", 0, 0]
				},
				"body": {
					"rotation": [0, 0, "Math.cos(query.anim_time * 40 + 40) *-3.0"]
				}
			}
		},
		"animation.ripjaws.sprinting": {
			"loop": true,
			"anim_time_update": "query.modified_distance_moved",
			"bones": {
				"rightArm": {
					"rotation": ["Math.cos(query.anim_time * 40 + 60) *-40.0", 0, 0]
				},
				"leftArm": {
					"rotation": ["Math.cos(query.anim_time * 40 + 60) *40.0", 0, 0]
				},
				"head": {
					"rotation": ["query.target_x_rotation - this", "query.target_y_rotation - this", 0]
				},
				"rightLeg": {
					"rotation": ["Math.cos(query.anim_time * 40 + 60) *30.0", 0, 0]
				},
				"leftLeg": {
					"rotation": ["Math.cos(query.anim_time * 40 + 60) *-30.0", 0, 0]
				}
			}
		},
		"animation.ripjaws.attacking1": {
			"loop": true,
			"animation_length": 0.4,
			"bones": {
				"body": {
					"rotation": {
						"0.0": [0, 0, 0],
						"0.12": [0, 30, 0],
						"0.2": [0, -55, 0]
					}
				},
				"rightArm": {
					"rotation": {
						"0.0": [0, 0, 0],
						"0.12": [-90, 72.5, 0],
						"0.2": [-90, 47.5, 0]
					}
				},
				"rightArm2": {
					"rotation": {
						"0.0": [0, 0, 0],
						"0.12": [0, 0, -52.5],
						"0.2": [0, 0, 5]
					}
				},
				"joint1": {
					"rotation": {
						"0.0": [0, 0, 0],
						"0.12": [0, 0, -35]
					}
				},
				"joint2": {
					"rotation": {
						"0.0": [0, 0, 0],
						"0.12": [0, 0, -62.5]
					}
				},
				"joint3": {
					"rotation": {
						"0.0": [0, 0, 0],
						"0.12": [0, 0, -37.5]
					}
				},
				"joint4": {
					"rotation": {
						"0.0": [0, 0, 0],
						"0.12": [0, 0, -65]
					}
				},
				"joint5": {
					"rotation": {
						"0.0": [0, 0, 0],
						"0.12": [0, 0, -45]
					}
				},
				"joint6": {
					"rotation": {
						"0.0": [0, 0, 0],
						"0.12": [0, 0, -60]
					}
				},
				"joint7": {
					"rotation": {
						"0.0": [0, 0, 0],
						"0.12": [0, 92.5, 45]
					}
				},
				"joint8": {
					"rotation": {
						"0.0": [0, 0, 0],
						"0.12": [0, 0, 60]
					}
				}
			}
		},
		"animation.ripjaws.attacking2": {
			"loop": true,
			"animation_length": 0.4,
			"bones": {
				"body": {
					"rotation": {
						"0.0": [0, 0, 0],
						"0.12": [0, -30, 0],
						"0.2": [0, 47.5, 0]
					}
				},
				"leftArm": {
					"rotation": {
						"0.0": [0, 0, 0],
						"0.12": [-90, -80, 0],
						"0.2": [-90, -32.5, 0]
					}
				},
				"leftArm2": {
					"rotation": {
						"0.0": [0, 0, 0],
						"0.12": [0, 0, 57.5],
						"0.2": [0, 0, 5]
					}
				},
				"joint9": {
					"rotation": {
						"0.0": [0, 0, 0],
						"0.12": [0, 0, 40]
					}
				},
				"joint10": {
					"rotation": {
						"0.0": [0, 0, 0],
						"0.12": [0, 0, 57.5]
					}
				},
				"joint11": {
					"rotation": {
						"0.0": [0, 0, 0],
						"0.12": [0, 0, 42.5]
					}
				},
				"joint12": {
					"rotation": {
						"0.0": [0, 0, 0],
						"0.12": [0, 0, 55]
					}
				},
				"joint13": {
					"rotation": {
						"0.0": [0, 0, 0],
						"0.12": [0, 0, 50]
					}
				},
				"joint14": {
					"rotation": {
						"0.0": [0, 0, 0],
						"0.12": [0, 0, 42.5]
					}
				},
				"joint15": {
					"rotation": {
						"0.0": [0, 0, 0],
						"0.12": [0, -85, -32.5]
					}
				},
				"joint16": {
					"rotation": {
						"0.0": [0, 0, 0],
						"0.12": [0, 0, -27.5]
					}
				}
			}
		},
		"animation.ripjaws.attacking3": {
			"loop": true,
			"animation_length": 0.4,
			"bones": {
				"body": {
					"rotation": {
						"0.0": [0, 0, 0],
						"0.12": [-22.5, 0, 0],
						"0.2": [52.5, 0, 0]
					}
				},
				"rightArm": {
					"rotation": {
						"0.0": [0, 0, 0],
						"0.12": [0, 0, 35]
					}
				},
				"leftArm": {
					"rotation": {
						"0.0": [0, 0, 0],
						"0.12": [0, 0, -35]
					}
				},
				"upper_head": {
					"rotation": {
						"0.0": [0, 0, 0],
						"0.12": [-22.5, 0, 0],
						"0.2": [-5, 0, 0]
					}
				},
				"lower_head": {
					"rotation": {
						"0.0": [0, 0, 0],
						"0.12": [22.5, 0, 0],
						"0.2": [-20, 0, 0]
					}
				}
			}
		},
		"animation.ripjaws.swimming": {
			"loop": true,
			"animation_length": 3.4833,
			"bones": {
				"rightArm": {
					"rotation": {
						"0.0": [0, 0, 0],
						"1.72": [-175, 85, -35],
						"2.2": [-80, 0, 45],
						"2.64": [-175, 155, -90],
						"3.08": [-175, 95, -35],
						"3.48": [0, 0, 0]
					}
				},
				"leftArm": {
					"rotation": {
						"0.0": [0, 0, 0],
						"1.72": [-185, -85, 45],
						"2.2": [-85, 0, -45],
						"2.64": [-185, -155, 90],
						"3.08": [-185, -95, 45],
						"3.48": [0, 0, 0]
					}
				},
				"rightLeg": {
					"scale": 0
				},
				"leftLeg": {
					"scale": 0
				},
				"head": {
					"rotation": ["query.target_x_rotation - this", "query.target_y_rotation - this", 0]
				},
				"skin1": {
					"scale": 0
				},
				"skin2": {
					"scale": 0
				},
				"fin": {
					"rotation": {
						"0.0": [0, 0, 0],
						"0.32": [-5, 0, 0],
						"0.76": [5, 0, 0],
						"1.28": [-5, 0, 0],
						"1.72": [5, 0, 0],
						"2.2": [-5, 0, 0],
						"2.64": [5, 0, 0],
						"3.08": [-5, 0, 0],
						"3.48": [0, 0, 0]
					}
				},
				"fin1": {
					"rotation": {
						"0.0": [0, 0, 0],
						"0.32": [0, 0, 0]
					}
				},
				"fin2": {
					"rotation": {
						"0.0": [0, 0, 0],
						"0.32": [-5, 0, 0],
						"0.76": [5, 0, 0],
						"1.28": [-5, 0, 0],
						"1.72": [5, 0, 0],
						"2.2": [-5, 0, 0],
						"2.64": [5, 0, 0],
						"3.08": [-5, 0, 0],
						"3.48": [0, 0, 0]
					}
				},
				"fin3": {
					"rotation": {
						"0.0": [0, 0, 0],
						"0.32": [-5, 0, 0],
						"0.76": [5, 0, 0],
						"1.28": [-5, 0, 0],
						"1.72": [5, 0, 0],
						"2.2": [-5, 0, 0],
						"2.64": [5, 0, 0],
						"3.08": [-5, 0, 0],
						"3.48": [0, 0, 0]
					}
				},
				"fin4": {
					"rotation": {
						"0.0": [0, 0, 0],
						"0.32": [-5, 0, 0],
						"0.76": [5, 0, 0],
						"1.28": [-5, 0, 0],
						"1.72": [5, 0, 0],
						"2.2": [-5, 0, 0],
						"2.64": [5, 0, 0],
						"3.08": [-5, 0, 0],
						"3.48": [0, 0, 0]
					}
				},
				"body": {
					"rotation": {
						"0.0": [0, 0, 0],
						"0.32": [5, 0, 0],
						"0.76": [-5, 0, 0],
						"1.28": [5, 0, 0],
						"1.72": [-5, 0, 0],
						"2.2": [5, 0, 0],
						"2.64": [-5, 0, 0],
						"3.08": [5, 0, 0],
						"3.48": [0, 0, 0]
					}
				},
				"ripjaws": {
					"rotation": ["90-query.target_x_rotation", 0, 0]
				}
			}
		},
		"animation.fin.visible": {
			"loop": true,
			"bones": {
				"fin": {
					"scale": 1
				}
			}
		},
		"animation.fin.invisible": {
			"loop": true,
			"bones": {
				"fin": {
					"scale": 0
				}
			}
		},
		"animation.ripjaws.jaw": {
			"loop": true,
			"animation_length": 0.32,
			"bones": {
				"head": {
					"rotation": ["query.target_x_rotation - this", "query.target_y_rotation - this", 0]
				},
				"upper_head": {
					"rotation": {
						"0.0": [0, 0, 0],
						"0.04": [-16, 0, 0],
						"0.12": [10, 0, 0],
						"0.32": [10, 0, 0]
					}
				},
				"lower_head": {
					"rotation": {
						"0.0": [0, 0, 0],
						"0.04": [16, 0, 0],
						"0.12": [-5, 0, 0],
						"0.32": [-5, 0, 0]
					}
				}
			}
		}
	}
}