{
	"format_version": "1.8.0",
	"animations": {
		"animation.stinkfly.general": {
			"loop": true,
			"bones": {
				"body1": {
					"rotation": ["Math.sin(query.life_time * 180.0) * -3", 0, 0]
				},
				"rightArm": {
					"rotation": ["Math.sin(query.life_time * 180.0) * 3", "Math.sin(query.life_time * 180.0) * -7", 0]
				},
				"leftArm": {
					"rotation": ["Math.sin(query.life_time * 180.0) * -3", "Math.sin(query.life_time * 180.0) * 7", 0]
				},
				"rightWing": {
					"rotation": [0, 0, 0]
				},
				"main_head": {
					"rotation": ["query.target_x_rotation - this", "query.target_y_rotation - this", 0]
				},
				"eye1": {
					"rotation": ["query.target_x_rotation - this", "query.target_y_rotation - this", 0]
				},
				"look1": {
					"rotation": ["query.target_x_rotation - this", "query.target_y_rotation - this", 0]
				},
				"eye2": {
					"rotation": ["query.target_x_rotation - this", "query.target_y_rotation - this", 0]
				},
				"look2": {
					"rotation": ["query.target_x_rotation - this", "query.target_y_rotation - this", 0]
				},
				"eye3": {
					"rotation": ["query.target_x_rotation - this", "query.target_y_rotation - this", 0]
				},
				"look3": {
					"rotation": ["query.target_x_rotation - this", "query.target_y_rotation - this", 0]
				},
				"eye4": {
					"rotation": ["query.target_x_rotation - this", "query.target_y_rotation - this", 0]
				},
				"look4": {
					"rotation": ["query.target_x_rotation - this", "query.target_y_rotation - this", 0]
				},
				"jaw": {
					"rotation": ["Math.sin(query.life_time * 180.0) * 3", 0, 0]
				},
				"leg0": {
					"rotation": ["Math.sin(query.life_time * 180.0) * 3", "Math.sin(query.life_time * 180.0) * -7", 0]
				},
				"leg3": {
					"rotation": ["Math.sin(query.life_time * 180.0) * -3", "Math.sin(query.life_time * 180.0) * 7", 0]
				},
				"leg6": {
					"rotation": ["Math.sin(query.life_time * 180.0) * 3", "Math.sin(query.life_time * 180.0) * -7", 0]
				},
				"leg9": {
					"rotation": ["Math.sin(query.life_time * 180.0) * -3", "Math.sin(query.life_time * 180.0) * 7", 0]
				},
				"body4": {
					"rotation": ["Math.sin(query.life_time * 180.0) * -3", 0, 0]
				},
				"finger": {
					"rotation": ["Math.sin(query.life_time * 180.0) * -7", 0, 0]
				},
				"finger3": {
					"rotation": [0, 0, "Math.sin(query.life_time * 180.0) * 7"]
				},
				"finger5": {
					"rotation": [0, 0, "Math.sin(query.life_time * 180.0) * -7"]
				},
				"finger7": {
					"rotation": ["Math.sin(query.life_time * 180.0) * -7", 0, 0]
				},
				"finger9": {
					"rotation": ["Math.sin(query.life_time * 180.0) * 7", 0, 0]
				},
				"finger11": {
					"rotation": ["Math.sin(query.life_time * 180.0) * 7", 0, 0]
				},
				"tooth1": {
					"position": [0.15, 0, 0],
					"scale": 0.4
				},
				"tooth2": {
					"scale": 0.4
				},
				"tooth3": {
					"position": [0.5, 0, 0],
					"scale": 0.4
				},
				"tooth4": {
					"position": [0, 0, 0],
					"scale": 0.4
				},
				"tooth5": {
					"position": [-0.15, 0, 0],
					"scale": 0.4
				},
				"tooth6": {
					"position": [-0.6, 0, 0],
					"scale": 0.4
				},
				"tooth7": {
					"position": [0.25, 0, 0],
					"scale": 0.4
				},
				"tooth8": {
					"position": [1.05, 0, 0],
					"scale": 0.4
				},
				"tooth9": {
					"position": [1.75, 0, 0],
					"scale": 0.4
				},
				"tooth10": {
					"position": [0.6, 0, 0],
					"scale": 0.4
				}
			}
		},
		"animation.stinkfly.wings": {
			"loop": true,
			"animation_length": 0.04,
			"bones": {
				"rightWing": {
					"rotation": {
						"0.0": [0, 90, 0],
						"0.04": [0, 0, 0]
					}
				},
				"leftWing": {
					"rotation": {
						"0.0": [0, -90, 0],
						"0.04": [0, 0, 0]
					}
				}
			}
		},
		"animation.stinkfly.melee1": {
			"loop": true,
			"animation_length": 0.4,
			"bones": {
				"body1": {
					"rotation": {
						"0.0": [0, 0, 0],
						"0.16": [-20, 0, 0],
						"0.24": [15, 0, 0]
					}
				},
				"rightArm": {
					"rotation": {
						"0.0": [0, 0, 0],
						"0.16": [60, 0, 0],
						"0.24": [-75, 0, 0]
					}
				},
				"rightArm2": {
					"rotation": {
						"0.0": [0, 0, 0],
						"0.16": [40, 0, 0]
					}
				},
				"finger": {
					"rotation": {
						"0.0": [0, 0, 0],
						"0.16": [30, 0, 0]
					}
				},
				"finger3": {
					"rotation": {
						"0.0": [0, 0, 0],
						"0.16": [-45, 0, 0]
					}
				},
				"finger5": {
					"rotation": {
						"0.0": [0, 0, 0],
						"0.16": [-40, 0, 0]
					}
				},
				"leftArm": {
					"rotation": {
						"0.0": [0, 0, 0],
						"0.16": [60, 0, 0],
						"0.24": [-75, 0, 0]
					}
				},
				"leftArm2": {
					"rotation": {
						"0.0": [0, 0, 0],
						"0.16": [40, 0, 0]
					}
				},
				"finger7": {
					"rotation": {
						"0.0": [0, 0, 0],
						"0.16": [30, 0, 0]
					}
				},
				"finger9": {
					"rotation": {
						"0.0": [0, 0, 0],
						"0.16": [-50, 0, 0]
					}
				},
				"finger11": {
					"rotation": {
						"0.0": [0, 0, 0],
						"0.16": [-45, 0, 0]
					}
				}
			}
		},
		"animation.stinkfly.melee2": {
			"loop": true,
			"animation_length": 0.4,
			"bones": {
				"body1": {
					"rotation": {
						"0.0": [0, 0, 0],
						"0.16": [0, 45, 0],
						"0.24": [15, -45, 0]
					}
				},
				"rightArm": {
					"rotation": {
						"0.0": [0, 0, 0],
						"0.16": [42.5, 0, 0],
						"0.24": [-40, 0, 0]
					}
				},
				"rightArm2": {
					"rotation": {
						"0.0": [0, 0, 0],
						"0.16": [45, 0, 0]
					}
				},
				"finger": {
					"rotation": {
						"0.0": [0, 0, 0],
						"0.16": [30, 0, 0]
					}
				},
				"finger3": {
					"rotation": {
						"0.0": [0, 0, 0],
						"0.16": [-42.5, 0, 0]
					}
				},
				"finger5": {
					"rotation": {
						"0.0": [0, 0, 0],
						"0.16": [-37.5, 0, 0]
					}
				}
			}
		},
		"animation.stinkfly.melee3": {
			"loop": true,
			"animation_length": 0.4,
			"bones": {
				"main_body": {
					"rotation": {
						"0.0": [0, 0, 0],
						"0.12": [5, 0, 0],
						"0.2": [-7.5, 0, 0]
					}
				},
				"body2": {
					"rotation": {
						"0.0": [0, 0, 0],
						"0.16": [30, 0, 0],
						"0.24": [-65, 0, 0]
					}
				},
				"body3": {
					"rotation": {
						"0.0": [0, 0, 0],
						"0.16": [40, 0, 0],
						"0.24": [-7.5, 0, 0]
					}
				},
				"body4": {
					"rotation": {
						"0.0": [0, 0, 0],
						"0.16": [-45, 0, 0]
					}
				},
				"body5": {
					"rotation": {
						"0.0": [0, 0, 0],
						"0.16": [-32.5, 0, 0]
					}
				},
				"body6": {
					"rotation": {
						"0.0": [0, 0, 0],
						"0.16": [92.5, 0, 0],
						"0.24": [20, 0, 0]
					}
				}
			}
		},
		"animation.stinkfly.flyingGeneral": {
			"loop": true,
			"animation_length": 0.4833,
			"bones": {
				"stinkfly": {
					"position": {
						"0.0": [0, 1, 0],
						"0.24": [0, -1, 0],
						"0.48": [0, 1, 0]
					}
				}
			}
		}
	}
}