{
  "format_version": "1.10.0",
  "animation_controllers": {
    "controller.animation.sphere.general": {
      "states": {
        "default": {
          "animations": [
            "sphere_general"
          ]
        }
      }
    },
	
    "controller.animation.sphere.open": {
      "states": {
        "default": {
          "transitions": [
            {
              "open": "query.is_sheared"
            }
          ]
        },
        "open": {
          "animations": [
            "opening"
          ],
          "transitions": [
            {
              "default": "!query.is_sheared"
            }
          ]
        }
      }
    },
	
	"controller.animation.sphere.omni_rising": {
      "states": {
        "default": {
          "transitions": [
            {
              "rise": "query.is_stackable"
            }
          ]
        },
        "rise": {
          "animations": [
            "omni_rising"
          ],
          "transitions": [
            {
              "default": "!query.is_stackable"
            }
          ]
        }
      }
    },
	
	"controller.animation.sphere.burning": {
            "states": {
                "default": {
                    "animations": [
                        ""
                    ],
					"transitions": [
					    {
                            "burning": "!query.is_on_ground && !query.is_in_water"
                        }
                    ],
                    "blend_transition": 0.2
                },
                "burning": {
                    "animations": [
                        ""
                    ],
					"particle_effects" : [
						{
							"effect" : "sphere_burning",
							"locator" : ""
						}
					],
                    "transitions": [{
                            "default": "query.is_on_ground || query.is_in_water"
                        }
                    ],
                    "blend_transition": 0.2
				}
            }
        },
		
		"controller.animation.sphere.open_particle": {
            "states": {
                "default": {
                    "animations": [
                        ""
                    ],
					"transitions": [
					    {
                            "opened": "query.is_sheared"
                        }
                    ],
                    "blend_transition": 0.2
                },
                "opened": {
                    "animations": [
                        ""
                    ],
					"particle_effects" : [
						{
							"effect" : "sphere_open",
							"locator" : "open_par"
						}
					],
                    "transitions": [{
                            "default": "!query.is_sheared"
                        }
                    ],
                    "blend_transition": 0.2
				}
            }
        },
		
		"controller.animation.sphere.open_and_rise_particle": {
            "states": {
                "default": {
                    "animations": [
                        ""
                    ],
					"transitions": [
					    {
                            "opened": "query.is_ignited"
                        }
                    ],
                    "blend_transition": 0.2
                },
                "opened": {
                    "animations": [
                        ""
                    ],
					"particle_effects" : [
						{
							"effect" : "sphere_open",
							"locator" : "open_par"
						}
					],
                    "transitions": [{
                            "default": "!query.is_ignited"
                        }
                    ],
                    "blend_transition": 0.2
				}
            }
        }
  }
}