{
	"format_version": "1.8.0",
	"animations": {
		"animation.mutant_hamster.general": {
			"loop": true,
			"bones": {
				"tail": {
					"rotation": ["Math.sin(query.life_time * 180.0) * -5", 0, 0]
				},
				"head": {
					"rotation": ["query.is_casting?0:query.target_x_rotation - this", "query.is_casting?0:query.target_y_rotation - this", 0]
				},
				"upper_head": {
					"rotation": ["query.is_casting?0:Math.sin(query.life_time * 180.0) * -3", 0, 0]
				},
				"lower_head": {
					"rotation": ["query.is_casting?0:Math.sin(query.life_time * 180.0) * 3", 0, 0]
				}
			}
		},
		"animation.mutant_hamster.walking": {
			"loop": true,
			"anim_time_update": "query.modified_distance_moved",
			"bones": {
				"head": {
					"rotation": ["query.target_x_rotation - this", "query.target_y_rotation - this", 0]
				},
				"legjoint1": {
					"rotation": ["Math.cos(query.anim_time * 40 + 80) *-30.0", 0, 0]
				},
				"legjoint5": {
					"rotation": ["Math.cos(query.anim_time * 40 + 80) *30.0", 0, 0]
				},
				"legjoint7": {
					"rotation": ["Math.cos(query.anim_time * 40 + 80) *-30.0", 0, 0]
				},
				"legjoint3": {
					"rotation": ["Math.cos(query.anim_time * 40 + 80) *30.0", 0, 0]
				}
			}
		},
		"animation.mutant_hamster.attacking": {
			"loop": true,
			"animation_length": 0.6,
			"bones": {
				"upper_head": {
					"rotation": {
						"0.0": [0, 0, 0],
						"0.2": [-20, 0, 0],
						"0.32": [5, 0, 0]
					}
				},
				"lower_head": {
					"rotation": {
						"0.0": [0, 0, 0],
						"0.2": [20, 0, 0],
						"0.32": [-5, 0, 0]
					}
				}
			}
		},
		"animation.mutant_hamster.raging": {
			"loop": true,
			"bones": {
				"head": {
					"rotation": [-2.5, 0, 0]
				},
				"upper_head": {
					"rotation": [-20, 0, 0]
				},
				"lower_head": {
					"rotation": [20, 0, 0]
				}
			}
		}
	}
}