{
	"format_version": "1.8.0",
	"animations": {
		"animation.sphere.general": {
			"loop": true,
			"bones": {
				"omnitrix": {
					"position": [0, 2, 0],
					"scale": 0.85
				},
				"base": {
					"scale": [1.05, 1.1, 1.15]
				},
				"cover2": {
					"scale": 1.04
				},
				"cover5": {
					"scale": 1.04
				},
				"cover6": {
					"scale": 1.08
				},
				"cover1": {
					"scale": 1.08
				}
			}
		},
		"animation.sphere.open": {
			"loop": "hold_on_last_frame",
			"animation_length": 0.48,
			"bones": {
				"cover2": {
					"rotation": {
						"0.0": [0, 0, 0],
						"0.24": [0, 0, 0],
						"0.48": [0, 0, 32.5]
					}
				},
				"cover3": {
					"rotation": {
						"0.0": [0, 0, 0],
						"0.24": [0, 0, 40],
						"0.48": [0, 0, 67.5]
					}
				},
				"cover4": {
					"rotation": {
						"0.0": [0, 0, 0],
						"0.24": [0, 0, -40],
						"0.48": [0, 0, -67.5]
					}
				},
				"cover5": {
					"rotation": {
						"0.0": [0, 0, 0],
						"0.24": [0, 0, 0],
						"0.48": [0, 0, -32.5]
					}
				},
				"cover6": {
					"rotation": [0, 0, 0]
				}
			}
		},
		"animation.sphere_omnitrix.rising": {
			"loop": "hold_on_last_frame",
			"animation_length": 0.5667,
			"bones": {
				"omnitrix": {
					"rotation": {
						"0.0": [0, 0, 0],
						"0.56": [0, 180, 0]
					},
					"position": {
						"0.0": [0, 0, 0],
						"0.56": [0, 36, 0]
					},
					"scale": {
						"0.0": [1, 1, 1],
						"0.52": [1, 1, 1],
						"0.56": [0, 0, 0]
					}
				},
				"part5": {
					"position": {
						"0.0": [0, 0, 0],
						"0.56": [0, 3, 0]
					}
				}
			}
		},
		"animation.sphere_omnitrix.rising_and_open": {
			"loop": "hold_on_last_frame",
			"animation_length": 0.5667,
			"bones": {
				"omnitrix": {
					"rotation": {
						"0.0": [0, 0, 0],
						"0.56": [0, 180, 0]
					},
					"position": {
						"0.0": [0, 0, 0],
						"0.56": [0, 36, 0]
					},
					"scale": {
						"0.0": [1, 1, 1],
						"0.52": [1, 1, 1],
						"0.56": [0, 0, 0]
					}
				},
				"part5": {
					"position": {
						"0.0": [0, 0, 0],
						"0.56": [0, 3, 0]
					}
				},
				"cover2": {
					"rotation": {
						"0.0": [0, 0, 0],
						"0.24": [0, 0, 0],
						"0.48": [0, 0, 32.5]
					}
				},
				"cover3": {
					"rotation": {
						"0.0": [0, 0, 0],
						"0.24": [0, 0, 40],
						"0.48": [0, 0, 67.5]
					}
				},
				"cover4": {
					"rotation": {
						"0.0": [0, 0, 0],
						"0.24": [0, 0, -40],
						"0.48": [0, 0, -67.5]
					}
				},
				"cover5": {
					"rotation": {
						"0.0": [0, 0, 0],
						"0.24": [0, 0, 0],
						"0.48": [0, 0, -32.5]
					}
				},
				"cover6": {
					"rotation": [0, 0, 0]
				}
			}
		},
		"animation.omnitrix.rising": {
			"animation_length": 2.44,
			"bones": {
				"omnitrix": {
					"rotation": {
						"0.0": [0, 0, 0],
						"0.56": [0, 180, 0]
					},
					"position": {
						"0.0": [0, 0, 0],
						"0.56": [0, 36, 0]
					},
					"scale": {
						"0.0": [1, 1, 1],
						"0.56": [1, 1, 1]
					}
				},
				"part5": {
					"position": {
						"0.0": [0, 0, 0],
						"0.56": [0, 3, 0]
					}
				}
			}
		}
	}
}