{
	"format_version": "1.8.0",
	"animations": {
		"animation.omni.render": {
			"loop": true,
			"bones": {
				"leftArm": {
					"rotation": ["variable.is_first_person?120:-35", "variable.is_first_person?10:0", 0],
					"position": ["variable.is_first_person?-11:0", "variable.is_first_person?-2:0", "variable.is_first_person?10:0"]
				},
				"omnitrix": {
					"rotation": [0, "variable.is_first_person?-180:0", 0],
					"position": [0, -15.75, 0],
					"scale": 0.5
				},
				"fp_omnitrix": {
					"rotation": [0, 0, 0],
					"position": [-15, 17, 25],
					"scale": "variable.is_first_person?0.51:0"
				},
				"rightArm": {
					"scale": "variable.is_first_person?1.5:1"
				},
				"rightArm_main": {
					"scale": "(variable.is_holding_hex_staff || variable.is_holding_none) && variable.is_first_person?1:0"
				}
			}
		},
		"animation.omni.player_trans": {
			"loop": true,
			"animation_length": 0.78333,
			"bones": {
				"part5": {
					"position": {
						"0.0": [0, 0, 0],
						"0.3667": [0, 0, 0],
						"0.5667": [0, 3, 0],
						"0.7167": [0, 3, 0],
						"0.7833": [0, 0, 0]
					}
				},
				"fp_part5": {
					"position": {
						"0.0": [0, 0, 0],
						"0.3667": [0, 0, 0],
						"0.5667": [0, 3, 0],
						"0.9667": [0, 3, 0],
						"1.0833": [0, 0, 0]
					}
				},
				"rightArm": {
					"rotation": {
						"0.2333": [0, 0, 0],
						"0.4": [0, 0, 0],
						"0.5167": ["variable.is_first_person?0:-160", "variable.is_first_person?-40:0", "variable.is_first_person?-40:0"],
						"0.7667": ["variable.is_first_person?-50:-117.5", "variable.is_first_person?-30:-52.5", "variable.is_first_person?-17.5:0"]
					}
				},
				"leftArm": {
					"rotation": {
						"0.0": [0, 0, 0],
						"0.1667": ["variable.is_first_person?0:-50", "variable.is_first_person?27.5:27.5", "variable.is_first_person?20:0"],
						"0.2333": ["variable.is_first_person?0:-50", "variable.is_first_person?27.5:27.5", "variable.is_first_person?20:0"]
					}
				}
			}
		}
	}
}