{
	"format_version": "1.12.0",
	"minecraft:geometry": [
		{
			"description": {
				"identifier": "geometry.omni.player",
				"texture_width": 64,
				"texture_height": 128,
				"visible_bounds_width": 5,
				"visible_bounds_height": 4,
				"visible_bounds_offset": [0, 1, 0]
			},
			"bones": [
				{
					"name": "root",
					"pivot": [0, 0, 0]
				},
				{
					"name": "waist",
					"parent": "root",
					"pivot": [0, 12, 0]
				},
				{
					"name": "body",
					"parent": "waist",
					"pivot": [0, 24, 0],
					"locators": {
						"body": [0, 12, 0]
					}
				},
				{
					"name": "head",
					"parent": "body",
					"pivot": [0, 24, 0]
				},
				{
					"name": "leftArm",
					"parent": "body",
					"pivot": [5, 22, 0],
					"cubes": [
						{"origin": [4, 12, -2], "size": [4, 12, 4], "uv": [32, 48]}
					]
				},
				{
					"name": "omnitrix",
					"parent": "leftArm",
					"pivot": [6, 32, 0],
					"rotation": [90, 0, 0]
				},
				{
					"name": "part1",
					"parent": "omnitrix",
					"pivot": [6, 26, -29],
					"cubes": [
						{"origin": [2, 26, -7], "size": [8, 2, 2], "uv": [0, 64]},
						{"origin": [9, 26, -7], "size": [3, 2, 2], "pivot": [9.5, 27, -29], "rotation": [0, 0, -45], "uv": [0, 64]},
						{"origin": [-0.5, 26.75, -7], "size": [3, 2, 2], "pivot": [1.5, 27, -29], "rotation": [0, 0, 45], "uv": [0, 64]},
						{"origin": [2, 36, -7], "size": [2, 2, 2], "uv": [0, 64]},
						{"origin": [-0.5, 35.25, -7], "size": [3.25, 2, 2], "pivot": [1.5, 37, -29], "rotation": [0, 0, -45], "uv": [0, 64]},
						{"origin": [9, 35.5, -7], "size": [3.25, 2, 2], "pivot": [10, 37, -29], "rotation": [0, 0, 45], "uv": [0, 64]},
						{"origin": [8, 36, -7], "size": [2, 2, 2], "uv": [0, 64]},
						{"origin": [0, 28, -7], "size": [2, 8, 2], "uv": [0, 64]},
						{"origin": [10, 28, -7], "size": [2, 8, 2], "uv": [0, 64]}
					]
				},
				{
					"name": "part2",
					"parent": "omnitrix",
					"pivot": [6, 26, -17],
					"cubes": [
						{"origin": [2, 26, 5], "size": [8, 2, 2], "uv": [0, 64]},
						{"origin": [9, 26, 5], "size": [3, 2, 2], "pivot": [9.5, 27, -17], "rotation": [0, 0, -45], "uv": [0, 64]},
						{"origin": [-0.5, 26.75, 5], "size": [3, 2, 2], "pivot": [1.5, 27, -17], "rotation": [0, 0, 45], "uv": [0, 64]},
						{"origin": [2, 36, 5], "size": [2, 2, 2], "uv": [0, 64]},
						{"origin": [-0.5, 35.25, 5], "size": [3.25, 2, 2], "pivot": [1.5, 37, -17], "rotation": [0, 0, -45], "uv": [0, 64]},
						{"origin": [9, 35.5, 5], "size": [3.25, 2, 2], "pivot": [10, 37, -17], "rotation": [0, 0, 45], "uv": [0, 64]},
						{"origin": [8, 36, 5], "size": [2, 2, 2], "uv": [0, 64]},
						{"origin": [0, 28, 5], "size": [2, 8, 2], "uv": [0, 64]},
						{"origin": [10, 28, 5], "size": [2, 8, 2], "uv": [0, 64]}
					]
				},
				{
					"name": "part3",
					"parent": "omnitrix",
					"pivot": [6, 26, -23],
					"cubes": [
						{"origin": [9, 26, -5], "size": [2, 11, 10], "uv": [0, 74]},
						{"origin": [3, 26, -5], "size": [6, 2, 10], "uv": [0, 74]},
						{"origin": [1, 26, -5], "size": [2, 11, 10], "uv": [0, 74]},
						{"origin": [11, 26, -5], "size": [1, 11, 2], "uv": [0, 95]},
						{"origin": [11, 26, 3], "size": [1, 11, 2], "uv": [0, 95]},
						{"origin": [0, 25, 3], "size": [12, 1, 2], "uv": [0, 95]},
						{"origin": [0, 25, -5], "size": [12, 1, 2], "uv": [0, 95]},
						{"origin": [0, 26, 3], "size": [1, 11, 2], "uv": [0, 95]},
						{"origin": [0, 26, -5], "size": [1, 11, 2], "uv": [0, 95]}
					]
				},
				{
					"name": "part4",
					"parent": "omnitrix",
					"pivot": [6, 26, -23],
					"cubes": [
						{"origin": [1, 36, -5], "size": [10, 2, 10], "uv": [32, 64]},
						{"origin": [10, 37.25, -1.5], "size": [3, 1, 3], "pivot": [11.5, 38.5, -23], "rotation": [0, 0, 45], "uv": [0, 108]}
					]
				},
				{
					"name": "part5",
					"parent": "omnitrix",
					"pivot": [6, 23, -23],
					"cubes": [
						{"origin": [2.5, 35, -3.5], "size": [7, 3, 7], "uv": [32, 76]},
						{"origin": [1, 38, -5], "size": [10, 1, 10], "uv": [32, 86]}
					]
				},
				{
					"name": "rightArm",
					"parent": "body",
					"pivot": [-5, 22, 0],
					"cubes": [
						{"origin": [-8, 12, -2], "size": [4, 12, 4], "uv": [40, 16]}
					]
				},
				{
					"name": "rightItem",
					"parent": "rightArm",
					"pivot": [-6, 15, 1]
				},
				{
					"name": "leftLeg",
					"parent": "root",
					"pivot": [1.9, 12, 0]
				},
				{
					"name": "rightLeg",
					"parent": "root",
					"pivot": [-1.9, 12, 0]
				}
			]
		}
	]
}