{
  "format_version": "1.10.0",
  "animation_controllers": {
    "controller.animation.dr_animo.move": {
      "states": {
        "default": {
          "animations": [
            {
              "moving": "query.modified_move_speed"
            }
          ]
        }
      }
    },
    "controller.animation.dr_animo.general": {
      "states": {
        "default": {
          "animations": [
            "dr_animo_general",
            "look_at_target"
          ]
        }
      }
    },
    
   "controller.animation.dr_animo.attack": {
      "states": {
        "default": {
          "transitions": [
            {
              "attack": "variable.attack>0"
            }
          ]
        },
        "attack": {
          "animations": [
            "attacking"
          ],
          "transitions": [
            {
              "default": "query.all_animations_finished"
            }
          ]
        }
      }
    },
	
	"controller.animation.dr_animo.device": {
      "states": {
        "default": {
          "transitions": [
            {
              "no_device": "query.variant == 0"
            },
			{
              "has_device": "query.variant == 1"
            }
          ]
        },
        "no_device": {
          "animations": [
            "not_deviced"
          ],
          "transitions": [
            {
              "default": "query.variant != 0"
            }
          ]
        },
		"has_device": {
          "animations": [
            "deviced"
          ],
          "transitions": [
            {
              "default": "query.variant != 1"
            }
          ]
        }
      }
    },
	
	"controller.animation.dr_animo.ride": {
      "states": {
        "default": {
          "transitions": [
            {
              "ride": "query.is_riding"
            }
          ]
        },
        "ride": {
          "animations": [
            "riding"
          ],
          "transitions": [
            {
              "default": "!query.is_riding"
            }
          ]
        }
      }
    },
	
	"controller.animation.dr_animo.shoot1": {
      "states": {
        "default": {
          "transitions": [
            {
              "shoot": "query.is_stackable"
            }
          ],
		  "blend_transition": 0.2
        },
        "shoot": {
          "animations": [
            "shooting1"
          ],
          "transitions": [
            {
              "default": "!query.is_stackable"
            }
          ],
		  "blend_transition": 0.2
        }
      }
    },
	
	"controller.animation.dr_animo.shoot2": {
      "states": {
        "default": {
          "transitions": [
            {
              "shoot": "query.is_sheared"
            }
          ],
		  "blend_transition": 0.2
        },
        "shoot": {
          "animations": [
            "shooting2"
          ],
          "transitions": [
            {
              "default": "!query.is_sheared"
            }
          ],
		  "blend_transition": 0.2
        }
      }
    }
  }
}