{
  "format_version": "1.10.0",
  "animation_controllers": {
    "controller.animation.kevin11.move": {
      "states": {
        "default": {
          "animations": [
            {
              "moving": "query.modified_move_speed"
            }
          ]
        }
      }
    },
    
    "controller.animation.kevin11.general": {
      "states": {
        "default": {
          "animations": [
            "kevin11_general",
            "look_at_target"
          ]
        }
      }
    },
    
    "controller.animation.kevin11.attack": {
      "states": {
        "default": {
          "transitions": [
            {
              "attack": "variable.attack>0"
            }
          ]
        },
        "attack": {
          "animations": [
            "attacking"
          ],
          "transitions": [
            {
              "default": "query.all_animations_finished"
            }
          ]
        }
      }
    },
    
    "controller.animation.kevin11.shoot_d": {
      "states": {
        "default": {
          "transitions": [
            {
              "shooting_d": "query.is_stackable"
            },
            {
              "not_shooting_d": "!query.is_stackable"
            }
          ],
          "blend_transition": 0.2
        },
        "shooting_d": {
          "animations": [
            "shooting_diamond",
            "bulletA_yes"
          ],
          "transitions": [
            {
              "default": "!query.is_stackable"
            }
          ],
          "blend_transition": 0.2
        },
        "not_shooting_d": {
          "animations": [
            "bulletA_no"
          ],
          "transitions": [
            {
              "default": "query.is_stackable"
            }
          ],
          "blend_transition": 0.2
        }
      }
    },
    
    "controller.animation.kevin11.shoot_f": {
      "states": {
        "default": {
          "transitions": [
            {
              "shooting_f": "query.is_sheared"
            }
          ],
          "blend_transition": 0.2
        },
        "shooting_f": {
          "animations": [
            "shooting_fire"
          ],
          "transitions": [
            {
              "default": "!query.is_sheared"
            }
          ],
          "blend_transition": 0.2
        }
      }
    },
    
    "controller.animation.kevin11.summon_d": {
      "states": {
        "default": {
          "transitions": [
            {
              "summoning_d": "query.is_casting"
            }
          ],
          "blend_transition": 0.2
        },
        "summoning_d": {
          "animations": [
            "summoning_diamond"
          ],
          "transitions": [
            {
              "default": "!query.is_casting"
            }
          ],
          "blend_transition": 0.2
        }
      }
    },
    
    "controller.animation.kevin11.fly": {
      "states": {
        "default": {
          "transitions": [
            {
              "flying": "query.is_shaking"
            }
          ],
          "blend_transition": 0.2
        },
        "flying": {
          "animations": [
            "flying",
            "wings"
          ],
          "transitions": [
            {
              "default": "!query.is_shaking"
            }
          ],
          "blend_transition": 0.2
        }
      }
    },
    
    "controller.animation.kevin11.d_blade": {
      "states": {
        "default": {
          "transitions": [
            {
              "has_dBlade": "variable.attack>0"
            },
            {
              "no_dBlade": "variable.attack<=0"
            }
          ],
          "blend_transition": 1.0
        },
        "has_dBlade": {
          "animations": [
            ""
          ],
          "transitions": [
            {
              "default": "variable.attack<=0"
            }
          ]
        },
        "no_dBlade": {
          "animations": [
            "dBlade_invisible"
          ],
          "transitions": [
            {
              "default": "variable.attack>0"
            }
          ],
          "blend_transition": 1.0
        }
      }
    }
  }
}