{
    "format_version": "1.16.100",
    "minecraft:item": {
        "description": {
            "identifier": "alien:fire_ball",
			"category": ""
        },
        "components": {
            "minecraft:icon": {
                "texture": "alien_fire_ball" 
            },
			"minecraft:display_name": {
				"value": "§r"
			},
			"minecraft:render_offsets": {
				"main_hand": {
                    "first_person": {
                        "scale": [0.0, 0.0, 0.0]
                    },
                    "third_person":{
                        "scale": [0.0, 0.0, 0.0]
                    }
                }
            },
			"minecraft:use_duration": 0,
			"minecraft:max_stack_size": 1,
			"minecraft:food": {
                "can_always_eat": true
			}
        }
    }
}

//By L8SUN @YouTube