{
	"format_version": "1.8.0",
	"animations": {
		"animation.diamondhead_idle_fp": {
			"loop": true,
			"animation_length": 2,
			"bones": {
				"arm1_fp": {
					"rotation": {
						"0.0": [0, 0, -2.5],
						"1.0": [0, 0, 5],
						"2.0": [0, 0, -2.5]
					}
				},
				"arm1_p2_fp": {
					"rotation": {
						"0.0": [-5, 0, 0],
						"1.0": [0, 0, 0],
						"2.0": [-5, 0, 0]
					}
				},
				"arms_fp": {
					"rotation": {
						"0.0": [2.5, 0, 0],
						"1.0": [0, 0, 0],
						"2.0": [2.5, 0, 0]
					}
				},
				"fg1": {
					"rotation": {
						"0.0": [0, 0, -10],
						"1.0": [0, 0, -2.5],
						"2.0": [0, 0, -10]
					}
				},
				"fg2": {
					"rotation": {
						"0.0": [0, 0, 17.5],
						"1.0": [0, 0, -5],
						"2.0": [0, 0, 17.5]
					}
				},
				"fg3": {
					"rotation": {
						"0.0": [0, 0, 17.5],
						"1.0": [0, 0, -5],
						"2.0": [0, 0, 17.5]
					}
				},
				"fg4": {
					"rotation": {
						"0.0": [0, 0, 22.5],
						"1.0": [0, 0, -5],
						"2.0": [0, 0, 22.5]
					}
				}
			}
		},
		"animation.diamondhead_idle": {
			"loop": true,
			"animation_length": 2,
			"bones": {
				"upperbody": {
					"rotation": {
						"0.0": [5, 0, 0],
						"1.0": [0, 0, 0],
						"2.0": [5, 0, 0]
					}
				},
				"arm1": {
					"rotation": {
						"0.0": [0, 0, -2.5],
						"1.0": [0, 0, 5],
						"2.0": [0, 0, -2.5]
					}
				},
				"arm1_p2": {
					"rotation": {
						"0.0": [-12.5, 0, 0],
						"1.0": [0, 0, 0],
						"2.0": [-12.5, 0, 0]
					}
				},
				"fg1": {
					"rotation": {
						"0.0": [0, 0, 0],
						"1.0": [0, 0, 2.5],
						"2.0": [0, 0, 0]
					}
				},
				"fg2": {
					"rotation": {
						"0.0": [0, 0, 0],
						"1.0": [0, 0, -20],
						"2.0": [0, 0, 0]
					}
				},
				"fg3": {
					"rotation": {
						"0.0": [0, 0, 0],
						"1.0": [0, 0, -20],
						"2.0": [0, 0, 0]
					}
				},
				"fg4": {
					"rotation": {
						"0.0": [0, 0, 0],
						"1.0": [0, 0, -20],
						"2.0": [0, 0, 0]
					}
				},
				"arm2": {
					"rotation": {
						"0.0": [0, 0, 2.5],
						"1.0": [0, 0, -5],
						"2.0": [0, 0, 2.5]
					}
				},
				"arm2_p2": {
					"rotation": {
						"0.0": [-12.5, 0, 0],
						"1.0": [0, 0, 0],
						"2.0": [-12.5, 0, 0]
					}
				},
				"fg5": {
					"rotation": {
						"0.0": [0, 0, 0],
						"1.0": [0, 0, -2.5],
						"2.0": [0, 0, 0]
					}
				},
				"fg6": {
					"rotation": {
						"0.0": [0, 0, 0],
						"1.0": [0, 0, 20],
						"2.0": [0, 0, 0]
					}
				},
				"fg7": {
					"rotation": {
						"0.0": [2.10382, 1.52362, -7.0085],
						"1.0": [0, 0, 20],
						"2.0": [0, 0, 0]
					}
				},
				"fg8": {
					"rotation": {
						"0.0": [0, 0, 0],
						"1.0": [0, 0, 20],
						"2.0": [0, 0, 0]
					}
				}
			}
		},
		"animation.diamondhead_moving": {
			"loop": true,
			"animation_length": 0.5,
			"override_previous_animation": true,
			"bones": {
				"arm1_p2": {
					"rotation": [-15, 0, 0]
				},
				"fg1": {
					"rotation": [0, 0, 0]
				},
				"fg2": {
					"rotation": [0, 0, 0]
				},
				"fg3": {
					"rotation": [0, 0, 0]
				},
				"fg4": {
					"rotation": [0, 0, 0]
				},
				"arm2_p2": {
					"rotation": [-15, 0, 0]
				},
				"fg5": {
					"rotation": [0, 0, 0]
				},
				"fg6": {
					"rotation": [0, 0, 0]
				},
				"fg7": {
					"rotation": [0, 0, 0]
				},
				"fg8": {
					"rotation": [0, 0, 0]
				},
				"leg1": {
					"rotation": {
						"0.0": [17.5, 0, -2.5],
						"0.25": [-32.5, 0, -2.5],
						"0.5": [17.5, 0, -2.5]
					}
				},
				"leg1_p2": {
					"rotation": [25, 0, 0]
				},
				"leg2": {
					"rotation": {
						"0.0": [-32.65635, 0.53733, 2.46787],
						"0.25": [17.5, 0, 2.5],
						"0.5": [-32.65635, 0.53733, 2.46787]
					}
				},
				"leg2_p2": {
					"rotation": [25, 0, 0]
				},
				"upperbody": {
					"rotation": {
						"0.0": [10, -2.5, 0],
						"0.25": [5, -2.5, 0],
						"0.5": [10, -2.5, 0]
					}
				},
				"arm1": {
					"rotation": {
						"0.0": [-17.5, 0, 0],
						"0.25": [32.5, 0, 0],
						"0.5": [-17.5, 0, 0]
					}
				},
				"arm2": {
					"rotation": {
						"0.0": [32.5, 0, 0],
						"0.25": [-17.5, 0, 0],
						"0.5": [32.5, 0, 0]
					}
				},
				"leg1_p3": {
					"rotation": [0, -2.5, 5]
				},
				"leg2_p3": {
					"rotation": [0, 0, -2.5]
				}
			}
		},
		"animation.diamondhead_sprinting": {
			"loop": true,
			"animation_length": 0.41667,
			"override_previous_animation": true,
			"bones": {
				"arm1_p2": {
					"rotation": [-40, 0, 0]
				},
				"fg1": {
					"rotation": [0, 0, 0]
				},
				"fg2": {
					"rotation": [0, 0, 0]
				},
				"fg3": {
					"rotation": [0, 0, 0]
				},
				"fg4": {
					"rotation": [0, 0, 0]
				},
				"arm2_p2": {
					"rotation": [-40, 0, 0]
				},
				"fg5": {
					"rotation": [0, 0, 0]
				},
				"fg6": {
					"rotation": [0, 0, 0]
				},
				"fg7": {
					"rotation": [0, 0, 0]
				},
				"fg8": {
					"rotation": [0, 0, 0]
				},
				"leg1": {
					"rotation": {
						"0.0": [25, 0, 0],
						"0.2083": [-45, 0, 0],
						"0.4167": [25, 0, 0]
					}
				},
				"leg1_p2": {
					"rotation": [40, 0, 0]
				},
				"leg2": {
					"rotation": {
						"0.0": [-45, 0, 0],
						"0.2083": [25, 0, 0],
						"0.4167": [-45, 0, 0]
					}
				},
				"leg2_p2": {
					"rotation": [25, 0, 0]
				},
				"upperbody": {
					"rotation": {
						"0.0": [15, -5, 0],
						"0.2083": [12.5, 0, 0],
						"0.4167": [15, -5, 0]
					}
				},
				"arm1": {
					"rotation": {
						"0.0": [-40, 0, 0],
						"0.2083": [42.5, 0, 0],
						"0.4167": [-40, 0, 0]
					}
				},
				"arm2": {
					"rotation": {
						"0.0": [42.5, 0, 0],
						"0.2083": [-40, 0, 0],
						"0.4167": [42.5, 0, 0]
					}
				}
			}
		},
		"animation.diamondhead_shooting": {
			"loop": true,
			"override_previous_animation": true,
			"bones": {
				"arm1": {
					"rotation": [-90, 0, 80],
					"position": [0, -2, 0]
				},
				"fg1": {
					"rotation": [0, 0, -27.5],
					"position": [-3, -2, 0]
				},
				"fg2": {
					"rotation": [0, 0, 57.5]
				},
				"fg3": {
					"rotation": [0, 0, 57.5]
				},
				"fg4": {
					"rotation": [0, 0, 57.5]
				}
			}
		},
		"animation.diamondhead_attacking_fp": {
			"loop": true,
			"animation_length": 0.33333,
			"override_previous_animation": true,
			"bones": {
				"arm1_fp": {
					"rotation": {
						"0.0": [-15, -20, 45],
						"0.1667": [0, 5, -7.5]
					},
					"position": {
						"0.0": [1, 1, -1],
						"0.1667": [0, -5, -1],
						"0.3333": [0, -5, 0]
					}
				},
				"arm1_p2_fp": {
					"rotation": {
						"0.0": [-22.5, 0, 0],
						"0.1667": [-7.5, 0, 0]
					}
				},
				"rightarm_finger8": {
					"rotation": [2.5, 0, 12.5]
				},
				"rightarm_finger7": {
					"rotation": [0, 0, -20]
				},
				"rightarm_finger6": {
					"rotation": [0, 0, -15]
				},
				"rightarm_finger5": {
					"rotation": [0, 0, -20]
				},
				"fg1": {
					"rotation": [0, 0, 0]
				},
				"fg2": {
					"rotation": [0, 0, -2.5]
				},
				"fg3": {
					"rotation": [0, 0, -2.5]
				},
				"fg4": {
					"rotation": [0, 0, -2.5]
				}
			}
		},
		"animation.diamondhead_attacking": {
			"loop": true,
			"animation_length": 0.29167,
			"bones": {
				"upperbody": {
					"rotation": {
						"0.0": [0, 10, 0],
						"0.1667": [7.5, -10, 0]
					}
				},
				"arm1": {
					"rotation": {
						"0.0": [17.5, 0, 20],
						"0.1667": [-55, -30, 20]
					}
				},
				"arm1_p2": {
					"rotation": {
						"0.0": [-77.5, 0, 0],
						"0.1667": [-55, 0, 0]
					}
				},
				"arm2": {
					"rotation": {
						"0.0": [14.52829, 1.08796, -10.30356],
						"0.1667": [19.53, 1.09, -10.3]
					}
				},
				"arm2_p2": {
					"rotation": [-25, 0, 0]
				}
			}
		}
	}
}