{
    "entity_sounds": {
        "entities": {
        
              "dh:dh_bullet": {
                "volume": 1.0,
                "pitch": [1, 1],
                "events": {
                    "boom": "projectile.dh_bullet"
                }
            },
            
              "energy:energy_blast": {
                "volume": 1.0,
                "pitch": [1, 1],
                "events": {
                    "boom": "projectile.energy_blast"
                }
            },
            
              "hb:hb_bullet": {
                "volume": 1.0,
                "pitch": [1, 1],
                "events": {
                    "boom": "projectile.hb_bullet"
                }
            },
            
              "magic:magic_bullet": {
                "volume": 1.0,
                "pitch": [1, 1],
                "events": {
                    "boom": "projectile.magic_bullet"
                }
            },
            
              "max:max_bullet": {
                "volume": 1.0,
                "pitch": [1, 1],
                "events": {
                    "boom": "projectile.max_bullet"
                }
            },
            
              "laser:optic_laser_beam": {
                "volume": 1.0,
                "pitch": [1, 1],
                "events": {
                    "boom": "projectile.optic_laser_beam"
                }
            },
            
              "st:stink_bullet": {
                "volume": 1.0,
                "pitch": [1, 1],
                "events": {
                    "boom": "projectile.stink_bullet"
                }
            },
            
              "laser:laser_beam": {
                "volume": 1.0,
                "pitch": [1, 1],
                "events": {
                    "boom": "projectile.laser_beam"
                }
            },
            
              "projectile:rocket": {
                "volume": 1.0,
                "pitch": [1, 1],
                "events": {
                    "boom": "projectile.rocket"
                }
            },
        
      "omni:omnitrix": {
        "volume": 1.0,
        "pitch": [ 0.8, 1.2 ],
        "events": {
          "rising": "mob.omni.rising",
          "select1": "mob.omni.select1",
          "select2": "mob.omni.select2",
          "select3": "mob.omni.select3",
          "select4": "mob.omni.select4",
          "select5": "mob.omni.select5",
          "select6": "mob.omni.select6",
          "select7": "mob.omni.select7",
          "select8": "mob.omni.select8",
          "select9": "mob.omni.select9",
          "select10": "mob.omni.select10",
		  "omni_fall": "mob.omni.falling",
		  "sphere_open": "mob.omni.sphere_open",
		  "hazmat_suit": "item.hazmat_suit.worn",
          "hurt": {
            "sound": "mob.omni.hurt",
            "volume": 0.7
          },
		  "death": {
            "sound": "mob.omni.death",
            "volume": 0.0
          }
        }
      },
	  
	  "random_item:useless_sphere": {
        "volume": 0,
        "pitch": [ 0, 0 ],
        "events": {
		  "death": {
            "sound": "mob.omni.death",
            "volume": 0.0
          }
        }
      },
      
      "dh:spike": {
        "volume": 1.0,
        "pitch": [ 0.8, 1.2 ],
        "events": {
          "spawned": "mob.dh_spike.spawned"
        }
      },
   
      "magic:magic_spike": {
        "volume": 1.0,
        "pitch": [ 0.8, 1.2 ],
        "events": {
          "spawned": "mob.magic_spike.spawned"
        }
      },
        
      "ben10:ben10": {
        "volume": 1.0,
        "pitch": [ 0.8, 1.2 ],
        "events": {
          "recharged": "mob.ben10.omni_recharged",
          "transform": "mob.ben10.omni_trans",
          "lowbat": "mob.ben10.omni_low",
          "alien_fatal": "mob.ben10.omni_fatal",
          "ambient": "mob.ben10.say",
          "hurt": {
            "sound": "mob.ben10.hurt",
            "volume": 0.7
          },
          "death": "mob.ben10.death",
          "step": {
            "sound": "mob.ben10.step",
            "volume": 1.0,
            "pitch": 1.0
          }
        }
      },
      
      "companion:gwen": {
        "volume": 1.0,
        "pitch": [ 0.8, 1.2 ],
        "events": {
          "ambient": "mob.gwen.say",
          "hurt": {
            "sound": "mob.gwen.hurt",
            "volume": 0.7
          },
          "death": "mob.gwen.death",
          "step": {
            "sound": "mob.gwen.step",
            "volume": 1.0,
            "pitch": 1.0
          }
        }
      },
      
      "companion:grandpa_max": {
        "volume": 1.0,
        "pitch": [ 0.8, 1.2 ],
        "events": {
          "ambient": "mob.uncle_max.say",
          "hurt": {
            "sound": "mob.uncle_max.hurt",
            "volume": 0.7
          },
          "death": "mob.uncle_max.death",
          "step": {
            "sound": "mob.uncle_max.step",
            "volume": 1.0,
            "pitch": 1.0
          }
        }
      },
      
      "ben10:wildmutt": {
        "volume": 1.0,
        "pitch": [ 0.8, 1.2 ],
        "events": {
          "ambient": "mob.wildmutt.say",
          "hurt": {
            "sound": "mob.wildmutt.hurt",
            "volume": 0.7
          },
          "death": "mob.wildmutt.death",
          "step": {
            "sound": "mob.wildmutt.step",
            "volume": 1.0,
            "pitch": 1.0
          }
        }
      },
     
      "ben10:four_arms": {
        "volume": 1.0,
        "pitch": [ 0.8, 1.2 ],
        "events": {
          "ambient": "mob.four_arms.say",
          "hurt": {
            "sound": "mob.four_arms.hurt",
            "volume": 0.7
          },
          "death": "mob.four_arms.death",
          "step": {
            "sound": "mob.four_arms.step",
            "volume": 1.0,
            "pitch": 1.0
          }
        }
      },
      
      "ben10:greymatter": {
        "volume": 1.0,
        "pitch": [ 0.8, 1.2 ],
        "events": {
          "ambient": "mob.greymatter.say",
          "hurt": {
            "sound": "mob.greymatter.hurt",
            "volume": 0.7
          }
        }
      },
      
      "ben10:xlr8": {
        "volume": 1.0,
        "pitch": [ 0.8, 1.2 ],
        "events": {
          "ambient": "mob.xlr8.say",
          "hurt": {
            "sound": "mob.xlr8.hurt",
            "volume": 0.7
          },
          "death": "mob.xlr8.death",
          "step": {
            "sound": "mob.xlr8.step",
            "volume": 1.0,
            "pitch": 1.0
          }
        }
      },
      
      "ben10:upgrade": {
        "volume": 1.0,
        "pitch": [ 0.8, 1.2 ],
        "events": {
		  "merge": "mob.upgrade.merge",
		  "unmerge": "mob.upgrade.unmerge",
		  "stretch_arms": "mob.upgrade.stretch_arms",
          "ambient": "mob.upgrade.say",
          "hurt": {
            "sound": "mob.upgrade.hurt",
            "volume": 0.7
          },
          "death": "mob.upgrade.death",
          "step": {
            "sound": "mob.upgrade.step",
            "volume": 1.0,
            "pitch": 1.0
          }
        }
      },
      
      "ben10:diamondhead": {
        "volume": 1.0,
        "pitch": [ 0.8, 1.2 ],
        "events": {
          "ambient": "mob.diamondhead.say",
          "hurt": {
            "sound": "mob.diamondhead.hurt",
            "volume": 0.7
          },
          "death": "mob.diamondhead.death",
          "step": {
            "sound": "mob.diamondhead.step",
            "volume": 1.0,
            "pitch": 1.0
          }
        }
      },
      
      "ben10:ripjaws": {
        "volume": 1.0,
        "pitch": [ 0.8, 1.2 ],
        "events": {
          "ambient": "mob.ripjaws.say",
          "hurt": {
            "sound": "mob.ripjaws.hurt",
            "volume": 0.7
          },
          "death": "mob.ripjaws.death",
          "step": {
            "sound": "mob.ripjaws.step",
            "volume": 1.0,
            "pitch": 1.0
          }
        }
      },
      
      "ben10:stinkfly": {
        "volume": 1.0,
        "pitch": [ 0.8, 1.2 ],
        "events": {
		  "wings": "mob.stinkfly.wings",
          "ambient": "mob.stinkfly.say",
          "hurt": {
            "sound": "mob.stinkfly.hurt",
            "volume": 0.7
          },
          "death": "mob.stinkfly.death",
          "step": {
            "sound": "mob.stinkfly.step",
            "volume": 1.0,
            "pitch": 1.0
          }
        }
      },
      
      "ben10:ghostfreak": {
        "volume": 1.0,
        "pitch": [ 0.8, 1.2 ],
        "events": {
          "ambient": "mob.ghostfreak.say",
          "hurt": {
            "sound": "mob.ghostfreak.hurt",
            "volume": 0.7
          },
          "death": "mob.ghostfreak.death",
          "step": {
            "sound": "mob.ghostfreak.step",
            "volume": 1.0,
            "pitch": 1.0
          }
        }
      },
      
      "ben10:cannonbolt": {
        "volume": 1.0,
        "pitch": [ 0.8, 1.2 ],
        "events": {
		  "rolling": "mob.cannonbolt.rolling",
          "ambient": "mob.cannonbolt.say",
          "hurt": {
            "sound": "mob.cannonbolt.hurt",
            "volume": 0.7
          },
          "death": "mob.cannonbolt.death",
          "step": {
            "sound": "mob.cannonbolt.step",
            "volume": 1.0,
            "pitch": 1.0
          }
        }
      },
      
      "ben10:heatblast": {
        "volume": 1.0,
        "pitch": [ 0.8, 1.2 ],
        "events": {
          "ambient": "mob.heatblast.say",
          "hurt": {
            "sound": "mob.heatblast.hurt",
            "volume": 0.7
          },
          "death": "mob.heatblast.death",
          "step": {
            "sound": "mob.heatblast.step",
            "volume": 1.0,
            "pitch": 1.0
          }
        }
      },
	  
	  "ben10:ditto": {
        "volume": 1.0,
        "pitch": [ 0.8, 1.2 ],
        "events": {
          "ambient": "mob.ditto.say",
          "hurt": {
            "sound": "mob.ditto.hurt",
            "volume": 0.7
          },
          "death": {
			"sound": "mob.ditto.death",
			"volume": 0.0
		  },
          "step": {
            "sound": "mob.ditto.step",
            "volume": 1.0,
            "pitch": 1.0
          }
        }
      },
	  
	  "dcl:d_cl": {
        "volume": 1.0,
        "pitch": [ 0.8, 1.2 ],
        "events": {
          "ambient": "mob.ditto.say",
          "hurt": {
            "sound": "mob.ditto.hurt",
            "volume": 0.7
          },
          "death": {
			"sound": "mob.ditto.death",
			"volume": 0.0
		  },
          "step": {
            "sound": "mob.ditto.step",
            "volume": 1.0,
            "pitch": 1.0
          }
        }
      },
	  
	  "ben10:eye_guy": {
        "volume": 1.0,
        "pitch": [ 0.8, 1.2 ],
        "events": {
		  "energy_beam1": "mob.eye_guy.energy_beam_small",
		  "energy_beam2": "mob.eye_guy.energy_beam_big",
          "ambient": "mob.eye_guy.say",
          "hurt": {
            "sound": "mob.eye_guy.hurt",
            "volume": 0.7
          },
          "death": {
			"sound": "mob.eye_guy.death",
			"volume": 0.0
		  },
          "step": {
            "sound": "mob.eye_guy.step",
            "volume": 1.0,
            "pitch": 1.0
          }
        }
      },
	  
	  "ben10:wildvine": {
        "volume": 1.0,
        "pitch": [ 0.8, 1.2 ],
        "events": {
		  "wv_block": "mob.wildvine.wv_block",
		  "wv_trapped": "mob.wildvine.wv_trapped",
		  "wv_seeds": "mob.wildvine.wv_seeds",
		  "wv_vines": "mob.wildvine.wv_vines",
		  "stretch_arms": "mob.wildvine.stretch_arms",
          "ambient": "mob.wildvine.say",
          "hurt": {
            "sound": "mob.wildvine.hurt",
            "volume": 0.7
          },
          "death": {
			"sound": "mob.wildvine.death",
			"volume": 0.0
		  },
          "step": {
            "sound": "mob.wildvine.step",
            "volume": 1.0,
            "pitch": 1.0
          }
        }
      },
	  
	  "ben10:benmummy": {
        "volume": 1.0,
        "pitch": [ 0.8, 1.2 ],
        "events": {
		  "stretch_arms": "mob.benmummy.stretch_arms",
          "ambient": "mob.benmummy.say",
          "hurt": {
            "sound": "mob.benmummy.hurt",
            "volume": 0.7
          },
          "death": {
			"sound": "mob.benmummy.death",
			"volume": 0.0
		  },
          "step": {
            "sound": "mob.mummy.step",
            "volume": 1.0,
            "pitch": 1.0
          }
        }
      },
	  
	  "ben10:benwolf": {
        "volume": 1.0,
        "pitch": [ 0.8, 1.2 ],
        "events": {
		  "sonic_howl": "mob.benwolf.sonic_howl",
          "ambient": "mob.benwolf.say",
          "hurt": {
            "sound": "mob.benwolf.hurt",
            "volume": 0.7
          },
          "death": {
			"sound": "mob.benwolf.death",
			"volume": 0.0
		  },
          "step": {
            "sound": "mob.benwolf.step",
            "volume": 1.0,
            "pitch": 1.0
          }
        }
      },
	  
	  "ben10:benvicktor": {
        "volume": 1.0,
        "pitch": [ 0.8, 1.2 ],
        "events": {
		  "electro": "mob.benvicktor.electric_beam",
          "ambient": "mob.benvicktor.say",
          "hurt": {
            "sound": "mob.benvicktor.hurt",
            "volume": 0.7
          },
          "death": {
			"sound": "mob.benvicktor.death",
			"volume": 0.0
		  },
          "step": {
            "sound": "mob.benvicktor.step",
            "volume": 1.0,
            "pitch": 1.0
          }
        }
      },
	  
	  "ben10:upchuck": {
        "volume": 1.0,
        "pitch": [ 0.8, 1.2 ],
        "events": {
		  "eat": "mob.upchuck.eat",
		  "acid_spit": "mob.upchuck.acid_spit",
          "ambient": "mob.upchuck.say",
          "hurt": {
            "sound": "mob.upchuck.hurt",
            "volume": 0.7
          },
          "death": {
			"sound": "mob.upchuck.death",
			"volume": 0.0
		  },
          "step": {
            "sound": "mob.upchuck.step",
            "volume": 1.0,
            "pitch": 1.0
          }
        }
      },
	  
	  "ben10:way_big": {
        "volume": 1.0,
        "pitch": [ 0.8, 1.2 ],
        "events": {
		  "knockback1": "mob.way_big.knockback1",
		  "knockback2": "mob.way_big.knockback2",
		  "cosmic_ray": "mob.way_big.cosmic_ray",
          "ambient": "mob.way_big.say",
          "hurt": {
            "sound": "mob.way_big.hurt",
			"volume": 10.0,
            "pitch": 1.0
          },
          "death": {
			"sound": "mob.way_big.death",
			"volume": 0.0
		  },
          "step": {
            "sound": "mob.way_big.step",
			"volume": 10.0,
            "pitch": 1.0
          }
        }
      },
	  
	  "way_big:fp_height": {
        "volume": 1.0,
        "pitch": [ 0.8, 1.2 ],
        "events": {
          "step": {
            "sound": "mob.way_big.step",
            "volume": 10.0,
            "pitch": 1.0
          }
        }
      },
      
      "enemy:charmcaster": {
        "volume": 1.0,
        "pitch": [ 0.8, 1.2 ],
        "events": {
          "ambient": "mob.charmcaster.say",
          "hurt": {
            "sound": "mob.charmcaster.hurt",
            "volume": 0.7
          },
          "death": "mob.charmcaster.death",
          "step": {
            "sound": "mob.charmcaster.step",
            "volume": 1.0,
            "pitch": 1.0
          }
        }
      },
      
      "enemy:stone_creature": {
        "volume": 1.0,
        "pitch": [ 0.8, 1.2 ],
        "events": {
          "spawned": "mob.stone_creature.spawned",
          "ambient": "mob.stone_creature.say",
          "hurt": {
            "sound": "mob.stone_creature.hurt",
            "volume": 0.7
          },
          "death": "mob.stone_creature.death",
          "step": {
            "sound": "mob.stone_creature.step",
            "volume": 1.0,
            "pitch": 1.0
          }
        }
      },
      
      "enemy:kevin_levin": {
        "volume": 1.0,
        "pitch": [ 0.8, 1.2 ],
        "events": {
          "absorbing": "mob.kevin_levin.absorbing",
          "ambient": "mob.kevin_levin.say",
          "hurt": {
            "sound": "mob.kevin_levin.hurt",
            "volume": 0.7
          },
          "death": "mob.kevin_levin.death",
          "step": {
            "sound": "mob.kevin_levin.step",
            "volume": 1.0,
            "pitch": 1.0
          }
        }
      },
      
      "enemy:kevin11": {
        "volume": 1.0,
        "pitch": [ 0.8, 1.2 ],
        "events": {
          "spawned": "mob.kevin11.spawned",
          "ambient": "mob.kevin11.say",
          "hurt": {
            "sound": "mob.kevin11.hurt",
            "volume": 0.7
          },
          "death": "mob.kevin11.death",
          "step": {
            "sound": "mob.kevin11.step",
            "volume": 1.0,
            "pitch": 1.0
          }
        }
      },
      
      "enemy:vilgax": {
        "volume": 1.0,
        "pitch": [ 0.8, 1.2 ],
        "events": {
          "ambient": "mob.vilgax.say",
          "hurt": {
            "sound": "mob.vilgax.hurt",
            "volume": 0.7
          },
          "death": "mob.vilgax.death",
          "step": {
            "sound": "mob.vilgax.step",
            "volume": 1.0,
            "pitch": 1.0
          }
        }
      },
	  
	  "enemy:mummy": {
        "volume": 1.0,
        "pitch": [ 0.8, 1.2 ],
        "events": {
		  "cor_got": "mob.mummy.cor_got",
          "ambient": "mob.mummy.say",
          "hurt": {
            "sound": "mob.mummy.hurt",
            "volume": 0.7
          },
          "death": "mob.mummy.death",
          "step": {
            "sound": "mob.mummy.step",
            "volume": 1.0,
            "pitch": 1.0
          }
        }
      },
	  
	  "enemy:werewolf": {
        "volume": 1.0,
        "pitch": [ 0.8, 1.2 ],
        "events": {
		  "sonic_howl": "mob.benwolf.sonic_howl",
		  "stalk": "mob.werewolf.stalk",
		  "spawned": "mob.werewolf.spawned",
          "ambient": "mob.werewolf.say",
          "hurt": {
            "sound": "mob.werewolf.hurt",
            "volume": 0.7
          },
          "death": {
			"sound": "mob.werewolf.death",
			"volume": 1.0
		  },
          "step": {
            "sound": "mob.benwolf.step",
            "volume": 1.0,
            "pitch": 1.0
          }
        }
      },
	  
	  "enemy:evil_ghostfreak": {
        "volume": 1.0,
        "pitch": [ 0.8, 1.2 ],
        "events": {
		  "tentacles": "mob.evil_ghostfreak.tentacles",
		  "energy_beam": "mob.evil_ghostfreak.energy_beam",
		  "telekinesis": "mob.evil_ghostfreak.telekinesis",
		  "spawned": "mob.evil_ghostfreak.spawned",
          "ambient": "mob.evil_ghostfreak.say",
          "hurt": {
            "sound": "mob.evil_ghostfreak.hurt",
            "volume": 0.7
          },
          "death": {
			"sound": "mob.evil_ghostfreak.death",
			"volume": 1.0
		  },
          "step": {
            "sound": "mob.evil_ghostfreak.step",
            "volume": 1.0,
            "pitch": 1.0
          }
        }
      },
	  
	  "enemy:dr_viktor.human": {
        "volume": 1.0,
        "pitch": [ 0.8, 1.2 ],
        "events": {
          "ambient": "mob.dr_viktor.human.say",
          "transform": {
            "sound": "mob.dr_viktor.human.transform",
            "volume": 2.0
          },
		  "hurt": {
            "sound": "mob.dr_viktor.human.hurt",
            "volume": 0.7
          },
          "death": {
			"sound": "mob.dr_viktor.human.death",
			"volume": 1.0
		  },
          "step": {
            "sound": "mob.dr_viktor.human.step",
            "volume": 1.0,
            "pitch": 1.0
          }
        }
      },
	  
	  "enemy:dr_viktor": {
        "volume": 1.0,
        "pitch": [ 0.8, 1.2 ],
        "events": {
		  "electro": "mob.benvicktor.electric_beam",
          "ambient": "mob.dr_viktor.say",
          "hurt": {
            "sound": "mob.benvicktor.hurt",
            "volume": 0.7
          },
          "death": {
			"sound": "mob.dr_viktor.death",
			"volume": 1.0
		  },
          "step": {
            "sound": "mob.benvicktor.step",
            "volume": 1.0,
            "pitch": 1.0
          }
        }
      },
	  
	  "enemy:hex": {
        "volume": 1.0,
        "pitch": [ 0.8, 1.2 ],
        "events": {
		  "spawned": "mob.hex.spawned",
		  "regenerate": "mob.hex.regenerate",
		  "hex_bull": "mob.hex.hex_bull",
		  "stick_beam": "mob.hex.stick_beam",
		  "telekinesis": "mob.hex.telekinesis",
		  "power": "mob.hex.power",
          "ambient": "mob.hex.say",
          "hurt": {
            "sound": "mob.hex.hurt",
            "volume": 0.7
          },
          "death": {
			"sound": "mob.hex.death",
			"volume": 1.0
		  },
          "step": {
            "sound": "mob.hex.step",
            "volume": 0.0,
            "pitch": 0.0
          }
        }
      },
	  
	  "enemy:dr_animo": {
        "volume": 1.0,
        "pitch": [ 0.8, 1.2 ],
        "events": {
		  "intro_blast": "mob.dr_animo.intro_blast",
		  "blast": "mob.dr_animo.blast",
          "ambient": "mob.dr_animo.say",
          "hurt": {
            "sound": "mob.dr_animo.hurt",
            "volume": 0.7
          },
          "death": {
			"sound": "mob.dr_animo.death",
			"volume": 1.0
		  },
          "step": {
            "sound": "mob.dr_animo.step",
            "volume": 0.0,
            "pitch": 0.0
          }
        }
      },
	  
	  "enemy:mutant_frog": {
        "volume": 1.0,
        "pitch": [ 0.8, 1.2 ],
        "events": {
		  "bite": "mob.mutant_frog.bite",
		  "tongue": "mob.mutant_frog.tongue",
		  "jump": "mob.mutant_frog.jump",
          "ambient": "mob.mutant_frog.say",
          "hurt": {
            "sound": "mob.mutant_frog.hurt",
            "volume": 0.7
          },
          "death": {
			"sound": "mob.mutant_frog.death",
			"volume": 1.0
		  },
          "step": {
            "sound": "mob.mutant_frog.step",
            "volume": 0.0,
            "pitch": 0.0
          }
        }
      },
	  
	  "enemy:mutant_hamster": {
        "volume": 1.0,
        "pitch": [ 0.8, 1.2 ],
        "events": {
		  "rage": "mob.mutant_hamster.rage",
          "ambient": "mob.mutant_hamster.say",
          "hurt": {
            "sound": "mob.mutant_hamster.hurt",
            "volume": 0.7
          },
          "death": {
			"sound": "mob.mutant_hamster.death",
			"volume": 1.0
		  },
          "step": {
            "sound": "mob.mutant_hamster.step",
            "volume": 5.0,
            "pitch": 1.0
          }
        }
      },
	  
	  "enemy:heatbat": {
        "volume": 1.0,
        "pitch": [ 0.8, 1.2 ],
        "events": {
          "ambient": "mob.heatbat.say",
          "hurt": {
            "sound": "mob.heatbat.hurt",
            "volume": 0.7
          },
          "death": {
			"sound": "mob.heatbat.death",
			"volume": 1.0
		  },
          "step": {
            "sound": "mob.heatbat.step",
            "volume": 5.0,
            "pitch": 1.0
          }
        }
      },
      
      "vehicle:rb": {
        "volume": 1.0,
        "pitch": [ 0.8, 1.2 ],
        "events": {
          "close": "mob.rb.close",
          "open": "mob.rb.open",
          "ambient": "mob.rb.say",
          "hurt": {
            "sound": "mob.rb.hurt",
            "volume": 0.7
          },
          "death": "mob.rb.death",
          "step": {
            "sound": "mob.rb.step",
            "volume": 1.0,
            "pitch": 1.0
          }
        }
      }
    }
  }
}

         