{
    "format_version": "1.10.0",
    "animation_controllers": {
		"controller.animation.benmummy_strength": {
			"states": {
				"base": {
					"transitions": [
					{
						"smash": "variable.attack_time>0 && query.is_baby && query.get_equipped_item_name == ''"
					}
				],
					"on_entry": [""]
			},
				"smash": {
					"transitions": [
					{
						"default": "!variable.attack_time"
					}
				],
					"on_entry": [
					    "/fill ^ ^ ^ ^ ^2 ^1 air 0 destroy"
				    ]
				}
			}
		},
		
		"controller.animation.benmummy_walk_sound": {
			"states": {
				"base": {
					"transitions": [
					{
						"sound": "query.is_moving && !query.is_sprinting && query.is_on_ground"
					},
					{
						"sound2": "query.is_sprinting && query.is_on_ground"
					}
				],
					"on_entry": [""]
			},
				"sound": {
					"transitions": [
					{
						"default": "(1.0)"
					}
				],
					"on_entry": [
					  "/stopsound @a[r=20] step.ancient_debris",
				      "/stopsound @a[r=20] step.basalt",
				      "/stopsound @a[r=20] step.bone_block",
				      "/stopsound @a[r=20] step.cloth",
					  "/stopsound @a[r=20] step.chain",
					  "/stopsound @a[r=20] step.coral",
					  "/stopsound @a[r=20] step.grass",
					  "/stopsound @a[r=20] step.gravel",
					  "/stopsound @a[r=20] step.honey_block",
					  "/stopsound @a[r=20] step.ladder",
					  "/stopsound @a[r=20] step.nether_brick",
					  "/stopsound @a[r=20] step.nether_gold_ore",
					  "/stopsound @a[r=20] step.nether_sprouts",
					  "/stopsound @a[r=20] step.nether_wart",
					  "/stopsound @a[r=20] step.netherite",
					  "/stopsound @a[r=20] step.netherrack",
					  "/stopsound @a[r=20] step.nylium",
					  "/stopsound @a[r=20] step.roots",
					  "/stopsound @a[r=20] step.sand",
					  "/stopsound @a[r=20] step.shroomlight",
					  "/stopsound @a[r=20] step.slime",
					  "/stopsound @a[r=20] step.snow",
					  "/stopsound @a[r=20] step.soul_sand",
					  "/stopsound @a[r=20] step.soul_soil",
					  "/stopsound @a[r=20] step.stem",
					  "/stopsound @a[r=20] step.stone",
					  "/stopsound @a[r=20] step.vines",
					  "/stopsound @a[r=20] step.wood",
					  
					  "/scoreboard objectives add mummy_walk dummy",
				      "/scoreboard players add @s mummy_walk 1",
						
					  "/execute @s[scores={mummy_walk=1}] ~~~ playsound mob.mummy.step @a[r=20] ~~~",
					  "/execute @s[scores={mummy_walk=3}] ~~~ scoreboard players set @s mummy_walk 0"
					]
				},
				"sound2": {
					"transitions": [
					{
						"default": "(1.0)"
					}
				],
					"on_entry": [
					  "/stopsound @a[r=20] step.ancient_debris",
				      "/stopsound @a[r=20] step.basalt",
				      "/stopsound @a[r=20] step.bone_block",
				      "/stopsound @a[r=20] step.cloth",
					  "/stopsound @a[r=20] step.chain",
					  "/stopsound @a[r=20] step.coral",
					  "/stopsound @a[r=20] step.grass",
					  "/stopsound @a[r=20] step.gravel",
					  "/stopsound @a[r=20] step.honey_block",
					  "/stopsound @a[r=20] step.ladder",
					  "/stopsound @a[r=20] step.nether_brick",
					  "/stopsound @a[r=20] step.nether_gold_ore",
					  "/stopsound @a[r=20] step.nether_sprouts",
					  "/stopsound @a[r=20] step.nether_wart",
					  "/stopsound @a[r=20] step.netherite",
					  "/stopsound @a[r=20] step.netherrack",
					  "/stopsound @a[r=20] step.nylium",
					  "/stopsound @a[r=20] step.roots",
					  "/stopsound @a[r=20] step.sand",
					  "/stopsound @a[r=20] step.shroomlight",
					  "/stopsound @a[r=20] step.slime",
					  "/stopsound @a[r=20] step.snow",
					  "/stopsound @a[r=20] step.soul_sand",
					  "/stopsound @a[r=20] step.soul_soil",
					  "/stopsound @a[r=20] step.stem",
					  "/stopsound @a[r=20] step.stone",
					  "/stopsound @a[r=20] step.vines",
					  "/stopsound @a[r=20] step.wood",
					  
					  "/scoreboard objectives add mummy_walk2 dummy",
				      "/scoreboard players add @s mummy_walk2 1",
						
					  "/execute @s[scores={mummy_walk2=1}] ~~~ playsound mob.mummy.step @a[r=20] ~~~",
					  "/execute @s[scores={mummy_walk2=2}] ~~~ scoreboard players set @s mummy_walk2 0"
					]
				}
			}
		}
	}
}