{
    "format_version": "1.10.0",
    "animation_controllers": {
		"controller.animation.benvicktor_walk_sound": {
			"states": {
				"base": {
					"transitions": [
					{
						"sound": "query.is_moving && !query.is_sprinting && query.is_on_ground"
					},
					{
						"sound2": "query.is_sprinting && query.is_on_ground"
					}
				],
					"on_entry": [""]
			},
				"sound": {
					"transitions": [
					{
						"default": "(1.0)"
					}
				],
					"on_entry": [
					  "/stopsound @a[r=20] step.ancient_debris",
				      "/stopsound @a[r=20] step.basalt",
				      "/stopsound @a[r=20] step.bone_block",
				      "/stopsound @a[r=20] step.cloth",
					  "/stopsound @a[r=20] step.chain",
					  "/stopsound @a[r=20] step.coral",
					  "/stopsound @a[r=20] step.grass",
					  "/stopsound @a[r=20] step.gravel",
					  "/stopsound @a[r=20] step.honey_block",
					  "/stopsound @a[r=20] step.ladder",
					  "/stopsound @a[r=20] step.nether_brick",
					  "/stopsound @a[r=20] step.nether_gold_ore",
					  "/stopsound @a[r=20] step.nether_sprouts",
					  "/stopsound @a[r=20] step.nether_wart",
					  "/stopsound @a[r=20] step.netherite",
					  "/stopsound @a[r=20] step.netherrack",
					  "/stopsound @a[r=20] step.nylium",
					  "/stopsound @a[r=20] step.roots",
					  "/stopsound @a[r=20] step.sand",
					  "/stopsound @a[r=20] step.shroomlight",
					  "/stopsound @a[r=20] step.slime",
					  "/stopsound @a[r=20] step.snow",
					  "/stopsound @a[r=20] step.soul_sand",
					  "/stopsound @a[r=20] step.soul_soil",
					  "/stopsound @a[r=20] step.stem",
					  "/stopsound @a[r=20] step.stone",
					  "/stopsound @a[r=20] step.vines",
					  "/stopsound @a[r=20] step.wood",
					  
					  "/scoreboard objectives add viktor_walk dummy",
				      "/scoreboard players add @s viktor_walk 1",
						
					  "/execute @s[scores={viktor_walk=1}] ~~~ playsound mob.benvicktor.step @a[r=20] ~~~",
					  "/execute @s[scores={viktor_walk=3}] ~~~ scoreboard players set @s viktor_walk 0"
					]
				},
				"sound2": {
					"transitions": [
					{
						"default": "(1.0)"
					}
				],
					"on_entry": [
					  "/stopsound @a[r=20] step.ancient_debris",
				      "/stopsound @a[r=20] step.basalt",
				      "/stopsound @a[r=20] step.bone_block",
				      "/stopsound @a[r=20] step.cloth",
					  "/stopsound @a[r=20] step.chain",
					  "/stopsound @a[r=20] step.coral",
					  "/stopsound @a[r=20] step.grass",
					  "/stopsound @a[r=20] step.gravel",
					  "/stopsound @a[r=20] step.honey_block",
					  "/stopsound @a[r=20] step.ladder",
					  "/stopsound @a[r=20] step.nether_brick",
					  "/stopsound @a[r=20] step.nether_gold_ore",
					  "/stopsound @a[r=20] step.nether_sprouts",
					  "/stopsound @a[r=20] step.nether_wart",
					  "/stopsound @a[r=20] step.netherite",
					  "/stopsound @a[r=20] step.netherrack",
					  "/stopsound @a[r=20] step.nylium",
					  "/stopsound @a[r=20] step.roots",
					  "/stopsound @a[r=20] step.sand",
					  "/stopsound @a[r=20] step.shroomlight",
					  "/stopsound @a[r=20] step.slime",
					  "/stopsound @a[r=20] step.snow",
					  "/stopsound @a[r=20] step.soul_sand",
					  "/stopsound @a[r=20] step.soul_soil",
					  "/stopsound @a[r=20] step.stem",
					  "/stopsound @a[r=20] step.stone",
					  "/stopsound @a[r=20] step.vines",
					  "/stopsound @a[r=20] step.wood",
					  
					  "/scoreboard objectives add viktor_walk2 dummy",
				      "/scoreboard players add @s viktor_walk2 1",
						
					  "/execute @s[scores={viktor_walk2=1}] ~~~ playsound mob.benvicktor.step @a[r=20] ~~~",
					  "/execute @s[scores={viktor_walk2=2}] ~~~ scoreboard players set @s viktor_walk2 0"
					]
				}
			}
		},
		"controller.animation.benvicktor.ultimate_lightning": {
			"states": {
				"base": {
					"transitions": [
					{
						"strike": "query.is_casting"
					}
				],
					"on_entry": [""]
			},
				"strike": {
					"transitions": [
					{
						"default": "!query.is_casting"
					}
				],
					"on_entry": [
						"/execute @e[family=monster] ~ ~ ~ summon lightning_bolt ~ ~ ~"
				    ]
				}
			}
		},
		
		"controller.animation.benvicktor.lightning_upgrade": {
			"states": {
				"base": {
					"transitions": [
					{
						"strike": "query.is_roaring"
					}
				],
					"on_entry": [""]
			},
				"strike": {
					"transitions": [
					{
						"default": "!query.is_roaring"
					}
				],
					"on_entry": [
						"/summon lightning_bolt ~ ~ ~"
				    ]
				}
			}
		},
		
		"controller.animation.benvicktor.charged_sound": {
			"states": {
				"base": {
					"transitions": [
					{
						"charged": "query.is_powered"
					}
				],
					"on_entry": [""]
			},
				"charged": {
					"transitions": [
					{
						"default": "!query.is_powered"
					}
				],
					"on_entry": [
						"/playsound mob.benvicktor.electric_beam @p ~ ~ ~"
				    ]
				}
			}
		},
		
		"controller.animation.benvicktor_strength": {
			"states": {
				"base": {
					"transitions": [
					{
						"smash": "variable.attack_time>0 && query.is_baby && query.get_equipped_item_name == ''"
					}
				],
					"on_entry": [""]
			},
				"smash": {
					"transitions": [
					{
						"default": "!variable.attack_time"
					}
				],
					"on_entry": [
					    "/fill ^-1 ^ ^ ^1 ^2 ^2 air 0 destroy"
				    ]
				}
			}
		},
		
		"controller.animation.benvicktor_charged_sound": {
			"states": {
				"base": {
					"transitions": [
					{
						"sound": "query.is_sprinting"
					},
					{
						"sound2": "query.is_sneaking && query.is_sheared"
					},
					{
						"sound3": "query.is_sneaking && query.is_stunned"
					}
				],
					"on_entry": [""]
			},
				"sound": {
					"transitions": [
					{
						"default": "!query.is_sprinting"
					}
				],
					"on_entry": [
					    "/playsound mob.benvicktor.electric_beam @p ~ ~ ~"
				    ]
				},
				"sound2": {
					"transitions": [
					{
						"default": "!query.is_sneaking"
					}
				],
					"on_entry": [
					    "/playsound mob.benvicktor.electric_beam @p ~ ~ ~"
				    ]
				},
				"sound3": {
					"transitions": [
					{
						"default": "!query.is_sneaking"
					}
				],
					"on_entry": [
					    "/playsound mob.benvicktor.electric_beam @p ~ ~ ~"
				    ]
				}
			}
		},
		
		"controller.animation.player.benvicktor_electric_beam": {
			"states": {
				"base": {
					"transitions": [
					{
						"electric_beam": "query.is_sneaking && query.is_stackable"
					},
					{
						"lightning1": "query.is_sneaking && query.is_sheared"
					},
					{
						"lightning2": "query.is_sneaking && query.is_stunned"
					},
					{
						"not_shooting": "!query.is_sneaking"
					}
				],
					"on_entry": [""]
			},
				"electric_beam": {
					"transitions": [
					{
						"default": "(1.0)"
					}
				],
					"on_entry": [
						"/scoreboard objectives add electric_beam dummy",
						"/scoreboard players add @s electric_beam 1",
						
						"/execute @s[scores={electric_beam=3}] ~~~ tag @s add shoot_electric_beam",
						"/execute @s[scores={electric_beam=3}] ~~~ playsound mob.benvicktor.electric_beam @p ~ ~ ~",
						"/execute @s[scores={electric_beam=3..10000}] ~~~ execute @s[scores={omni_timer=1..3830}] ~~~ scoreboard players add @s omni_timer 15"
				    ]
				},
				"lightning1": {
					"transitions": [
					{
						"default": "(1.0)"
					}
				],
					"on_entry": [
						"/scoreboard objectives add lightning1 dummy",
						"/scoreboard players add @s lightning1 1",
						
						"/execute @s[scores={lightning1=3}] ~~~ tag @s add shoot_lightning1",
						"/execute @s[scores={lightning1=3}] ~~~ playsound mob.benvicktor.electric_beam @p ~ ~ ~",
						"/execute @s[scores={lightning1=3..10000}] ~~~ execute @s[scores={omni_timer=1..3830}] ~~~ scoreboard players add @s omni_timer 10"
				    ]
				},
				"lightning2": {
					"transitions": [
					{
						"default": "(1.0)"
					}
				],
					"on_entry": [
						"/scoreboard objectives add lightning2 dummy",
						"/scoreboard players add @s lightning2 1",
						
						"/execute @s[scores={lightning2=3}] ~~~ execute @e[family=monster] ~ ~ ~ summon lightning_bolt ~ ~ ~",
						"/execute @s[scores={lightning2=3}] ~~~ playsound mob.benvicktor.electric_beam @p ~ ~ ~",
						"/execute @s[scores={lightning2=3}] ~~~ execute @s[scores={omni_timer=1..3790}] ~~~ scoreboard players add @s omni_timer 100"
				    ]
				},
				"not_shooting": {
					"transitions": [
					{
						"default": "(1.0)"
					}
				],
					"on_entry": [
				        "/tag @s remove shoot_electric_beam",
						"/tag @s remove shoot_lightning1",
						"/tag @s remove shoot_lightning2",
						"/scoreboard players set @s electric_beam 0",
						"/scoreboard players set @s lightning1 0",
						"/scoreboard players set @s lightning2 0"
				    ]
				}
			}
		}
	}
}