{
    "format_version": "1.10.0",
    "animation_controllers": {		
		"controller.animation.cannonbolt_strength": {
			"states": {
				"base": {
					"transitions": [
					{
						"smash": "variable.attack_time && query.is_baby && query.get_equipped_item_name == ''"
					}
				],
					"on_entry": [""]
			},
				"smash": {
					"transitions": [
					{
						"default": "!variable.attack_time"
					}
				],
					"on_entry": [
					    "/fill ^-1 ^ ^ ^1 ^2 ^2 air 0 destroy"
				    ]
				}
			}
		},
		
		"controller.animation.cb_rolling_ability": {
			"states": {
				"base": {
					"transitions": [
					{
						"roll": "query.is_sprinting"
					}
				],
					"on_entry": ["@s cb_normal_attack", "/tag @s remove cb_rolling"]
			},
				"roll": {
					"transitions": [
					{
						"default": "!query.is_sprinting"
					}
				],
					"on_entry": [
					    "@s cb_roll_attack", "/tag @s add cb_rolling"
				    ]
				}
			}
		},
		
		"controller.animation.cannonbolt.rolling_sound": {
			"states": {
				"base": {
					"transitions": [
					{
						"sound": "query.is_stackable"
					}
				],
					"on_entry": [""]
			},
				"sound": {
					"transitions": [
					{
						"default": "(1.0)"
					}
				],
					"on_entry": [
					  "/stopsound @a[r=20] mob.cannonbolt.step",
					
					  "/stopsound @a[r=20] step.ancient_debris",
				      "/stopsound @a[r=20] step.basalt",
				      "/stopsound @a[r=20] step.bone_block",
				      "/stopsound @a[r=20] step.cloth",
					  "/stopsound @a[r=20] step.chain",
					  "/stopsound @a[r=20] step.coral",
					  "/stopsound @a[r=20] step.grass",
					  "/stopsound @a[r=20] step.gravel",
					  "/stopsound @a[r=20] step.honey_block",
					  "/stopsound @a[r=20] step.ladder",
					  "/stopsound @a[r=20] step.nether_brick",
					  "/stopsound @a[r=20] step.nether_gold_ore",
					  "/stopsound @a[r=20] step.nether_sprouts",
					  "/stopsound @a[r=20] step.nether_wart",
					  "/stopsound @a[r=20] step.netherite",
					  "/stopsound @a[r=20] step.netherrack",
					  "/stopsound @a[r=20] step.nylium",
					  "/stopsound @a[r=20] step.roots",
					  "/stopsound @a[r=20] step.sand",
					  "/stopsound @a[r=20] step.shroomlight",
					  "/stopsound @a[r=20] step.slime",
					  "/stopsound @a[r=20] step.snow",
					  "/stopsound @a[r=20] step.soul_sand",
					  "/stopsound @a[r=20] step.soul_soil",
					  "/stopsound @a[r=20] step.stem",
					  "/stopsound @a[r=20] step.stone",
					  "/stopsound @a[r=20] step.vines",
					  "/stopsound @a[r=20] step.wood",
					  
					  "/scoreboard objectives add cb_roll_sound dummy",
				      "/scoreboard players add @s cb_roll_sound 1",
						
					  "/execute @s[scores={cb_roll_sound=1}] ~~~ playsound mob.cannonbolt.rolling @a[r=20] ~~~",
					  "/execute @s[scores={cb_roll_sound=3}] ~~~ scoreboard players set @s cb_roll_sound 0"
					]
				}
			}
		},
		
		"controller.animation.cb_walk_sound": {
			"states": {
				"base": {
					"transitions": [
					{
						"sound": "query.is_moving && !query.is_sprinting && query.is_on_ground"
					},
					{
						"sound2": "query.is_sprinting && query.is_on_ground"
					}
				],
					"on_entry": [""]
			},
				"sound": {
					"transitions": [
					{
						"default": "(1.0)"
					}
				],
					"on_entry": [
					  "/stopsound @a[r=20] step.ancient_debris",
				      "/stopsound @a[r=20] step.basalt",
				      "/stopsound @a[r=20] step.bone_block",
				      "/stopsound @a[r=20] step.cloth",
					  "/stopsound @a[r=20] step.chain",
					  "/stopsound @a[r=20] step.coral",
					  "/stopsound @a[r=20] step.grass",
					  "/stopsound @a[r=20] step.gravel",
					  "/stopsound @a[r=20] step.honey_block",
					  "/stopsound @a[r=20] step.ladder",
					  "/stopsound @a[r=20] step.nether_brick",
					  "/stopsound @a[r=20] step.nether_gold_ore",
					  "/stopsound @a[r=20] step.nether_sprouts",
					  "/stopsound @a[r=20] step.nether_wart",
					  "/stopsound @a[r=20] step.netherite",
					  "/stopsound @a[r=20] step.netherrack",
					  "/stopsound @a[r=20] step.nylium",
					  "/stopsound @a[r=20] step.roots",
					  "/stopsound @a[r=20] step.sand",
					  "/stopsound @a[r=20] step.shroomlight",
					  "/stopsound @a[r=20] step.slime",
					  "/stopsound @a[r=20] step.snow",
					  "/stopsound @a[r=20] step.soul_sand",
					  "/stopsound @a[r=20] step.soul_soil",
					  "/stopsound @a[r=20] step.stem",
					  "/stopsound @a[r=20] step.stone",
					  "/stopsound @a[r=20] step.vines",
					  "/stopsound @a[r=20] step.wood",
					  
					  "/scoreboard objectives add cb_walk_sound dummy",
				      "/scoreboard players add @s cb_walk_sound 1",
						
					  "/execute @s[scores={cb_walk_sound=1}] ~~~ playsound mob.cannonbolt.step @a[r=20] ~~~",
					  "/execute @s[scores={cb_walk_sound=3}] ~~~ scoreboard players set @s cb_walk_sound 0"
					]
				},
				"sound2": {
					"transitions": [
					{
						"default": "(1.0)"
					}
				],
					"on_entry": [
					  "/stopsound @a[r=20] step.ancient_debris",
				      "/stopsound @a[r=20] step.basalt",
				      "/stopsound @a[r=20] step.bone_block",
				      "/stopsound @a[r=20] step.cloth",
					  "/stopsound @a[r=20] step.chain",
					  "/stopsound @a[r=20] step.coral",
					  "/stopsound @a[r=20] step.grass",
					  "/stopsound @a[r=20] step.gravel",
					  "/stopsound @a[r=20] step.honey_block",
					  "/stopsound @a[r=20] step.ladder",
					  "/stopsound @a[r=20] step.nether_brick",
					  "/stopsound @a[r=20] step.nether_gold_ore",
					  "/stopsound @a[r=20] step.nether_sprouts",
					  "/stopsound @a[r=20] step.nether_wart",
					  "/stopsound @a[r=20] step.netherite",
					  "/stopsound @a[r=20] step.netherrack",
					  "/stopsound @a[r=20] step.nylium",
					  "/stopsound @a[r=20] step.roots",
					  "/stopsound @a[r=20] step.sand",
					  "/stopsound @a[r=20] step.shroomlight",
					  "/stopsound @a[r=20] step.slime",
					  "/stopsound @a[r=20] step.snow",
					  "/stopsound @a[r=20] step.soul_sand",
					  "/stopsound @a[r=20] step.soul_soil",
					  "/stopsound @a[r=20] step.stem",
					  "/stopsound @a[r=20] step.stone",
					  "/stopsound @a[r=20] step.vines",
					  "/stopsound @a[r=20] step.wood",
					  
					  "/scoreboard objectives add cb_roll_sound dummy",
				      "/scoreboard players add @s cb_roll_sound 1",
						
					  "/execute @s[scores={cb_roll_sound=1}] ~~~ playsound mob.cannonbolt.rolling @a[r=20] ~~~",
					  "/execute @s[scores={cb_roll_sound=3}] ~~~ scoreboard players set @s cb_roll_sound 0"
					]
				}
			}
		}
	}
}