{
    "format_version": "1.10.0",
    "animation_controllers": {
		"controller.animation.ditto": {
			"states": {
				"base": {
					"transitions": [
					{
						"gone": "!query.is_alive"
					}
				],
					"on_entry": [""]
			},
				"gone": {
					"transitions": [
					{
						"default": "query.is_alive"
					}
				],
					"on_entry": [
				        "@s despawn"
				    ]
				}
			}
		},
		
		"controller.animation.ditto_fatal": {
			"states": {
				"base": {
					"transitions": [
					{
						"gone": "!query.is_alive"
					}
				],
					"on_entry": [""]
			},
				"gone": {
					"transitions": [
					{
						"default": "query.is_alive"
					}
				],
					"on_entry": [
				        "/execute @s[tag=!remove_dittos] ~ ~ ~ kill @e[type=dcl:d_cl]",
						"/tag @s add remove_dittos"
				    ]
				}
			}
		},
		
		"controller.animation.summon_clones": {
			"states": {
				"base": {
					"transitions": [
					{
						"clones": "query.has_target"
					},
					{
						"remove_clones": "!query.has_target"
					}
				],
					"on_entry": [""]
			},
				"clones": {
					"transitions": [
					{
						"default": "(1.0)"
					}
				],
					"on_entry": [
					    "/scoreboard objectives add ditto_cloning dummy",
						"/execute @s[scores={ditto_cloning=!6}] ~~~ scoreboard players add @s ditto_cloning 1",
					
				        "/execute @s[scores={ditto_cloning=1..5}] ~~~ summon dcl:d_cl ~ ~ ~"
				    ]
				},
				"remove_clones": {
					"transitions": [
					{
						"default": "query.has_target"
					}
				],
					"on_entry": [
					    "/kill @e[type=dcl:d_cl]",
						"/effect @e[type=dcl:d_cl] invisibility 9000 255 true",
						"/scoreboard players set @s ditto_cloning 0"
				    ]
				}
			}
		},
		
		"controller.animation.ditto_clone": {
			"states": {
				"base": {
					"transitions": [
					{
						"clone": "query.is_sneaking && query.is_saddled"
					}
				],
					"on_entry": [""]
			},
				"clone": {
					"transitions": [
					{
						"default": "!query.is_sneaking"
					}
				],
					"on_entry": [
				        "/summon dcl:d_cl",
						"/execute @s[scores={omni_timer=1..3830}] ~~~ scoreboard players add @s omni_timer 40"
				    ]
				}
			}
		}
	}
}