{
    "format_version": "1.10.0",
    "animation_controllers": {
		"controller.animation.way_big.camerashake": {
			"states": {
				"base": {
					"transitions": [
					{
						"walking": "query.is_moving && query.is_on_ground"
					}
				],
					"on_entry": [""]
			},
				"walking": {
					"transitions": [
					{
						"default": "(1.0)"
					}
				],
					"on_entry": [
				        "/camerashake add @a[r=60] 0.5 0.45"
				    ]
				}
			}
		},
		
		"controller.animation.way_big.player.camerashake": {
			"states": {
				"base": {
					"transitions": [
					{
						"walking": "query.is_moving && query.is_on_ground && query.has_rider"
					}
				],
					"on_entry": [""]
			},
				"walking": {
					"transitions": [
					{
						"default": "(1.0)"
					}
				],
					"on_entry": [
				        "/camerashake add @a[r=60] 0.5 0.45"
				    ]
				}
			}
		},
		
		"controller.animation.player.way_big.strength": {
			"states": {
				"base": {
					"transitions": [
					{
						"smash": "variable.attack_time>0 && query.is_baby && query.get_equipped_item_name == ''"
					}
				],
					"on_entry": [""]
			},
				"smash": {
					"transitions": [
					{
						"default": "!variable.attack_time"
					}
				],
					"on_entry": [
					    "/fill ^-10 ^-5 ^ ^10 ^5 ^10 air 0 destroy"
				    ]
				}
			}
		},
		
		"controller.animation.player.way_big.fatal": {
			"states": {
				"base": {
					"transitions": [
					{
						"fatal": "!query.is_riding && query.is_illager_captain"
					},
					{
						"untransform": "query.is_on_ground && query.is_illager_captain"
					}
				],
					"on_entry": [""]
			},
				"fatal": {
					"transitions": [
					{
						"default": "query.is_riding"
					}
				],
					"on_entry": [
						"/execute @s[scores={omni_timer=4..3901}] ~~~ ride @s stop_riding"
				    ]
				}, 
				"untransform": {
					"transitions": [
					{
						"default": "!query.is_on_ground"
					}
				],
					"on_entry": [
						"/execute @s[scores={omni_timer=4..3901}] ~~~ function untransform"
				    ]
				}
			}
		},
		
		"controller.animation.way_big.sounds": {
			"states": {
				"base": {
					"transitions": [
					{
						"cosmic_ray": "query.is_powered"
					}
				],
					"on_entry": [""]
			},
				"cosmic_ray": {
					"transitions": [
					{
						"default": "!query.is_powered"
					}
				],
					"on_entry": [
				        "/playsound mob.way_big.cosmic_ray @p ~~~"
				    ]
				}
			}
		},
		
		"controller.animation.player.way_big_fp_height": {
			"states": {
				"base": {
					"transitions": [
					{
						"fp_look": "query.mark_variant == 19"
					},
					{
						"remove_fp_height": "query.mark_variant != 19"
					}
				],
					"on_entry": [""]
			},
				"fp_look": {
					"transitions": [
					{
						"default": "(1.0)"
					}
				],
					"on_entry": [
				        "/ride @s start_riding @e[type=way_big:fp_height] teleport_rider until_full"
				    ]
				},
				"remove_fp_height": {
					"transitions": [
					{
						"default": "query.mark_variant == 19"
					}
				],
					"on_entry": [
				        "/ride @s stop_riding",
						"/particle transpar:trans_par_timeout ~ ~ ~"
				    ]
				}
			}
		},
		
		"controller.animation.player.way_big.cosmic_ray": {
			"states": {
				"base": {
					"transitions": [
					{
						"cosmic_ray": "query.get_equipped_item_name == 'cosmic_ray' && query.is_using_item"
					},
					{
						"not_shooting": "query.get_equipped_item_name == 'cosmic_ray' && !query.is_using_item"
					}
				],
					"on_entry": [""]
			},
				"cosmic_ray": {
					"transitions": [
					{
						"default": "(1.0)"
					}
				],
					"on_entry": [
						"/scoreboard objectives add cosmic_ray dummy",
						"/scoreboard players add @s cosmic_ray 1",
						
						"/execute @s[scores={cosmic_ray=7}] ~~~ tag @s add shoot_cosmic_ray",
						"/execute @s[scores={cosmic_ray=7}] ~~~ playsound mob.way_big.cosmic_ray @p ~ ~ ~",
						"/execute @s[scores={cosmic_ray=7..10000}] ~~~ execute @s[scores={omni_timer=1..3830}] ~~~ scoreboard players add @s omni_timer 10"
				    ]
				},
				"not_shooting": {
					"transitions": [
					{
						"default": "(1.0)"
					}
				],
					"on_entry": [
				        "/tag @s remove shoot_cosmic_ray",
						"/scoreboard players set @s cosmic_ray 0",
						"/scoreboard players set @s cosmic_ray 0"
				    ]
				}
			}
		},
		
		"controller.animation.way_big.player.rider": {
			"states": {
				"base": {
					"transitions": [
					{
						"no_rider": "!query.has_rider"
					},
					{
						"has_rider": "query.has_rider"
					}
				],
					"on_entry": [""]
			},
				"no_rider": {
					"transitions": [
					{
						"default": "(1.0)"
					}
				],
					"on_entry": [
				        "/scoreboard objectives add way_big_no_rider dummy",
						"/scoreboard players add @s way_big_no_rider 1",
						
						"/execute @s[scores={way_big_no_rider=5}] ~~~ tag @s add despawn_now"
				    ]
				},
				"has_rider": {
					"transitions": [
					{
						"default": "(1.0)"
					}
				],
					"on_entry": [
						"/scoreboard players set @s way_big_no_rider 0"
				    ]
				}
			}
		},
		
		"controller.animation.way_big.knockback.damage": {
			"states": {
				"base": {
					"transitions": [
					{
						"impact": "query.is_alive"
					}
				],
					"on_entry": [""]
			},
				"impact": {
					"transitions": [
					{
						"default": "!query.is_alive"
					}
				],
					"on_entry": [
					  "/fill ~-8~~-8 ~8~8~8 air 0 destroy"
					]
				}
			}
		},
		
		"controller.animation.way_big.knockback2.damage": {
			"states": {
				"base": {
					"transitions": [
					{
						"impact": "query.is_alive"
					}
				],
					"on_entry": [""]
			},
				"impact": {
					"transitions": [
					{
						"default": "!query.is_alive"
					}
				],
					"on_entry": [
					  "/fill ~-14~~-14 ~14~14~14 air 0 destroy"
					]
				}
			}
		}
	}
}