{
    "format_version": "1.16.100",
    "minecraft:item": {
        "description": {
            "identifier": "staff:staff_of_ages",
	        "category": "equipment"
        },
        "components": {
			"minecraft:icon": {
				"texture": "staff_of_ages"
			},
            "minecraft:max_stack_size": 1,
            "minecraft:use_duration": 3600,
            "minecraft:hand_equipped": true,
			"minecraft:mining_speed": 1,
            "minecraft:damage": 9,
            "minecraft:can_destroy_in_creative": false,
			"minecraft:weapon": {
				"on_hurt_entity": {
				  "event": "hurt",
				  "target": "self"
				},
				"on_not_hurt_entity": {
				  "event": "hurt",
				  "target": "self"
				}
			}
        },
		"events": {
			"hurt": {
				"swing": {},
				"run_command": {
					"command": [
					],
					"target": "self"
				}
			}
		}
    }
}