{
  "format_version": "1.10.0",
  "minecraft:client_entity": {
    "description": {
      "identifier": "enemy:hex",
      "materials": {
        "default": "enderman",
        "invisible": "enderman_invisible",
		"charged": "charged_creeper"
      },
      "textures": {
        "default": "textures/entity/enemies/hex/hex1",
        "casting": "textures/entity/enemies/hex/hex2",
		"charged": "textures/entity/enemies/hex/shield"
      },
      "geometry": {
        "default": "geometry.hex",
		"shield": "geometry.magic_shield",
		"ball": "geometry.hex.magic_ball.charged",
		"stick_beam": "geometry.hex.stick_beam"
      },
      "animations": {
        "moving": "animation.hex.walking",
        "hex_general": "animation.hex.general",
        "look_at_target": "animation.common.look_at_target",
		"attacking": "animation.hex.attacking",
		"knockback_attacking": "animation.hex.knockback_melee",
		"regenerating": "animation.hex.regenerating",
		"stick_beam_shoot": "animation.hex.stick_energy",
		"summon_stone_creatures": "animation.hex.summoning",
		"hex_telekinesis": "animation.hex.telekinesis",

        "move": "controller.animation.hex.move",
        "general": "controller.animation.hex.general",
		"attack": "controller.animation.hex.attack",
		"regenerate": "controller.animation.hex.regenerate",
		"stick_beam": "controller.animation.hex.stick_beam",
		"summoning": "controller.animation.hex.summoning",
		"telekinesis": "controller.animation.hex.telekinesis",
		"trail": "controller.animation.hex.trail",
		"hex_bull": "controller.animation.hex.bull"
      },
      "scripts": {
        "animate": [
          "move", "general", "attack", "regenerate", "stick_beam", "summoning", "telekinesis", "hex_bull", "trail"
        ],
        "pre_animation": [
          "variable.attack = Math.sin(variable.attack_time * 30.0);"
        ]
      },
      "particle_effects": {
        "hex_par": "hex:hex_trail"
      },
      "render_controllers": [
        "controller.render.charmcaster",
		"controller.render.hex.shield",
		"controller.render.hex.magic_ball",
		"controller.render.hex.stick_beam"
      ],
       "spawn_egg": {
        "texture": "hex",
        "texture_index": 36
      }
    }
  }
}