{
  "format_version": "1.10.0",
  "minecraft:client_entity": {
    "description": {
      "identifier": "item:hex_staff",
      "materials": {
        "default": "npc"
      },
      "textures": {
        "default": "textures/entity/enemies/hex/hex1"
      },
      "geometry": {
        "default": "geometry.hex_staff"
      },
      "animations": {
        "hex_general": "animation.hex_staff.general",

        "general": "controller.animation.hex.general"
      },
      "scripts": {
        "animate": [
          "general"
        ]
      },
      "render_controllers": [
        "controller.render.normal_entity"
      ]
    }
  }
}