{
  "format_version": "1.13.0",
  "minecraft:entity": {
    "description": {
      "identifier": "companion:grandpa_max",
      "is_spawnable": true,
      "is_summonable": true,
      "is_experimental": false,
	  "scripts": {
        "animate": [
		  "hazmat_suit"
        ]
      },
      "animations": {
		"hazmat_suit": "controller.animation.hazmat_suit"
      }
    },
    "component_groups": {
	
	"hazmat_suit": {
	    "minecraft:is_baby": {}
	  },
    
    "max_ordinary": {
      "minecraft:variant": {
        "value": 0
      },
      "minecraft:movement": {
        "value": 0.25
      },
      "minecraft:health": {
        "value": 60,
        "max": 60
      },
      "minecraft:attack": {
        "damage": 4
      },
      "minecraft:knockback_resistance": {
        "value": 0.0
      }
    },
     
    "max_has_gun": {
      "minecraft:is_sheared": {},
      "minecraft:variant": {
        "value": 0
      },
      "minecraft:movement": {
        "value": 0.25
      },
      "minecraft:health": {
        "value": 60,
        "max": 60
      },
      "minecraft:attack": {
        "damage": 7
      },
      "minecraft:knockback_resistance": {
        "value": 0.0
      }
    },
    
    "max_robotic": {
      "minecraft:variant": {
        "value": 1
      },
      "minecraft:movement": {
        "value": 0.3
      },
      "minecraft:health": {
        "value": 80,
        "max": 80
      },
      "minecraft:attack": {
        "damage": 15
      },
      "minecraft:knockback_resistance": {
        "value": 100.0
      }
    },
    
     "attacks_monsters": {
   "minecraft:behavior.nearest_attackable_target": {
          "priority": 1,
          "reselect_targets": true,
          "entity_types": [
            {
             "filters": {
              "any_of": [
                {
                  "test": "is_family",
                  "subject": "other",
                  "value": "monster"
                }
              ]
            },
              "max_dist": 25
            }
          ],
          "must_see": false,
		  "must_reach": false
        }
      },
      
      "melee_attack": {                  
        "minecraft:behavior.melee_attack": {
        "priority": 3,
        "speed_multiplier": 1,
        "track_target": false
      }
    },
      
      "shooting_anim": {
        "minecraft:is_stackable": {}
      },
      
      "shooting_attack": {
        "minecraft:shooter": {
          "type": "Arrow",
          "def": "max:max_bullet"
        },
        "minecraft:behavior.ranged_attack": {
          "attack_interval_min": 1.0,
          "attack_interval_max": 3.0,
          "attack_radius": 100,
          "burst_shots": 4,
          "burst_interval": 0.0,
          "charge_charged_trigger": 0.0,
          "charge_shoot_trigger": 1.0
        }
      },
      
      "detects_target": { 
        "minecraft:target_nearby_sensor": {
          "inside_range": 4.0,
          "outside_range": 6.0,
          "on_inside_range": {
            "event": "melee_attack",
              "target": "self"
            },
            "on_outside_range": {
              "event": "shooting_attack",
              "target": "self"
            }
          }
        },
        
      "detects_target2": { 
        "minecraft:target_nearby_sensor": {
          "inside_range": 4.0,
          "outside_range": 6.0,
          "on_inside_range": {
            "event": "melee_attack",
              "target": "self"
            }
          }
        }
      },

    "components": {
      "minecraft:nameable": {
      },
      
      "minecraft:type_family": {
        "family": [ "uncle_max", "mutant_frog_food" ]
      },
      "minecraft:collision_box": {
        "width": 0.6,
        "height": 1.9
      },
      "minecraft:movement.basic": {
      },
      "minecraft:navigation.walk": {
        "is_amphibious": true,
        "can_pass_doors": true,
        "can_walk": true,
        "can_break_doors": true
      },
      "minecraft:annotation.break_door": {
      },
      "minecraft:jump.static": {
      },
      "minecraft:can_climb": {
      },
      "minecraft:scale": {
        "value": 1.0
      },
      
      "minecraft:hurt_on_condition": {
        "damage_conditions": [
          {
            "filters": { "test": "in_lava", "subject": "self", "operator": "==", "value": true },
            "cause": "lava",
            "damage_per_tick": 4
          }
        ]
      },
	  "minecraft:follow_range": {
	    "value": 30,
		"max": 30
	  },
	  "minecraft:interact": {
          "interactions": 
		  [
		   {
            "on_interact": {
              "filters": {
                "all_of": [
                  {
                    "test": "is_family",
                    "subject": "other",
                    "value": "player"
                  },
				  {
                    "test": "has_component",
                    "subject": "self",
					"operator": "!=",
                    "value": "minecraft:is_baby"
                  },
				  {
                    "test": "has_equipment",
                    "subject": "other",
					"domain": "hand",
					"operator": "==",
                    "value": "cor:hazmat_suit"
                  }
                ]
              },
              "event": "hazmat_suit",
              "target": "self"
            },
            "interact_text": "Give Hazmat Suit",
			"use_item": true
          },
		  {
            "on_interact": {
              "filters": {
                "all_of": [
                  {
                    "test": "is_family",
                    "subject": "other",
                    "value": "player"
                  },
				  {
                    "test": "has_component",
                    "subject": "self",
					"operator": "==",
                    "value": "minecraft:is_baby"
                  }
                ]
              },
              "event": "remove_hazmat_suit",
              "target": "self"
            },
            "interact_text": "Get Hazmat Suit",
			"use_item": false,
			"add_items": {
			  "table": "loot_tables/entities/hazmat_suit.json"
			}
          }
		]
	  },
        "minecraft:damage_sensor": {
          "triggers": [
          {
            "on_damage": {
              "filters": {                "any_of": [
                {
                  "test": "is_riding",
                  "subject": "self",
                  "operator": "==",
                  "value": true
                }
              ]
            }
          },
          "deals_damage": false
        }
      ]
    },
    
      "minecraft:breathable": {
        "total_supply": 15,
        "suffocate_time": 0,
        "breathes_air": true,
        "breathes_water": false
      },
      "minecraft:loot": {
        "table": "loot_tables/entities/empty.json"
      },
      "minecraft:behavior.float": {
        "priority": 0
      },
        "minecraft:behavior.avoid_mob_type": {
          "priority": 6,
          "entity_types": [
            {
              "filters": {
                "any_of": [
                {
                  "test": "is_family",
                  "subject": "other",
                  "value": "dh_spike"
                },
				{
                  "test": "is_family",
                  "subject": "other",
                  "value": "tentacle_vines"
                },
                {
                  "test": "is_family",
                  "subject": "other",
                  "value": "magic_spike"
                },
				{
				  "all_of": [
				  {
                    "test": "is_family",
                    "subject": "other",
                    "value": "corrodium"
				  },
				  {
                    "test": "has_equipment",
                    "subject": "self",
					"domain": "head",
					"operator": "==",
                    "value": "cor:hazmat_suit"
                  }
				]
              }
            ]
          },
          "max_dist": 10,
          "walk_speed_multiplier": 0.8,
          "sprint_speed_multiplier": 1.33
        }
      ]
    }, 
	"minecraft:behavior.move_towards_restriction": {
        "priority": 5,
        "speed_multiplier": 1
      },
      "minecraft:behavior.random_stroll": {
        "priority": 6,
        "speed_multiplier": 1
      },
      "minecraft:behavior.look_at_player": {
        "priority": 7,
        "look_distance": 6,
        "probability": 0.02
      },
      "minecraft:behavior.random_look_around": {
        "priority": 7
      },
      "minecraft:behavior.hurt_by_target": {
        "priority": 2,
        "entity_types": [
          {
            "filters": {
            "other_without_families": [ "ben10", "gwen", "uncle_max", "rb", "corrodium" ]
            }
          }
        ]
      },
        "minecraft:behavior.find_mount": {
          "priority": 1,
          "within_radius":16
      },
      "minecraft:physics": {
      },
      "minecraft:pushable": {
        "is_pushable": true,
        "is_pushable_by_piston": true
      },
       "minecraft:on_target_escape": {
         "event": "remove_shooting_anim",
         "target": "self"
       },
      
        "minecraft:environment_sensor": {
          "triggers": [
            {
              "filters": {
                "test": "is_riding",
                "subject": "self",
                "operator": "==",
                "value": true
              },
              "event": "remove_attacks"
            },
            {
              "filters": {
                "all_of": [
                {
                  "test": "is_riding",
                  "subject": "self",
                  "operator": "==",
                  "value": false
                },
                {
                  "test": "is_variant",
                  "subject": "self",
                  "operator": "==",
                  "value": 0
                }
              ]
            },
            "event": "return_attacks1"
          },
          {
              "filters": {
                "all_of": [
                {
                  "test": "is_riding",
                  "subject": "self",
                  "operator": "==",
                  "value": false
                },
                {
                  "test": "is_variant",
                  "subject": "self",
                  "operator": "==",
                  "value": 0
                },
                {
                  "test": "has_component",
                  "subject": "self",
                  "operator": "==",
                  "value": "minecraft:is_sheared"
                }
              ]
            },
            "event": "return_attacks2"
          },
          {
              "filters": {
                "all_of": [
                {
                  "test": "is_riding",
                  "subject": "self",
                  "operator": "==",
                  "value": false
                },
                {
                  "test": "is_variant",
                  "subject": "self",
                  "operator": "==",
                  "value": 1
                }
              ]
            },
            "event": "return_attacks1"
          }
        ]
      }
    },
                
    "events": {
      "minecraft:entity_spawned": {
        "randomize": [
        {
          "weight": 50,
          "remove": {},
          "add": {
            "component_groups": [
              "max_ordinary",
              "detects_target2",
              "attacks_monsters"
            ]
          }
        },
        {
          "weight": 50,
          "remove": {},
          "add": {
            "component_groups": [
              "max_has_gun",
              "detects_target",
              "attacks_monsters"
            ]
          }
        },
        {
          "weight": 50,
          "remove": {},
          "add": {
            "component_groups": [
              "max_robotic",
              "detects_target2",
              "attacks_monsters"
            ]
          }
        }
      ]
    },
	
	"hazmat_suit": {
        "add": {
          "component_groups": [
            "hazmat_suit"
          ]
        }
      },
	  
	  "remove_hazmat_suit": {
        "remove": {
          "component_groups": [
            "hazmat_suit"
          ]
        }
      },
    
      "melee_attack": {
        "remove": {
          "component_groups": [
            "shooting_attack",
            "shooting_anim"
          ]
        },
        "add": {
          "component_groups": [
            "melee_attack"
          ]
        }
      },
      
      "remove_attacks": {
        "remove": {
          "component_groups": [
            "detects_target",
            "detects_target2",
            "shooting_attack",
            "shooting_anim"
          ]
        }
      },
        
      "return_attacks1": {
        "add": {
          "component_groups": [
            "detects_target2"
          ]
        }
      },

      "return_attacks2": {
        "add": {
          "component_groups": [
            "detects_target"
          ]
        }
      },
      
      "remove_shooting_anim": {
        "remove": {
          "component_groups": [
            "shooting_anim"
          ]
        }
      },           
     
      "shooting_attack": {
        "remove": {
          "component_groups": [
            "melee_attack"
          ]
        },
        "add": {
          "component_groups": [
            "shooting_attack",
            "shooting_anim"
          ]
        }
      }
    }
  }
}
