{
  "format_version": "1.10.0",
  "minecraft:client_entity": {
    "description": {
      "identifier": "enemy:heatbat.dead",
      "materials": {
        "default": "enderman",
        "invisible": "enderman_invisible"
      },
      "textures": {
        "default": "textures/entity/enemies/dr_animo_pets/heatbat"
      },
      "geometry": {
        "default": "geometry.heatbat"
      },
      "animations": {
        "heatbat_general": "animation.heatbat.dead",

        "general": "controller.animation.heatbat.dead"
      },
      "scripts": {
        "animate": [
          "general"
        ],
        "pre_animation": [
          "variable.attack = Math.sin(variable.attack_time * 30.0);"
        ]
      },
      "render_controllers": [
        "controller.render.heatbat"
      ]
    }
  }
}