{
  "format_version": "1.10.0",
  "minecraft:client_entity": {
    "description": {
      "identifier": "enemy:mutant_frog",
      "materials": {
        "default": "npc"
      },
      "textures": {
        "default": "textures/entity/enemies/dr_animo_pets/mutant_frog"
      },
      "geometry": {
        "default": "geometry.mutant_frog"
      },
      "animations": {
        "mutant_frog_general": "animation.mutant_frog.general",
		"blinking": "animation.mutant_frog.blinking",
        "look_at_target": "animation.common.look_at_target",
		"jumping": "animation.mutant_frog.jump",
		"biting": "animation.mutant_frog.bite",
		"tongue_attack": "animation.mutant_frog.tongue",

        "general": "controller.animation.mutant_frog.general",
		"jump": "controller.animation.mutant_frog.jump",
		"bite": "controller.animation.mutant_frog.bite",
		"tongue": "controller.animation.mutant_frog.tongue"
      },
      "scripts": {
        "animate": [
          "general", "jump", "bite", "tongue"
        ],
        "pre_animation": [
          "variable.attack = Math.sin(variable.attack_time * 30.0);"
        ]
      },
      "render_controllers": [
        "controller.render.normal_entity"
      ],
      "spawn_egg": {
        "texture": "mutant_frog",
        "texture_index": 40
      }
    }
  }
}