{
  "format_version": "1.10.0",
  "minecraft:client_entity": {
    "description": {
      "identifier": "acid:acid_spit",
      "materials": {
        "default": "enderman",
        "invisible": "enderman_invisible"
      },
      "textures": {
        "default": "textures/entity/projectiles/acid_spit"
      },
      "geometry": {
        "default": "geometry.stink_bullet"
      },
      "animations": {
        "move": "animation.arrow.move",
		"particle": "controller.animation.acid_spit.particle"
      },
      "scripts": {
        "animate": [
          "move", "particle"
        ]
      },
	  "particle_effects": {
        "acid_particle": "acid:particle"
      },
      "render_controllers": [
        "controller.render.magic_bullet"
      ]
    }
  }
}