{
  "format_version": "1.10.0",
  "minecraft:client_entity": {
    "description": {
      "identifier": "dh:dh_bullet",
      "materials": {
        "default": "arrow"
      },
      "textures": {
        "default": "textures/entity/projectiles/dh_bullet"
      },
      "geometry": {
        "default": "geometry.dh_bullet"
      },
      "animations": {
        "move": "animation.arrow.move"
      },
      "scripts": {
        "animate": [
          "move"
        ]
      },
      "render_controllers": [
        "controller.render.dh_bullet"
      ]
    }
  }
}