{
  "format_version": "1.10.0",
  "minecraft:client_entity": {
    "description": {
      "identifier": "hb:hb_bullet",
      "materials": {
        "default": "hb_bullet"
      },
      "textures": {
        "default": "textures/entity/projectiles/hb_bullet"
      },
      "geometry": {
        "default": "geometry.hb_bullet"
      },
      "animations": {
        "burning": "controller.animation.hb_bullet.flame_effect"
      },
      "scripts": {
        "animate": [
          "burning"
        ]
      },
      "particle_effects": {
        "charged_flames": "minecraft:mobflame_emitter2"
      },
      "render_controllers": [
        "controller.render.hb_bullet"
      ]
    }
  }
}