{
  "format_version": "1.10.0",
  "minecraft:client_entity": {
    "description": {
      "identifier": "hex:hex_bull",
      "materials": {
        "default": "arrow"
      },
      "textures": {
        "default": "textures/entity/projectiles/hex_bull"
      },
      "geometry": {
        "default": "geometry.hex_bull"
      },
      "animations": {
        "move": "controller.animation.hex_bull.point",
        "point": "animation.hex_bull.point"
      },
      "scripts": {
        "animate": [
          "move"
        ]
      },
	  "particle_effects": {
        "magic_particle": "hex:hex_bull.trail"
      },
      "render_controllers": [
        "controller.render.optic_laser_beam"
      ]
    }
  }
}