{
  "format_version": "1.10.0",
  "minecraft:client_entity": {
    "description": {
      "identifier": "random_item:falling_sphere",
      "materials": {
        "default": "enderman",
        "invisible": "enderman_invisible"
      },
      "textures": {
        "default": "textures/entity/sphere"
      },
      "geometry": {
        "default": "geometry.sphere"
      },
      "animations": {
	    "sphere_general": "animation.sphere.general",
		
        "general": "controller.animation.sphere.general",
		"burn": "controller.animation.sphere.burning"
      },
      "scripts": {
        "animate": [
          "general", "burn"
        ]
      },
	  "particle_effects": {
        "sphere_burning": "sphere:burning_particle"
      },
      "render_controllers": [
        "controller.render.omnitrix"
      ]
    }
  }
}