{
  "format_version": "1.10.0",
  "minecraft:client_entity": {
    "description": {
      "identifier": "random_item:useless_sphere",
      "materials": {
        "default": "enderman",
        "invisible": "enderman_invisible"
      },
      "textures": {
        "default": "textures/entity/sphere"
      },
      "geometry": {
        "default": "geometry.sphere"
      },
      "animations": {
	    "sphere_general": "animation.useless_sphere.general",
		
        "general": "controller.animation.sphere.general"
      },
      "scripts": {
        "animate": [
          "general"
        ]
      },
      "render_controllers": [
        "controller.render.omnitrix"
      ]
    }
  }
}