{
  "format_version": "1.10.0",
  "minecraft:client_entity": {
    "description": {
      "identifier": "ben10:ben10",
      "materials": {
        "default": "enderman",
        "invisible": "enderman_invisible"
      },
      "textures": {
        "ben10_green": "textures/entity/ben10/ben10_green",
        "ben10_red": "textures/entity/ben10/ben10_red"
      },
      "geometry": {
        "default": "geometry.ben10"
      },
      "animations": {
        "moving": "animation.ben10.moving",
        "ben10_general": "animation.ben10.general",
        "look_at_target": "animation.common.look_at_target",
        "attacking": "animation.ben10.attacking",
        "transforming": "animation.ben10.transform",
        "omni_visible": "animation.ben10.omni_visible",
        "omni_invisible": "animation.ben10.omni_invisible",
        "get_omni": "animation.ben10.gettingOmni",
        "riding.arms": "animation.humanoid.riding.arms",
        "riding.legs": "animation.humanoid.riding.legs",
        "move": "controller.animation.ben10.move",
        "general": "controller.animation.ben10.general",
        "attack": "controller.animation.ben10.attack",
        "transform": "controller.animation.ben10.transform",
        "omni": "controller.animation.ben10.omni",
        "getting_omni": "controller.animation.ben10.getting_omni",
        "riding": "controller.animation.humanoid.riding",
		"omni_particle": "controller.animation.omni_particle"
      },
      "sound_effects": {
        "play_sound": "mob.ben10.omni_trans"
      },
      "scripts": {
        "animate": [
          "move", "general", "attack", "transform", "omni", "getting_omni", "riding", "omni_particle"
        ],
        "pre_animation": [
          "variable.attack = Math.sin(variable.attack_time * 30.0);"
        ]
      },
	  "particle_effects": {
        "timeout_particle": "transpar:trans_par_timeout"
      },
      "render_controllers": [
        "controller.render.ben10"
      ],
      "spawn_egg": {
        "texture": "ben10",
        "texture_index": 13
      },
	  "enable_attachables": true
    }
  }
}