{
	"format_version": "1.10.0",
	"particle_effect": {
		"description": {
			"identifier": "ray:cosmic_ray_par",
			"basic_render_parameters": {
				"material": "particles_alpha",
				"texture": "textures/particle/particles"
			}
		},
		"components": {
			"minecraft:emitter_rate_steady": {
				"spawn_rate": 120,
				"max_particles": 570
			},
			"minecraft:emitter_lifetime_looping": {
				"active_time": 0.25
			},
			"minecraft:emitter_shape_point": {},
			"minecraft:particle_lifetime_expression": {
				"max_lifetime": "6.0 / (Math.random(2.0, 20.0) + 0.0)"
			},
			"minecraft:particle_initial_speed": "Math.random(40, 40)",
			"minecraft:particle_motion_dynamic": {
				"linear_drag_coefficient": 12.2
			},
			"minecraft:particle_appearance_billboard": {
				"size": [1.2, 1.2],
				"facing_camera_mode": "lookat_xyz",
				"uv": {
					"texture_width": 128,
					"texture_height": 128,
					"flipbook": {
						"base_UV": [0, 0],
						"size_UV": [8, 8],
						"step_UV": [8, 0],
						"frames_per_second": 8,
						"max_frame": 8,
						"stretch_to_lifetime": true
					}
				}
			},
			"minecraft:particle_appearance_tinting": {
				"color": {
					"interpolant": "variable.particle_age/variable.particle_lifetime",
					"gradient": {
						"0.0": "#FFD7FFD1",
						"0.52": "#FF77FF66",
						"1.0": "#FF15FF00"
					}
				}
			}
		}
	}
}