{
	"format_version": "1.10.0",
	"particle_effect": {
		"description": {
			"identifier": "heatblast:flame",
			"basic_render_parameters": {
				"material": "particles_alpha",
				"texture": "textures/flame_atlas"
			}
		},
		"components": {
			"minecraft:emitter_local_space": {
				"position": true,
				"rotation": true,
				"velocity": true
			},
			"minecraft:emitter_rate_steady": {
				"spawn_rate": "Math.random(10, 10)",
				"max_particles": 10
			},
			"minecraft:emitter_lifetime_expression": {
				"activation_expression": 1
			},
			"minecraft:emitter_shape_box": {
				"half_dimensions": [0.04, 0.04, 0.04],
				"direction": [0, 1, 0]
			},
			"minecraft:particle_lifetime_expression": {
				"max_lifetime": 1.25
			},
			"minecraft:particle_initial_spin": {
				"rotation": 180
			},
			"minecraft:particle_initial_speed": "Math.random(0, 1)",
			"minecraft:particle_motion_dynamic": {
				"linear_drag_coefficient": 10
			},
			"minecraft:particle_appearance_billboard": {
				"size": [0.19, 0.32],
				"facing_camera_mode": "lookat_xyz",
				"uv": {
					"texture_width": 16,
					"texture_height": 512,
					"flipbook": {
						"base_UV": [0, 0],
						"size_UV": [16, 16],
						"step_UV": [0, 16],
						"frames_per_second": 32,
						"max_frame": 32,
						"stretch_to_lifetime": true
					}
				}
			}
		}
	}
}