{
  "format_version": "1.13.0",
  "minecraft:entity": {
    "description": {
      "identifier": "ben10:ben10",
      "is_spawnable": true,
      "is_summonable": true,
      "is_experimental": false,
      "scripts": {
        "animate": [
		  "omni_target",
		  "omni_trans",
		  "omni_fatal",
		  "omni_recharged",
		  "remove_dittos",
		  "unmerge_rb",
		  "hazmat_suit",
		  "dead"
        ]
      },
      "animations": {
	    "omni_target": "controller.animation.ben10.omni_target",
	    "omni_trans": "controller.animation.ben10Transform",
        "omni_fatal": "controller.animation.b10Alien_fatal",
        "omni_recharged": "controller.animation.omni_recharged",
		"remove_dittos": "controller.animation.remove_dittos",
		"unmerge_rb": "controller.animation.unmerge_rb",
		"hazmat_suit": "controller.animation.hazmat_suit",
		"dead": "controller.animation.ben10_dead"
      }
    },
    
    "component_groups": {
	  "hazmat_suit": {
	    "minecraft:is_baby": {}
	  },
      "omnitrix:recharging": {
        "minecraft:timer": {
          "time": 30,
          "looping": false,
          "time_down_event": {
            "event": "omnitrix:recharged",
            "target": "self"
           }
         }
       },
       
      "ben10_regenerating": {
        "minecraft:spell_effects": {
          "add_effects": [
          {
             "effect": "regeneration",
	     	 "amplifier": 3,
	    	  "visible": true,
			  "ambient": true,
			   "duration": 8
			 }
		]
	}
},
       
      "ben10:melee_attack": {       "minecraft:behavior.melee_attack": {
        "priority": 3,
        "speed_multiplier": 1.2,
        "track_target": false
      }
    },
    
      "detects_target": { 
        "minecraft:target_nearby_sensor": {
          "inside_range": 4.0,
          "outside_range": 6.0,
          "on_inside_range": {
            "event": "melee_attack",
              "target": "self"
            }
          }
        },
   
      "ben10:become_wildmutt": {
        "minecraft:transformation": {
        "into": "ben10:wildmutt"
      }
    },
    
      "ben10:become_four_arms": {
        "minecraft:transformation": {
        "into": "ben10:four_arms" 
      }      
    },
    
      "ben10:become_greymatter": {
        "minecraft:transformation": {
        "into": "ben10:greymatter" 
      }
    },
    
      "ben10:become_accelerate": {
        "minecraft:transformation": {
        "into": "ben10:xlr8"  
      }
    },
    
      "ben10:become_upgrade": {
        "minecraft:transformation": {
        "into": "ben10:upgrade"  
      }
    },
        
      "ben10:become_diamondhead": {
        "minecraft:transformation": {
        "into": "ben10:diamondhead"   
      }
    },
    
      "ben10:become_ripjaws": {
        "minecraft:transformation": {
        "into": "ben10:ripjaws"  
      }
    },
    
      "ben10:become_stinkfly": {
        "minecraft:transformation": {
        "into": "ben10:stinkfly"  
      }
    },
    
      "ben10:become_ghostfreak": {
        "minecraft:transformation": {
        "into": "ben10:ghostfreak"  
      }
    },
    
      "ben10:become_cannonbolt": {
        "minecraft:transformation": {
        "into": "ben10:cannonbolt"  
      }
    },
    
      "ben10:become_heatblast": {
        "minecraft:transformation": {
        "into": "ben10:heatblast"  
      }
    },
	
	  "ben10:become_ditto": {
        "minecraft:transformation": {
        "into": "ben10:ditto"  
      }
    },
	
	"ben10:become_eye_guy": {
        "minecraft:transformation": {
        "into": "ben10:eye_guy"  
      }
    },
	
	"ben10:become_wildvine": {
        "minecraft:transformation": {
        "into": "ben10:wildvine"  
      }
    },
	
	"ben10:become_benmummy": {
        "minecraft:transformation": {
        "into": "ben10:benmummy"  
      }
    },
	
	"ben10:become_benwolf": {
        "minecraft:transformation": {
        "into": "ben10:benwolf"  
      }
    },
	
	"ben10:become_benvicktor": {
        "minecraft:transformation": {
        "into": "ben10:benvicktor"  
      }
    },
	
	"ben10:become_upchuck": {
        "minecraft:transformation": {
        "into": "ben10:upchuck"  
      }
    },
	
	"ben10:become_way_big": {
        "minecraft:transformation": {
        "into": "ben10:way_big"  
      }
    },
    
      "drop_omnitrix": {
        "minecraft:transformation": {
        "into": "omni:omnitrix"  
      }
    },
    
      "ben10:push_omnitrix": {
        "minecraft:is_stunned": {},
        "minecraft:behavior.summon_entity": {
          "probability": 100.0,
          "summon_choices": [
            {
              "weight": 1,
              "cooldown_time": 100000,
              "cast_duration": 30,
              "start_sound_event": "",
              "sequence": [
                {
                  "shape": "circle",
                  "target": "self",
                  "base_delay": 0.0,
                  "delay_per_summon": 0.0,
                  "num_entities_spawned": 0,
                  "entity_type": "",
                  "entity_lifespan": 10.0,
                  "size": 10.0,
                  "sound_event": ""
                }
              ]
            }
          ]
        },
        
        "minecraft:timer": {
          "time": 0.76,
          "looping": false,
          "time_down_event": {
            "event": "minecraft:begin_transforming",
            "target": "self"
           }
         }
       },
       
      "ben10:push_ripjaws": {
        "minecraft:is_stunned": {},
        "minecraft:behavior.summon_entity": {
          "probability": 100.0,
          "summon_choices": [
            {
              "weight": 1,
              "cooldown_time": 100000,
              "cast_duration": 30,
              "start_sound_event": "",
              "sequence": [
                {
                  "shape": "circle",
                  "target": "self",
                  "base_delay": 0.0,
                  "delay_per_summon": 0.0,
                  "num_entities_spawned": 0,
                  "entity_type": "",
                  "entity_lifespan": 10.0,
                  "size": 10.0,
                  "sound_event": ""
                }
              ]
            }
          ]
        },
        
        "minecraft:timer": {
          "time": 0.76,
          "looping": false,
          "time_down_event": {
            "event": "minecraft:begin_ripjaws",
            "target": "self"
           }
         }
       },
       
      "has_omni": {
        "minecraft:is_stackable": {},
      
        "minecraft:timer": {
          "time": 0.01,
          "looping": false,
          "time_down_event": {
            "event": "omni_finally_gotten",
            "target": "self"
           }
         }
       },
 
      "ben10:ready_to_transform": {       "minecraft:on_target_acquired": {
            "event": "minecraft:choosing_alien",
            "target": "self"
          }
        },
        
      "ben10:ready_to_ripjaws": {       "minecraft:on_target_acquired": {
            "event": "minecraft:choosing_ripjaws",
            "target": "self"
          }
        },
     
      "attacks_monsters": {
            "minecraft:behavior.nearest_attackable_target": {
          "priority": 1,
		  "reselect_targets": true,
          "entity_types": [
            {
             "filters": {
              "any_of": [
                {
                  "test": "is_family",
                  "subject": "other",
                  "value": "monster"
                }
              ]
            },
              "max_dist": 30
            },
            {
            "filters": {
              "all_of": [
                {
                  "test": "is_family",
                  "subject": "other",
                  "value": "Omnitrix"
                },/*
				{
                  "test": "is_family",
                  "subject": "other",
				  "operator": "!=",
                  "value": "useless_sphere"
                },*/
                {
                  "test": "has_component",
                  "subject": "self",
                  "value": "minecraft:is_charged"
                }
              ]
            },
              "max_dist": 5
            }
          ],
          "must_see": false,
		  "must_reach": false
        }
      },
      
      "getting_omni_anim": {
        "minecraft:is_sheared": {}
      },
      
      "getting_omni": {      
        "minecraft:timer": {
          "time": 0.6,
          "looping": false,
          "time_down_event": {
            "event": "omni_gotten",
            "target": "self"
           }
         }
       },
 
      "omni_absorbed": {      
        "minecraft:timer": {
          "time": 0.6,
          "looping": false,
          "time_down_event": {
            "event": "omni_done_absorbed",
            "target": "self"
           }
         }
       },
       
      "normal_speed": {
        "minecraft:movement": {
          "value": 0.25
        },
        
        "minecraft:knockback_resistance": {
          "value": 0.0
        }
      },
      
      "steady": {
        "minecraft:movement": {
          "value": 0.0
        },
        
        "minecraft:knockback_resistance": {
          "value": 100.0
        }
      },
      
      "ben10_no_omni": {
        "minecraft:is_charged": {},
        "minecraft:type_family": {
          "family": [ "ben10", "benjamin", "Benjamin", "mutant_frog_food" ]
        },
        
        "minecraft:area_attack": {
          "damage_range": 1.5,
          "damage_per_tick": 1,
          "cause": "contact",
          "entity_filter": {
            "any_of": [
            {
              "test": "is_family",
              "subject": "other",
              "value": "Omnitrix"
            }
          ]
        }
      }
    },
    
      "ben10_with_omni": {
	    "minecraft:is_saddled": {},
        "minecraft:type_family": {
          "family": [ "ben10", "benjamin", "Benjamin2", "mutant_frog_food" ]
        },
        
        "minecraft:area_attack": {
          "damage_range": 1.0,
          "damage_per_tick": 1,
          "cause": "contact",
          "entity_filter": {
            "any_of": [
            {
              "test": "is_family",
              "subject": "other",
              "value": "Kevin_Levin_absorbs"
            }
          ]
        }
      }
    },
    
      "sound": {
        "minecraft:is_ignited": {}
       },
       
      "recharged_sound": {
        "minecraft:is_illager_captain": {}
       },
      
      "omnitrix:green": {
        "minecraft:variant": {
          "value": 0
        }
      },
      
      "omnitrix:red": {
        "minecraft:variant": {
          "value": 1
        }
      }
    },

    "components": {
      "minecraft:nameable": {
      },
      "minecraft:collision_box": {
        "width": 0.6,
        "height": 1.9
      },
      "minecraft:movement.basic": {
      },
      "minecraft:navigation.walk": {
        "is_amphibious": true,
        "can_pass_doors": true,
        "can_walk": true,
        "can_break_doors": false
      },
      "minecraft:jump.static": {
      },
      "minecraft:can_climb": {
      },
      "minecraft:health": {
        "value": 60,
        "max": 60
      },
      "minecraft:hurt_on_condition": {
        "damage_conditions": [
          {
            "filters": { "test": "in_lava", "subject": "self", "operator": "==", "value": true },
            "cause": "lava",
            "damage_per_tick": 4
          }
        ]
      },
      "minecraft:breathable": {
        "total_supply": 15,
        "suffocate_time": 0,
        "breathes_air": true,
        "breathes_water": false
      },
      "minecraft:attack": {
        "damage": 4
      },
      "minecraft:loot": {
        "table": "loot_tables/entities/ben10.json"
      },
	  "minecraft:follow_range": {
	    "value": 30,
		"max": 30
	  },
        "minecraft:interact": {
          "interactions": 
		  [
		   {
            "on_interact": {
              "filters": {
                "all_of": [
                  {
                    "test": "is_family",
                    "subject": "other",
                    "value": "player"
                  },
				  {
                    "test": "has_component",
                    "subject": "self",
					"operator": "!=",
                    "value": "minecraft:is_baby"
                  },
				  {
                    "test": "has_equipment",
                    "subject": "other",
					"domain": "hand",
					"operator": "==",
                    "value": "cor:hazmat_suit"
                  }
                ]
              },
              "event": "hazmat_suit",
              "target": "self"
            },
            "interact_text": "Give Hazmat Suit",
			"use_item": true
          },
		  {
            "on_interact": {
              "filters": {
                "all_of": [
                  {
                    "test": "is_family",
                    "subject": "other",
                    "value": "player"
                  },
				  {
                    "test": "has_component",
                    "subject": "self",
					"operator": "==",
                    "value": "minecraft:is_baby"
                  }
                ]
              },
              "event": "remove_hazmat_suit",
              "target": "self"
            },
            "interact_text": "Get Hazmat Suit",
			"use_item": false,
			"add_items": {
			  "table": "loot_tables/entities/hazmat_suit.json"
			}
          }
		]
	  },
       
        "minecraft:damage_sensor": {
          "triggers": [
          {
            "on_damage": {
              "filters": {                "any_of": [
                {
                  "test": "is_riding",
                  "subject": "self",
                  "operator": "==",
                  "value": true
                }
              ]
            }
          },
          "deals_damage": false
        },
          {
            "on_damage": {
              "filters": {
                "all_of": [
                {
                  "test": "has_damage",
                  "subject": "self",
                  "value": "fatal"
                },
                {
                  "test": "has_component",
                  "subject": "self",
                  "value": "minecraft:is_stackable"
                }
              ]
            },
            "event": "ben10_dead"
          }
        },
          {
            "on_damage": {
              "filters": {                "any_of": [
                {
                  "test": "is_family",
                  "subject": "other",
                  "value": "Omnitrix"
                }
              ]
            },
            "event": "omni_damage"
          },
          "deals_damage": false
        },
        {
            "on_damage": {
              "filters": {                "all_of": [
                {
                  "test": "is_family",
                  "subject": "other",
                  "value": "Kevin_Levin"
                },
                {
                  "test": "has_damage",
                  "subject": "self",
                  "value": "contact"
                },
                {
                  "test": "has_component",
                  "subject": "other",
                  "operator": "!=",
                  "value": "minecraft:is_shaking"
                }
              ]
            },
            "event": "Levin_damage"
          },
          "deals_damage": false
        }
      ]
    },
      "minecraft:behavior.float": {
        "priority": 0
      },
        "minecraft:behavior.avoid_mob_type": {
          "priority": 6,
          "entity_types": [
            {
              "filters": {
                "any_of": [
                {
                  "test": "is_family",
                  "subject": "other",
                  "value": "dh_spike"
                },
				{
                  "test": "is_family",
                  "subject": "other",
                  "value": "tentacle_vines"
                },
                {
                  "test": "is_family",
                  "subject": "other",
                  "value": "magic_spike"
                },
				{
				  "all_of": [
				  {
                    "test": "is_family",
                    "subject": "other",
                    "value": "corrodium"
				  },
				  {
                    "test": "has_equipment",
                    "subject": "self",
					"domain": "head",
					"operator": "==",
                    "value": "cor:hazmat_suit"
                  }
				]
              }
            ]
          },
          "max_dist": 10,
          "walk_speed_multiplier": 0.8,
          "sprint_speed_multiplier": 1.33
        }
      ]
    }, 
	"minecraft:behavior.move_towards_restriction": {
        "priority": 5,
        "speed_multiplier": 1
      },
      "minecraft:behavior.random_stroll": {
        "priority": 6,
        "speed_multiplier": 1
      },
      "minecraft:behavior.look_at_player": {
        "priority": 7,
        "look_distance": 6,
        "probability": 0.02
      },
      "minecraft:behavior.random_look_around": {
        "priority": 7
      },
      "minecraft:behavior.hurt_by_target": {
        "priority": 2,
        "entity_types": [
          {
            "filters": {
            "other_without_families": [ "ben10", "gwen", "uncle_max", "rb", "corrodium" ]
            }
          }
        ]
      },
        "minecraft:behavior.find_mount": {
          "priority": 1,
          "within_radius":16
      },
      "minecraft:physics": {
      },
      "minecraft:pushable": {
        "is_pushable": true,
        "is_pushable_by_piston": true
      },
      "minecraft:environment_sensor": {
          "triggers": [
            {
              "filters": {
                "all_of": [
                {
                  "test": "in_water",
                  "subject": "self",
                  "operator": "==",
                  "value": true
                },
                {
                  "test": "has_component",
                  "subject": "self",
                  "operator": "==",
                  "value": "minecraft:is_stackable"
                },
                {
                  "test": "is_variant",
                  "subject": "self",
                  "operator": "==",
                  "value": 0
                }
              ]
            },
              "event": "ripjaws_transformation"
          },
          {
              "filters": {
                "all_of": [
                {
                  "test": "in_water",
                  "subject": "self",
                  "operator": "==",
                  "value": false
                },
                {
                  "test": "has_component",
                  "subject": "self",
                  "operator": "==",
                  "value": "minecraft:is_stackable"
                },
                {
                  "test": "is_variant",
                  "subject": "self",
                  "operator": "==",
                  "value": 0
                }
              ]
            },
              "event": "random_transformation"
          },
          {
              "filters": {
                "test": "is_riding",
                "subject": "self",
                "operator": "==",
                "value": true
              },
              "event": "remove_attacks"
            },
            {
              "filters": {
                "all_of": [
                {
                  "test": "is_riding",
                  "subject": "self",
                  "operator": "==",
                  "value": false
                },
                {
                  "test": "has_component",
                  "subject": "self",
                  "operator": "!=",
                  "value": "minecraft:is_stackable"
                }
              ]
            },
            "event": "return_attacks1"
          },
          {
              "filters": {
                "all_of": [
                {
                  "test": "is_riding",
                  "subject": "self",
                  "operator": "==",
                  "value": false
                },
                {
                  "test": "has_component",
                  "subject": "self",
                  "operator": "==",
                  "value": "minecraft:is_stackable"
                }
              ]
            },
            "event": "return_attacks2"
          }
        ]
      }
    },
     

    "events": {
      "minecraft:entity_transformed": {
        "remove": {
          "component_groups": [
            ""
          ]
        },
        "add": {
          "component_groups": [
            "has_omni",
            "omnitrix:red",
            "omnitrix:recharging",
            "detects_target",
            "attacks_monsters",
            "normal_speed",
            "ben10_with_omni",
            "sound"
          ]
        }
      },
            
      "minecraft:entity_spawned": {
        "remove": {
          "component_groups": [
            "omnitrix:red",
            "ben10:ready_to_transform",
            "steady",
            "ben10_with_omni",
            ""
          ]
        },
        "add": {
          "component_groups": [
            "omnitrix:green",
            "attacks_monsters",
            "detects_target",
            "normal_speed",
            "ben10_no_omni"
          ]
        }
      },
      
      "melee_attack": {
        "add": {
          "component_groups": [
            "ben10:melee_attack"
          ]
        }
      },
 
      "omni_damage": {
        "remove": {
          "component_groups": [
            "normal_speed",
            "ben10_no_omni"
          ]
        },
        "add": {
          "component_groups": [
            "getting_omni",
            "getting_omni_anim",
            "steady"
          ]
        }
      },
      
      "Levin_damage": {
        "remove": {
          "component_groups": [
            "normal_speed",
            "ben10_no_omni"
          ]
        },
        "add": {
          "component_groups": [
            "omni_absorbed",
            "getting_omni_anim",
            "steady"
          ]
        }
      },
        
      "omni_gotten": {
        "add": {
          "component_groups": [
            "has_omni"
          ]
        }
      },
    
      "omni_done_absorbed": {
        "remove": {
          "component_groups": [
            "omni_absorbed",
            "getting_omni_anim",
            "steady"
          ]
        },
        "add": {
          "component_groups": [
            "normal_speed"
          ]
        }
      },
 
       "omni_finally_gotten": {
        "remove": {
          "component_groups": [
            "getting_omni_anim",
            "steady"
          ]
        },
        "add": {
          "component_groups": [
            "normal_speed",
            "ben10_with_omni",
            "ben10:ready_to_transform"
          ]
        }
      },
          
      "hazmat_suit": {
        "add": {
          "component_groups": [
            "hazmat_suit"
          ]
        }
      },
	  
	  "remove_hazmat_suit": {
        "remove": {
          "component_groups": [
            "hazmat_suit"
          ]
        }
      },
            
      "omnitrix:recharged": {
        "add": {
          "component_groups": [
            "omnitrix:green",
            "ben10:ready_to_transform",
            "recharged_sound"
          ]
        },
        "remove": {
          "component_groups": [
            "omnitrix:red",
            "omnitrix:recharging"
          ]
        }
      },
           
      "minecraft:choosing_alien": {
        "remove": {},
        "add": {
          "component_groups": [
            "ben10:push_omnitrix"
          ]
        }
      },
          
      "minecraft:choosing_ripjaws": {
        "remove": {},
        "add": {
          "component_groups": [
            "ben10:push_ripjaws"
          ]
        }
      },
   
      "random_transformation": {
        "remove": {
          "component_groups": [
            "ben10:ready_to_ripjaws"
          ]
        },
        "add": {
          "component_groups": [
            "ben10:ready_to_transform"
          ]
        }
      },
     
      "ripjaws_transformation": {
        "remove": {
          "component_groups": [
            "ben10:ready_to_transform"
          ]
        },
        "add": {
          "component_groups": [
            "ben10:ready_to_ripjaws"
          ]
        }
      },
       
      "minecraft:begin_ripjaws": {
        "remove": {
          "component_groups": [
            "ben10:push_omnitrix"
          ]
        },
        "add": {
          "component_groups": [
            "ben10:become_ripjaws"
          ]
        }
      },
          
      "remove_attacks": {
        "remove": {
          "component_groups": [
            "detects_target",
            "ben10:melee_attack",
            "ben10:ready_to_transform",
            "ben10:ready_to_ripjaws"
          ]
        }
      },
      
      "return_attacks1": {
        "add": {
          "component_groups": [
            "detects_target"
          ]
        }
      },
            
      "return_attacks2": {
        "add": {
          "component_groups": [
            "detects_target"
          ]
        }
      },
            
      "ben10_dead": {
        "remove": {
          "component_groups": [
            "has_omni"
          ]
        },
        "add": {
          "component_groups": [
            "drop_omnitrix"
          ]
        }
      },
 
      "remove_sound": {
        "remove": {
          "component_groups": [
            "sound"
          ]
        }
      },
      
      "minecraft:begin_transforming": {
        "sequence": [
        {
          "filters": { 
            "test": "is_underwater", 
            "subject": "self", 
            "operator": "==",
            "value": true
          },
          "remove": {
            "component_groups": [
              "ben10:push_omnitrix"
            ]
          },
          "add": {
            "component_groups": [
              "ben10:become_ripjaws"
            ]
          }
        },
        {
          "randomize": [
          {
            "weight": 10,
            "remove": {
              "component_groups": [
                "ben10:push_omnitrix"
              ]
            },
            "add": {
              "component_groups": [
                "ben10:become_wildmutt"
              ]
            }
          },
          {
            "weight": 10,
            "remove": {
              "component_groups": [
                "ben10:push_omnitrix"
              ]
            },
            "add": {
              "component_groups": [
                "ben10:become_four_arms"
              ]
            }
          },
          {
            "weight": 10,
            "remove": {
              "component_groups": [
                "ben10:push_omnitrix"
              ]
            },
            "add": {
              "component_groups": [
                "ben10:become_greymatter"
              ]
            }
          },
          {
            "weight": 10,
            "remove": {
              "component_groups": [
                "ben10:push_omnitrix"
              ]
            },
            "add": {
              "component_groups": [
                "ben10:become_accelerate"
              ]
            }
          },
          {
            "weight": 10,
            "remove": {
              "component_groups": [
                "ben10:push_omnitrix"
              ]
            },
            "add": {
              "component_groups": [
                "ben10:become_upgrade"
              ]
            }
          },
          {
            "weight": 10,
            "remove": {
              "component_groups": [
                "ben10:push_omnitrix"
              ]
            },
            "add": {
              "component_groups": [
                "ben10:become_diamondhead"
              ]
            }
          },
          {
            "weight": 10,
            "remove": {
              "component_groups": [
                "ben10:push_omnitrix"
              ]
            },
            "add": {
              "component_groups": [
                "ben10:become_ripjaws"
              ]
            }
          },
          {
            "weight": 10,
            "remove": {
              "component_groups": [
                "ben10:push_omnitrix"
              ]
            },
            "add": {
              "component_groups": [
                "ben10:become_stinkfly"
              ]
            }
          },
          {
            "weight": 10,
            "remove": {
              "component_groups": [
                "ben10:push_omnitrix"
              ]
            },
            "add": {
              "component_groups": [
                "ben10:become_ghostfreak"
              ]
            }
          },
          {
            "weight": 10,
            "remove": {
              "component_groups": [
                "ben10:push_omnitrix"
              ]
            },
            "add": {
              "component_groups": [
                "ben10:become_cannonbolt"
              ]
            }
          },
          {
            "weight": 10,
            "remove": {
              "component_groups": [
                "ben10:push_omnitrix"
              ]
            },
            "add": {
              "component_groups": [
                "ben10:become_heatblast"
              ]
            }
          },
		  {
            "weight": 10,
            "remove": {
              "component_groups": [
                "ben10:push_omnitrix"
              ]
            },
            "add": {
              "component_groups": [
                "ben10:become_ditto"
              ]
            }
          },
		  {
            "weight": 10,
            "remove": {
              "component_groups": [
                "ben10:push_omnitrix"
              ]
            },
            "add": {
              "component_groups": [
                "ben10:become_eye_guy"
              ]
            }
          },
		  {
            "weight": 10,
            "remove": {
              "component_groups": [
                "ben10:push_omnitrix"
              ]
            },
            "add": {
              "component_groups": [
                "ben10:become_wildvine"
              ]
            }
          },
		  {
            "weight": 10,
            "remove": {
              "component_groups": [
                "ben10:push_omnitrix"
              ]
            },
            "add": {
              "component_groups": [
                "ben10:become_benmummy"
              ]
            }
          },
		  {
            "weight": 10,
            "remove": {
              "component_groups": [
                "ben10:push_omnitrix"
              ]
            },
            "add": {
              "component_groups": [
                "ben10:become_benwolf"
              ]
            }
          },
		  {
            "weight": 10,
            "remove": {
              "component_groups": [
                "ben10:push_omnitrix"
              ]
            },
            "add": {
              "component_groups": [
                "ben10:become_benvicktor"
              ]
            }
          },
		  {
            "weight": 10,
            "remove": {
              "component_groups": [
                "ben10:push_omnitrix"
              ]
            },
            "add": {
              "component_groups": [
                "ben10:become_upchuck"
              ]
            }
          },
		  {
            "weight": 10,
            "remove": {
              "component_groups": [
                "ben10:push_omnitrix"
              ]
            },
            "add": {
              "component_groups": [
                "ben10:become_way_big"
              ]
            }
          }
        ]
      }
    ]
  }
}}}
              
          
        
