{
	"format_version": "1.8.0",
	"animations": {
		"animation.player.ghostfreak_form": {
			"loop": true,
			"bones": {
				"whole": {
					"scale": "!variable.is_first_person && !query.is_invisible?1:0"
				},
				"body": {
					"scale": 0
				},
				"leftArm": {
					"scale": 0
				},
				"rightArm": {
					"scale": 0
				},
				"leftLeg": {
					"scale": 0
				},
				"rightLeg": {
					"scale": 0
				},
				"head": {
					"scale": 0
				},
				"g_head": {
					"rotation": ["query.target_x_rotation - this", "query.target_y_rotation - this", 0]
				},
				"g_rightArm": {
					"rotation": ["Math.sin(query.life_time * 180.0) * 3", "Math.sin(query.life_time * 180.0) * -7", 0]
				},
				"g_leftArm": {
					"rotation": ["Math.sin(query.life_time * 180.0) * -3", "Math.sin(query.life_time * 180.0) * 7", 0]
				},
				"body2": {
					"rotation": ["Math.sin(query.life_time * 180.0) * 3", 0, 0]
				},
				"body3": {
					"rotation": ["Math.sin(query.life_time * 180.0) * 3", 0, 0]
				},
				"body4": {
					"rotation": ["Math.sin(query.life_time * 180.0) * 3", 0, 0]
				},
				"body5": {
					"rotation": ["Math.sin(query.life_time * 180.0) * 3", 0, 0]
				},
				"g_body": {
					"rotation": ["Math.sin(query.life_time * 180.0) * -3", 0, 0]
				},
				"fp_rightArm": {
					"rotation": ["Math.sin(query.life_time * 180.0) * 3", "Math.sin(query.life_time * 180.0) * -7", 0],
					"position": [9, -15, 4],
					"scale": "variable.is_first_person?1.2:0"
				},
				"fp_leftArm": {
					"rotation": ["Math.sin(query.life_time * 180.0) * 3", "Math.sin(query.life_time * 180.0) * 7", 0],
					"position": [-9, -15, 4],
					"scale": "variable.is_first_person?1.2:0"
				},
				"fp_finger1": {
					"rotation": [0, 0, "Math.sin(query.life_time * 180.0) * 10"]
				},
				"fp_joint1": {
					"rotation": [0, 0, "Math.sin(query.life_time * 180.0) * 10"]
				},
				"fp_finger2": {
					"rotation": [0, 0, "Math.sin(query.life_time * 180.0) * 10"]
				},
				"fp_joint2": {
					"rotation": [0, 0, "Math.sin(query.life_time * 180.0) * 10"]
				},
				"fp_finger3": {
					"rotation": [0, 0, "Math.sin(query.life_time * 180.0) * 10"]
				},
				"fp_joint3": {
					"rotation": [0, 0, "Math.sin(query.life_time * 180.0) * 10"]
				},
				"fp_finger4": {
					"rotation": [0, 0, "Math.sin(query.life_time * 180.0) * 10"]
				},
				"fp_joint4": {
					"rotation": [0, 0, "Math.sin(query.life_time * 180.0) * 10"]
				},
				"fp_finger5": {
					"rotation": [0, 0, "Math.sin(query.life_time * 180.0) * -10"]
				},
				"fp_joint5": {
					"rotation": [0, 0, "Math.sin(query.life_time * 180.0) * -10"]
				},
				"fp_finger6": {
					"rotation": [0, 0, "Math.sin(query.life_time * 180.0) * -10"]
				},
				"fp_joint6": {
					"rotation": [0, 0, "Math.sin(query.life_time * 180.0) * -10"]
				},
				"fp_finger7": {
					"rotation": [0, 0, "Math.sin(query.life_time * 180.0) * -10"]
				},
				"fp_joint7": {
					"rotation": [0, 0, "Math.sin(query.life_time * 180.0) * -10"]
				},
				"fp_finger8": {
					"rotation": [0, 0, "Math.sin(query.life_time * 180.0) * -10"]
				},
				"fp_joint8": {
					"rotation": [0, 0, "Math.sin(query.life_time * 180.0) * -10"]
				},
				"finger1": {
					"rotation": [0, 0, "Math.sin(query.life_time * 180.0) * 7"]
				},
				"joint1": {
					"rotation": [0, 0, "Math.sin(query.life_time * 180.0) * 7"]
				},
				"finger2": {
					"rotation": [0, 0, "Math.sin(query.life_time * 180.0) * 7"]
				},
				"joint2": {
					"rotation": [0, 0, "Math.sin(query.life_time * 180.0) * 7"]
				},
				"finger3": {
					"rotation": [0, 0, "Math.sin(query.life_time * 180.0) * 7"]
				},
				"joint3": {
					"rotation": [0, 0, "Math.sin(query.life_time * 180.0) * 7"]
				},
				"finger4": {
					"rotation": [0, 0, "Math.sin(query.life_time * 180.0) * 7"]
				},
				"joint4": {
					"rotation": [0, 0, "Math.sin(query.life_time * 180.0) * 7"]
				},
				"finger5": {
					"rotation": [0, 0, "Math.sin(query.life_time * 180.0) * -7"]
				},
				"joint5": {
					"rotation": [0, 0, "Math.sin(query.life_time * 180.0) * -7"]
				},
				"finger6": {
					"rotation": [0, 0, "Math.sin(query.life_time * 180.0) * -7"]
				},
				"joint6": {
					"rotation": [0, 0, "Math.sin(query.life_time * 180.0) * -7"]
				},
				"finger7": {
					"rotation": [0, 0, "Math.sin(query.life_time * 180.0) * -7"]
				},
				"joint7": {
					"rotation": [0, 0, "Math.sin(query.life_time * 180.0) * -7"]
				},
				"finger8": {
					"rotation": [0, 0, "Math.sin(query.life_time * 180.0) * -7"]
				},
				"joint8": {
					"rotation": [0, 0, "Math.sin(query.life_time * 180.0) * -7"]
				}
			}
		},
		"animation.player_ghostfreak.attack1": {
			"loop": true,
			"animation_length": 0.52,
			"bones": {
				"g_body": {
					"rotation": {
						"0.0": [0, 0, 0],
						"0.16": [-25, 0, 0],
						"0.24": [-25, 0, 0],
						"0.32": [40, 0, 0]
					}
				},
				"g_rightArm": {
					"rotation": {
						"0.0": [0, 0, 0],
						"0.16": [0, 0, 30],
						"0.24": [0, 0, 30],
						"0.32": [-75, 0, 30]
					}
				},
				"rightArm2": {
					"rotation": {
						"0.0": [0, 0, 0],
						"0.12": [30, 0, 0],
						"0.16": [30, 0, 0]
					}
				},
				"g_leftArm": {
					"rotation": {
						"0.0": [0, 0, 0],
						"0.16": [0, 0, -30],
						"0.24": [0, 0, -30],
						"0.32": [-75, 0, -30]
					}
				},
				"leftArm2": {
					"rotation": {
						"0.0": [0, 0, 0],
						"0.12": [30, 0, 0],
						"0.16": [30, 0, 0]
					}
				}
			}
		},
		"animation.player_ghostfreak.attack2": {
			"loop": true,
			"animation_length": 0.52,
			"bones": {
				"g_body": {
					"rotation": {
						"0.0": [0, 0, 0],
						"0.16": [0, 37.5, 0],
						"0.32": [30, -35, 0]
					}
				},
				"g_rightArm": {
					"rotation": {
						"0.0": [0, 0, 0],
						"0.16": [30, 0, 40],
						"0.32": [-45, 0, 40]
					}
				},
				"rightArm2": {
					"rotation": {
						"0.0": [0, 0, 0],
						"0.16": [-27.5, 0, 0],
						"0.32": [47.5, 0, 0]
					}
				},
				"finger1": {
					"rotation": {
						"0.0": [0, 0, 0],
						"0.16": [0, 0, -67.5]
					}
				},
				"joint1": {
					"rotation": {
						"0.0": [0, 0, 0],
						"0.16": [0, 0, -47.5]
					}
				},
				"finger2": {
					"rotation": {
						"0.0": [0, 0, 0],
						"0.16": [0, 0, -62.5]
					}
				},
				"joint2": {
					"rotation": {
						"0.0": [0, 0, 0],
						"0.16": [0, 0, -55]
					}
				},
				"finger3": {
					"rotation": {
						"0.0": [0, 0, 0],
						"0.16": [0, 0, -60]
					}
				},
				"joint3": {
					"rotation": {
						"0.0": [0, 0, 0],
						"0.16": [0, 0, -60]
					}
				},
				"finger4": {
					"rotation": {
						"0.0": [0, 0, 0],
						"0.16": [0, 0, -60]
					}
				},
				"joint4": {
					"rotation": {
						"0.0": [0, 0, 0],
						"0.16": [0, 0, -57.5]
					}
				}
			}
		},
		"animation.player_ghostfreak.attack3": {
			"loop": true,
			"animation_length": 0.52,
			"bones": {
				"g_body": {
					"rotation": {
						"0.0": [0, 0, 0],
						"0.16": [0, -37.5, 0],
						"0.32": [30, 35, 0]
					}
				},
				"g_leftArm": {
					"rotation": {
						"0.0": [0, 0, 0],
						"0.16": [30, 0, -40],
						"0.32": [-30, 0, -40]
					}
				},
				"leftArm2": {
					"rotation": {
						"0.0": [0, 0, 0],
						"0.16": [-27.5, 0, 0],
						"0.32": [47.5, 0, 0]
					}
				},
				"finger5": {
					"rotation": {
						"0.0": [0, 0, 0],
						"0.16": [0, 0, 65]
					}
				},
				"joint5": {
					"rotation": {
						"0.0": [0, 0, 0],
						"0.16": [0, 0, 45]
					}
				},
				"finger6": {
					"rotation": {
						"0.0": [0, 0, 0],
						"0.16": [0, 0, 62.5]
					}
				},
				"joint6": {
					"rotation": {
						"0.0": [0, 0, 0],
						"0.16": [0, 0, 42.5]
					}
				},
				"finger7": {
					"rotation": {
						"0.0": [0, 0, 0],
						"0.16": [0, 0, 67.5]
					}
				},
				"joint7": {
					"rotation": {
						"0.0": [0, 0, 0],
						"0.16": [0, 0, 45]
					}
				},
				"finger8": {
					"rotation": {
						"0.0": [0, 0, 0],
						"0.16": [0, 0, 67.5]
					}
				},
				"joint8": {
					"rotation": {
						"0.0": [0, 0, 0],
						"0.16": [0, 0, 40]
					}
				}
			}
		},
		"animation.player_ghostfreak.fp_attack1": {
			"loop": true,
			"animation_length": 0.52,
			"bones": {
				"fp_rightArm": {
					"rotation": {
						"0.0": [0, 0, 0],
						"0.16": [0, 0, 30],
						"0.24": [0, 0, 30],
						"0.32": [-55, 0, 30]
					}
				},
				"fp_rightArm2": {
					"rotation": {
						"0.0": [0, 0, 0],
						"0.12": [30, 0, 0],
						"0.16": [30, 0, 0]
					}
				},
				"fp_leftArm": {
					"rotation": {
						"0.0": [0, 0, 0],
						"0.16": [0, 0, -30],
						"0.24": [0, 0, -30],
						"0.32": [-55, 0, -30]
					}
				},
				"fp_leftArm2": {
					"rotation": {
						"0.0": [0, 0, 0],
						"0.12": [30, 0, 0],
						"0.16": [30, 0, 0]
					}
				}
			}
		},
		"animation.player_ghostfreak.fp_attack2": {
			"loop": true,
			"animation_length": 0.52,
			"bones": {
				"fp_rightArm": {
					"rotation": {
						"0.0": [0, 0, 0],
						"0.16": [30, 0, 40],
						"0.32": [-85, 0, 40]
					}
				},
				"fp_rightArm2": {
					"rotation": {
						"0.0": [0, 0, 0],
						"0.16": [-27.5, 0, 0],
						"0.32": [47.5, 0, 0]
					}
				},
				"fp_finger1": {
					"rotation": {
						"0.0": [0, 0, 0],
						"0.16": [0, 0, -67.5]
					}
				},
				"fp_joint1": {
					"rotation": {
						"0.0": [0, 0, 0],
						"0.16": [0, 0, -47.5]
					}
				},
				"fp_finger2": {
					"rotation": {
						"0.0": [0, 0, 0],
						"0.16": [0, 0, -62.5]
					}
				},
				"fp_joint2": {
					"rotation": {
						"0.0": [0, 0, 0],
						"0.16": [0, 0, -55]
					}
				},
				"fp_finger3": {
					"rotation": {
						"0.0": [0, 0, 0],
						"0.16": [0, 0, -60]
					}
				},
				"fp_joint3": {
					"rotation": {
						"0.0": [0, 0, 0],
						"0.16": [0, 0, -60]
					}
				},
				"fp_finger4": {
					"rotation": {
						"0.0": [0, 0, 0],
						"0.16": [0, 0, -60]
					}
				},
				"fp_joint4": {
					"rotation": {
						"0.0": [0, 0, 0],
						"0.16": [0, 0, -57.5]
					}
				}
			}
		},
		"animation.player_ghostfreak.fp_attack3": {
			"loop": true,
			"animation_length": 0.52,
			"bones": {
				"fp_leftArm": {
					"rotation": {
						"0.0": [0, 0, 0],
						"0.16": [30, 0, -40],
						"0.32": [-85, 0, -40]
					}
				},
				"fp_leftArm2": {
					"rotation": {
						"0.0": [0, 0, 0],
						"0.16": [-27.5, 0, 0],
						"0.32": [47.5, 0, 0]
					}
				},
				"fp_finger5": {
					"rotation": {
						"0.0": [0, 0, 0],
						"0.16": [0, 0, 65]
					}
				},
				"fp_joint5": {
					"rotation": {
						"0.0": [0, 0, 0],
						"0.16": [0, 0, 45]
					}
				},
				"fp_finger6": {
					"rotation": {
						"0.0": [0, 0, 0],
						"0.16": [0, 0, 62.5]
					}
				},
				"fp_joint6": {
					"rotation": {
						"0.0": [0, 0, 0],
						"0.16": [0, 0, 42.5]
					}
				},
				"fp_finger7": {
					"rotation": {
						"0.0": [0, 0, 0],
						"0.16": [0, 0, 67.5]
					}
				},
				"fp_joint7": {
					"rotation": {
						"0.0": [0, 0, 0],
						"0.16": [0, 0, 45]
					}
				},
				"fp_finger8": {
					"rotation": {
						"0.0": [0, 0, 0],
						"0.16": [0, 0, 67.5]
					}
				},
				"fp_joint8": {
					"rotation": {
						"0.0": [0, 0, 0],
						"0.16": [0, 0, 40]
					}
				}
			}
		}
	}
}