{
	"format_version": "1.8.0",
	"animations": {
		"animation.player.upgrade_form": {
			"loop": true,
			"bones": {
				"whole": {
					"scale": "variable.is_first_person?0:0.7"
				},
				"body": {
					"scale": 0
				},
				"leftArm": {
					"scale": 0
				},
				"rightArm": {
					"scale": 0
				},
				"leftLeg": {
					"scale": 0
				},
				"rightLeg": {
					"scale": 0
				},
				"head": {
					"scale": 0
				},
				"u_rightArm": {
					"rotation": ["query.get_equipped_item_name=='stretch_arms'&&query.is_using_item?-110:Math.sin(query.life_time * 180.0) * -7", "query.get_equipped_item_name=='stretch_arms'&&query.is_using_item?5:Math.sin(query.life_time * 180.0) * 7", 0]
				},
				"u_leftArm": {
					"rotation": ["query.get_equipped_item_name=='stretch_arms'&&query.is_using_item?-110:Math.sin(query.life_time * 180.0) * -7", "query.get_equipped_item_name=='stretch_arms'&&query.is_using_item?-5:Math.sin(query.life_time * 180.0) * -7", 0]
				},
				"u_head": {
					"rotation": ["query.get_equipped_item_name=='stretch_arms'&&query.is_using_item?0:query.target_x_rotation - this", "query.get_equipped_item_name=='stretch_arms'&&query.is_using_item?0:query.target_y_rotation - this", 0]
				},
				"fp_rightArm": {
					"rotation": ["query.get_equipped_item_name=='stretch_arms'&&query.is_using_item?35:Math.sin(query.life_time * 180.0) * 3", "query.get_equipped_item_name=='stretch_arms'&&query.is_using_item?42.5:Math.sin(query.life_time * 180.0) * -7", "query.get_equipped_item_name=='stretch_arms'&&query.is_using_item?-27.5:0"],
					"position": [-16, -51, 15],
					"scale": "variable.is_first_person?0.85:0"
				},
				"joint25": {
					"rotation": [0, 0, "query.get_equipped_item_name=='stretch_arms'&&query.is_using_item?0:Math.sin(query.life_time * 180.0) * -10"],
					"scale": 1.7
				},
				"joint26": {
					"rotation": [0, 0, "query.get_equipped_item_name=='stretch_arms'&&query.is_using_item?0:Math.sin(query.life_time * 180.0) * -10"]
				},
				"joint27": {
					"rotation": [0, 0, "query.get_equipped_item_name=='stretch_arms'&&query.is_using_item?0:Math.sin(query.life_time * 180.0) * -10"]
				},
				"joint28": {
					"rotation": [0, 0, "query.get_equipped_item_name=='stretch_arms'&&query.is_using_item?0:Math.sin(query.life_time * 180.0) * -10"],
					"scale": 1.7
				},
				"joint29": {
					"rotation": [0, 0, "query.get_equipped_item_name=='stretch_arms'&&query.is_using_item?0:Math.sin(query.life_time * 180.0) * -10"]
				},
				"joint30": {
					"rotation": [0, 0, "query.get_equipped_item_name=='stretch_arms'&&query.is_using_item?0:Math.sin(query.life_time * 180.0) * -10"]
				},
				"joint31": {
					"rotation": [0, 0, "query.get_equipped_item_name=='stretch_arms'&&query.is_using_item?0:Math.sin(query.life_time * 180.0) * -10"],
					"scale": 1.7
				},
				"joint32": {
					"rotation": [0, 0, "query.get_equipped_item_name=='stretch_arms'&&query.is_using_item?0:Math.sin(query.life_time * 180.0) * -10"]
				},
				"joint33": {
					"rotation": [0, 0, "query.get_equipped_item_name=='stretch_arms'&&query.is_using_item?0:Math.sin(query.life_time * 180.0) * -10"]
				},
				"joint34": {
					"rotation": [0, 0, "query.get_equipped_item_name=='stretch_arms'&&query.is_using_item?0:Math.sin(query.life_time * 180.0) * 10"],
					"scale": 1.7
				},
				"joint35": {
					"rotation": [0, 0, "query.get_equipped_item_name=='stretch_arms'&&query.is_using_item?0:Math.sin(query.life_time * 180.0) * 10"]
				},
				"joint36": {
					"rotation": [0, 0, "query.get_equipped_item_name=='stretch_arms'&&query.is_using_item?0:Math.sin(query.life_time * 180.0) * 10"]
				},
				"joint1": {
					"rotation": [0, 0, "query.get_equipped_item_name=='stretch_arms'&&query.is_using_item?0:Math.sin(query.life_time * 180.0) * 7"],
					"scale": 1.7
				},
				"joint4": {
					"rotation": [0, 0, "query.get_equipped_item_name=='stretch_arms'&&query.is_using_item?0:Math.sin(query.life_time * 180.0) * 7"],
					"scale": 1.7
				},
				"joint7": {
					"rotation": [0, 0, "query.get_equipped_item_name=='stretch_arms'&&query.is_using_item?0:Math.sin(query.life_time * 180.0) * 7"],
					"scale": 1.7
				},
				"joint10": {
					"rotation": [0, 0, "query.get_equipped_item_name=='stretch_arms'&&query.is_using_item?0:Math.sin(query.life_time * 180.0) * -7"],
					"scale": 1.7
				},
				"joint13": {
					"rotation": [0, 0, "query.get_equipped_item_name=='stretch_arms'&&query.is_using_item?0:Math.sin(query.life_time * 180.0) * -7"],
					"scale": 1.7
				},
				"joint16": {
					"rotation": [0, 0, "query.get_equipped_item_name=='stretch_arms'&&query.is_using_item?0:Math.sin(query.life_time * 180.0) * -7"],
					"scale": 1.7
				},
				"joint19": {
					"rotation": [0, 0, "query.get_equipped_item_name=='stretch_arms'&&query.is_using_item?0:Math.sin(query.life_time * 180.0) * -7"],
					"scale": 1.7
				},
				"joint22": {
					"rotation": [0, 0, "query.get_equipped_item_name=='stretch_arms'&&query.is_using_item?0:Math.sin(query.life_time * 180.0) * 7"],
					"scale": 1.7
				},
				"body_upper": {
					"rotation": ["query.get_equipped_item_name=='stretch_arms'&&query.is_using_item?query.target_x_rotation - this:Math.sin(query.life_time * 180.0) * 7", "query.get_equipped_item_name=='stretch_arms'&&query.is_using_item?query.target_y_rotation - this:0", 0]
				},
				"fp_leftArm": {
					"rotation": ["query.get_equipped_item_name=='stretch_arms'&&query.is_using_item?35:0", "query.get_equipped_item_name=='stretch_arms'&&query.is_using_item?-42.5:0", "query.get_equipped_item_name=='stretch_arms'&&query.is_using_item?27.5:0"],
					"position": [16, -51, 15],
					"scale": "!query.is_tamed&&query.get_equipped_item_name=='stretch_arms'&&query.is_using_item&&variable.is_first_person?0.85:0"
				},
				"joint37": {
					"scale": 1.7
				},
				"joint40": {
					"scale": 1.7
				},
				"joint43": {
					"scale": 1.7
				},
				"joint46": {
					"scale": 1.7
				}
			}
		},
		"animation.upgrade.player.walking": {
			"loop": true,
			"anim_time_update": "query.modified_distance_moved",
			"bones": {
				"u_leftArm": {
					"rotation": ["query.get_equipped_item_name=='stretch_arms'&&query.is_using_item?0:Math.cos(query.anim_time * 40 + 40) *-40.0", 0, 0]
				},
				"u_rightArm": {
					"rotation": ["query.get_equipped_item_name=='stretch_arms'&&query.is_using_item?0:Math.cos(query.anim_time * 40 + 40) *40.0", 0, 0]
				},
				"u_leftLeg": {
					"rotation": ["Math.cos(query.anim_time * 40 + 40) *-30.0", 0, 0]
				},
				"u_rightLeg": {
					"rotation": ["Math.cos(query.anim_time * 40 + 40) *30.0", 0, 0]
				},
				"u_head": {
					"rotation": ["query.get_equipped_item_name=='stretch_arms'&&query.is_using_item?0:query.target_x_rotation - this", "query.get_equipped_item_name=='stretch_arms'&&query.is_using_item?0:query.target_y_rotation - this", 0]
				},
				"body_upper": {
					"rotation": [0, 0, "query.get_equipped_item_name=='stretch_arms'&&query.is_using_item?0:Math.cos(query.anim_time * 40 + 40) *-3.0"]
				}
			}
		},
		"animation.upgrade.player.sprinting": {
			"loop": true,
			"anim_time_update": "query.modified_distance_moved",
			"bones": {
				"u_leftArm": {
					"rotation": ["query.get_equipped_item_name=='stretch_arms'&&query.is_using_item?0:Math.cos(query.anim_time * 40 + 60) *-40.0", 0, 0]
				},
				"u_rightArm": {
					"rotation": ["query.get_equipped_item_name=='stretch_arms'&&query.is_using_item?0:Math.cos(query.anim_time * 40 + 60) *40.0", 0, 0]
				},
				"u_leftLeg": {
					"rotation": ["Math.cos(query.anim_time * 40 + 60) *-30.0", 0, 0]
				},
				"u_rightLeg": {
					"rotation": ["Math.cos(query.anim_time * 40 + 60) *30.0", 0, 0]
				},
				"u_head": {
					"rotation": ["query.get_equipped_item_name=='stretch_arms'&&query.is_using_item?0:query.target_x_rotation - this", "query.get_equipped_item_name=='stretch_arms'&&query.is_using_item?0:query.target_y_rotation - this", 0]
				},
				"body_upper": {
					"rotation": [0, 0, "query.get_equipped_item_name=='stretch_arms'&&query.is_using_item?0:Math.cos(query.anim_time * 40 + 40) *-3.0"]
				}
			}
		},
		"animation.player_upgrade.attack1": {
			"loop": true,
			"animation_length": 0.44,
			"bones": {
				"body_upper": {
					"rotation": {
						"0.0": [0, 0, 0],
						"0.16": [0, 32.5, 0],
						"0.24": [22.5, -52.5, 0]
					}
				},
				"u_rightArm": {
					"rotation": {
						"0.0": [0, 0, 0],
						"0.16": [12.5, 0, 70],
						"0.24": [-50, 0, 70]
					},
					"position": {
						"0.0": [0, 0, 0],
						"0.16": [3, -4, 2]
					}
				},
				"rightArm2": {
					"rotation": {
						"0.0": [0, 0, 0],
						"0.16": [-50, 0, 0],
						"0.24": [-10, 0, 0]
					}
				},
				"joint1": {
					"rotation": {
						"0.0": [0, 0, 0],
						"0.16": [0, 0, -62.5],
						"0.2": [-12.5, 0, -62.5]
					}
				},
				"joint2": {
					"rotation": {
						"0.0": [0, 0, 0],
						"0.16": [0, 0, -57.5]
					}
				},
				"joint3": {
					"rotation": {
						"0.0": [0, 0, 0],
						"0.16": [0, 0, -75]
					}
				},
				"joint4": {
					"rotation": {
						"0.0": [0, 0, 0],
						"0.16": [0, 0, -55]
					}
				},
				"joint5": {
					"rotation": {
						"0.0": [0, 0, 0],
						"0.16": [0, 0, -67.5]
					}
				},
				"joint6": {
					"rotation": {
						"0.0": [0, 0, 0],
						"0.16": [0, 0, -70]
					}
				},
				"joint7": {
					"rotation": {
						"0.0": [0, 0, 0],
						"0.16": [0, 0, -72.5],
						"0.2": [17.5, 0, -47.5]
					}
				},
				"joint8": {
					"rotation": {
						"0.0": [0, 0, 0],
						"0.16": [0, 0, -67.5]
					}
				},
				"joint9": {
					"rotation": {
						"0.0": [0, 0, 0],
						"0.16": [0, 0, -60]
					}
				},
				"joint10": {
					"rotation": {
						"0.0": [0, 0, 0],
						"0.16": [0, 0, 35],
						"0.2": [37.5, 0, 35]
					}
				},
				"joint11": {
					"rotation": {
						"0.0": [0, 0, 0],
						"0.16": [0, 0, 92.5]
					}
				},
				"joint12": {
					"rotation": {
						"0.0": [0, 0, 0],
						"0.16": [0, 0, 45]
					}
				}
			}
		},
		"animation.player_upgrade.attack2": {
			"loop": true,
			"animation_length": 0.6,
			"bones": {
				"body_upper": {
					"rotation": {
						"0.0": [0, 0, 0],
						"0.2": [0, 42.5, 0],
						"0.36": [25, -45, 0]
					}
				},
				"u_rightArm": {
					"rotation": {
						"0.0": [0, 0, 0],
						"0.2": [-85, 47.5, 0],
						"0.36": [-85, 20, 0]
					},
					"position": {
						"0.0": [0, 0, 0],
						"0.2": [3, -6, 2]
					}
				},
				"joint1": {
					"rotation": {
						"0.0": [0, 0, 0],
						"0.2": [0, 0, 32.5],
						"0.36": [0, 0, 2.5]
					}
				},
				"joint4": {
					"rotation": {
						"0.0": [0, 0, 0],
						"0.2": [0, 0, 35],
						"0.36": [0, 0, 0]
					}
				},
				"joint7": {
					"rotation": {
						"0.0": [0, 0, 0],
						"0.2": [0, 0, 40],
						"0.36": [0, 0, 0]
					}
				},
				"joint10": {
					"rotation": {
						"0.0": [0, 0, 0],
						"0.2": [0, 0, -82.5]
					}
				}
			}
		},
		"animation.player_upgrade.attack3": {
			"loop": true,
			"animation_length": 0.52,
			"bones": {
				"body_upper": {
					"rotation": {
						"0.0": [0, 0, 0],
						"0.16": [0, 40, 0],
						"0.28": [-17.5, -52.5, 0]
					}
				},
				"u_rightArm": {
					"rotation": {
						"0.0": [0, 0, 0],
						"0.16": [-50, 45, 0],
						"0.28": [-132.5, 35, -55]
					},
					"position": {
						"0.0": [0, 0, 0],
						"0.16": [3, -5, 2]
					}
				},
				"rightArm2": {
					"rotation": {
						"0.0": [0, 0, 0],
						"0.16": [-50, 0, 0],
						"0.28": [10, 0, -45]
					}
				},
				"joint1": {
					"rotation": {
						"0.0": [0, 0, 0],
						"0.16": [-7.5, 0, -60]
					}
				},
				"joint2": {
					"rotation": {
						"0.0": [0, 0, 0],
						"0.16": [0, 0, -52.5]
					}
				},
				"joint3": {
					"rotation": {
						"0.0": [0, 0, 0],
						"0.16": [0, 0, -50]
					}
				},
				"joint4": {
					"rotation": {
						"0.0": [0, 0, 0],
						"0.16": [0, 0, -57.5]
					}
				},
				"joint5": {
					"rotation": {
						"0.0": [0, 0, 0],
						"0.16": [0, 0, -65]
					}
				},
				"joint6": {
					"rotation": {
						"0.0": [0, 0, 0],
						"0.16": [0, 0, -40]
					}
				},
				"joint7": {
					"rotation": {
						"0.0": [0, 0, 0],
						"0.16": [10, 0, -57.5]
					}
				},
				"joint8": {
					"rotation": {
						"0.0": [0, 0, 0],
						"0.16": [0, 0, -65]
					}
				},
				"joint9": {
					"rotation": {
						"0.0": [0, 0, 0],
						"0.16": [0, 0, -50]
					}
				},
				"joint10": {
					"rotation": {
						"0.0": [0, 0, 0],
						"0.16": [0, 0, 55]
					}
				},
				"joint11": {
					"rotation": {
						"0.0": [0, 0, 0],
						"0.16": [87.5, -17.5, 70]
					}
				},
				"joint12": {
					"rotation": {
						"0.0": [0, 0, 0],
						"0.16": [0, 0, 35]
					}
				}
			}
		},
		"animation.player_upgrade.fp_attack3": {
			"loop": true,
			"animation_length": 0.52,
			"bones": {
				"fp_rightArm": {
					"rotation": {
						"0.0": [0, 0, 0],
						"0.16": [90, 0, 97.5],
						"0.28": [0, 97.5, 97.5]
					},
					"position": {
						"0.0": [0, 0, 0],
						"0.16": [0, 0, 0],
						"0.28": [-9, 7, 0]
					}
				},
				"fp_rightArm2": {
					"rotation": {
						"0.0": [0, 0, 0],
						"0.16": [-50, 0, 0],
						"0.28": [7.5, 0, 0]
					}
				},
				"joint25": {
					"rotation": {
						"0.0": [0, 0, 0],
						"0.16": [-20, 0, -62.5]
					}
				},
				"joint26": {
					"rotation": {
						"0.0": [0, 0, 0],
						"0.16": [0, 0, -55]
					}
				},
				"joint27": {
					"rotation": {
						"0.0": [0, 0, 0],
						"0.16": [0, 0, -62.5]
					}
				},
				"joint28": {
					"rotation": {
						"0.0": [0, 0, 0],
						"0.16": [0, 0, -62.5]
					}
				},
				"joint29": {
					"rotation": {
						"0.0": [0, 0, 0],
						"0.16": [0, 0, -57.5]
					}
				},
				"joint30": {
					"rotation": {
						"0.0": [0, 0, 0],
						"0.16": [0, 0, -55]
					}
				},
				"joint31": {
					"rotation": {
						"0.0": [0, 0, 0],
						"0.16": [12.5, 0, -67.5]
					}
				},
				"joint32": {
					"rotation": {
						"0.0": [0, 0, 0],
						"0.16": [0, 0, -62.5]
					}
				},
				"joint33": {
					"rotation": {
						"0.0": [0, 0, 0],
						"0.16": [0, 0, -72.5]
					}
				},
				"joint34": {
					"rotation": {
						"0.0": [0, 0, 0],
						"0.16": [0, 0, 47.5]
					}
				},
				"joint35": {
					"rotation": {
						"0.0": [0, 0, 0],
						"0.16": [0, 0, 80]
					}
				},
				"joint36": {
					"rotation": {
						"0.0": [0, 0, 0],
						"0.16": [0, 0, 55]
					}
				}
			}
		},
		"animation.player_upgrade.fp_attack1": {
			"loop": true,
			"animation_length": 0.52,
			"bones": {
				"fp_rightArm": {
					"rotation": {
						"0.0": [0, 0, 0],
						"0.2": [42.5, 0, 0],
						"0.28": [-2.5, 0, 0]
					},
					"position": {
						"0.0": [0, 0, 0],
						"0.2": [0, 0, 0],
						"0.28": [-8, 9, 7]
					}
				},
				"fp_rightArm2": {
					"rotation": {
						"0.0": [0, 0, 0],
						"0.2": [-50, 0, 0],
						"0.28": [5, 0, 0]
					}
				},
				"joint25": {
					"rotation": {
						"0.0": [0, 0, 0],
						"0.2": [-17.5, 0, -55]
					}
				},
				"joint26": {
					"rotation": {
						"0.0": [0, 0, 0],
						"0.2": [0, 0, -65]
					}
				},
				"joint27": {
					"rotation": {
						"0.0": [0, 0, 0],
						"0.2": [0, 0, -55]
					}
				},
				"joint28": {
					"rotation": {
						"0.0": [0, 0, 0],
						"0.2": [0, 0, -55]
					}
				},
				"joint29": {
					"rotation": {
						"0.0": [0, 0, 0],
						"0.2": [0, 0, -67.5]
					}
				},
				"joint30": {
					"rotation": {
						"0.0": [0, 0, 0],
						"0.2": [0, 0, -55]
					}
				},
				"joint31": {
					"rotation": {
						"0.0": [0, 0, 0],
						"0.2": [17.5, 0, -52.5]
					}
				},
				"joint32": {
					"rotation": {
						"0.0": [0, 0, 0],
						"0.2": [0, 0, -77.5]
					}
				},
				"joint33": {
					"rotation": {
						"0.0": [0, 0, 0],
						"0.2": [0, 0, -60]
					}
				},
				"joint34": {
					"rotation": {
						"0.0": [0, 0, 0],
						"0.2": [37.5, 0, 45]
					}
				},
				"joint35": {
					"rotation": {
						"0.0": [0, 0, 0],
						"0.2": [0, 0, 92.5]
					}
				},
				"joint36": {
					"rotation": {
						"0.0": [0, 0, 0],
						"0.2": [0, 0, 27.5]
					}
				}
			}
		},
		"animation.player_upgrade.fp_attack2": {
			"loop": true,
			"animation_length": 0.6,
			"bones": {
				"fp_rightArm": {
					"rotation": {
						"0.0": [0, 0, 0],
						"0.2": [0, 0, 80],
						"0.36": [0, 120, 80]
					},
					"position": {
						"0.0": [0, 0, 0],
						"0.36": [-14, 0, 0]
					}
				},
				"joint25": {
					"rotation": {
						"0.0": [0, 0, 0],
						"0.2": [0, 0, 47.5],
						"0.36": [0, 0, 7.5]
					}
				},
				"joint28": {
					"rotation": {
						"0.0": [0, 0, 0],
						"0.2": [0, 0, 52.5],
						"0.36": [0, 0, 12.5]
					}
				},
				"joint31": {
					"rotation": {
						"0.0": [0, 0, 0],
						"0.2": [0, 0, 57.5],
						"0.36": [0, 0, 7.5]
					}
				},
				"joint34": {
					"rotation": {
						"0.0": [0, 0, 0],
						"0.2": [0, 0, 12.5],
						"0.36": [0, 0, 12.5]
					}
				}
			}
		},
		"animation.player_upgrade.stretch_arms": {
			"loop": true,
			"animation_length": 1.48,
			"bones": {
				"u_rightArm": {
					"position": [0, -8, 27],
					"scale": [1, 15.47, 1]
				},
				"joint1": {
					"rotation": [0, 0, 75]
				},
				"joint4": {
					"rotation": [0, 0, 75]
				},
				"joint7": {
					"rotation": [0, 0, 75]
				},
				"joint10": {
					"rotation": [0, 0, -75]
				},
				"u_leftArm": {
					"position": [0, -8, 27],
					"scale": [1, 15.47, 1]
				},
				"joint13": {
					"rotation": [0, 0, -75]
				},
				"joint16": {
					"rotation": [0, 0, -75]
				},
				"joint19": {
					"rotation": [0, 0, -75]
				},
				"joint22": {
					"rotation": [0, 0, 75]
				},
				"fp_rightArm": {
					"scale": [1, 15.47, 1]
				},
				"fp_leftArm": {
					"scale": [1, 15.47, 1]
				},
				"joint25": {
					"rotation": [0, 0, 65]
				},
				"joint28": {
					"rotation": [0, 0, 65]
				},
				"joint31": {
					"rotation": [0, 0, 65]
				},
				"joint34": {
					"rotation": [0, 0, -65]
				},
				"joint37": {
					"rotation": [0, 0, -65]
				},
				"joint40": {
					"rotation": [0, 0, -65]
				},
				"joint43": {
					"rotation": [0, 0, -65]
				},
				"joint46": {
					"rotation": [0, 0, 65]
				}
			}
		},
		
		"animation.player.upgrade.rb_form": {
		  "loop": true,
		  "bones": {
		    "rb": {
			  "scale": "variable.is_first_person?0:1"
			},
			"rightArm": {
			  "scale": 0
			}
		  }
		}
	}
}