{
	"format_version": "1.8.0",
	"animations": {
		"animation.player.xlr8_form": {
			"loop": true,
			"bones": {
				"whole": {
					"scale": "variable.is_first_person?0:1"
				},
				"body": {
					"scale": 0
				},
				"leftArm": {
					"scale": 0
				},
				"rightArm": {
					"scale": 0
				},
				"leftLeg": {
					"scale": 0
				},
				"rightLeg": {
					"scale": 0
				},
				"head": {
					"scale": 0
				},
				"a_body": {
					"rotation": ["Math.sin(query.life_time * 180.0) * 3", 0, 0]
				},
				"a_rightArm": {
					"rotation": ["Math.sin(query.life_time * 180.0) * 3", "Math.sin(query.life_time * 180.0) * -7", 0]
				},
				"a_leftArm": {
					"rotation": ["Math.sin(query.life_time * 180.0) * -3", "Math.sin(query.life_time * 180.0) * 7", 0]
				},
				"tail": {
					"rotation": ["Math.sin(query.life_time * 180.0) * 3", 0, 0]
				},
				"tail2": {
					"rotation": ["Math.sin(query.life_time * 180.0) * 3", 0, 0]
				},
				"tail3": {
					"rotation": ["Math.sin(query.life_time * 180.0) * 3", 0, 0]
				},
				"a_head": {
					"rotation": ["query.target_x_rotation - this", "query.target_y_rotation - this", 0]
				},
				"fp_rightArm": {
					"rotation": ["Math.sin(query.life_time * 180.0) * 3", "Math.sin(query.life_time * 180.0) * -7", 0],
					"position": [25, -22, 15],
					"scale": "variable.is_first_person?1.2:0"
				},
				"joint19": {
					"rotation": [0, 0, "Math.sin(query.life_time * 180.0) * -7"]
				},
				"joint20": {
					"rotation": [0, 0, "Math.sin(query.life_time * 180.0) * -7"]
				},
				"joint21": {
					"rotation": [0, 0, "Math.sin(query.life_time * 180.0) * -7"]
				},
				"joint22": {
					"rotation": [0, 0, "Math.sin(query.life_time * 180.0) * 7"]
				},
				"joint23": {
					"rotation": [0, 0, "Math.sin(query.life_time * 180.0) * 7"]
				},
				"joint24": {
					"rotation": [0, 0, "Math.sin(query.life_time * 180.0) * 7"]
				},
				"joint25": {
					"rotation": [0, 0, "Math.sin(query.life_time * 180.0) * 7"]
				},
				"joint26": {
					"rotation": [0, 0, "Math.sin(query.life_time * 180.0) * 7"]
				},
				"joint27": {
					"rotation": [0, 0, "Math.sin(query.life_time * 180.0) * 7"]
				},
				"joint1": {
					"rotation": [0, 0, "Math.sin(query.life_time * 180.0) * -7"]
				},
				"joint2": {
					"rotation": [0, 0, "Math.sin(query.life_time * 180.0) * -7"]
				},
				"joint4": {
					"rotation": [0, 0, "Math.sin(query.life_time * 180.0) * 7"]
				},
				"joint5": {
					"rotation": [0, 0, "Math.sin(query.life_time * 180.0) * 7"]
				},
				"joint7": {
					"rotation": [0, 0, "Math.sin(query.life_time * 180.0) * 7"]
				},
				"joint8": {
					"rotation": [0, 0, "Math.sin(query.life_time * 180.0) * 7"]
				},
				"joint10": {
					"rotation": [0, 0, "Math.sin(query.life_time * 180.0) * 7"]
				},
				"joint11": {
					"rotation": [0, 0, "Math.sin(query.life_time * 180.0) * 7"]
				},
				"joint13": {
					"rotation": [0, "Math.sin(query.life_time * 180.0) * -7", 0]
				},
				"joint14": {
					"rotation": [0, 0, "Math.sin(query.life_time * 180.0) * -7"]
				},
				"joint16": {
					"rotation": [0, 0, "Math.sin(query.life_time * 180.0) * -7"]
				},
				"joint17": {
					"rotation": [0, 0, "Math.sin(query.life_time * 180.0) * -7"]
				}
			}
		},
		"animation.xlr8.player.walking": {
			"loop": true,
			"anim_time_update": "query.modified_distance_moved",
			"bones": {
				"a_leftArm": {
					"rotation": ["Math.cos(query.anim_time * 40 + 40) *-40.0", 0, 0]
				},
				"a_rightArm": {
					"rotation": ["Math.cos(query.anim_time * 40 + 40) *40.0", 0, 0]
				},
				"a_leftLeg": {
					"rotation": ["Math.cos(query.anim_time * 40 + 40) *-30.0", 0, 0]
				},
				"a_rightLeg": {
					"rotation": ["Math.cos(query.anim_time * 40 + 40) *30.0", 0, 0]
				},
				"tail": {
					"rotation": ["Math.cos(query.anim_time * 20 - 25) *-10.0", 0, 0]
				},
				"tail2": {
					"rotation": ["Math.cos(query.anim_time * 20 - 25) *-10.0", 0, 0]
				},
				"tail3": {
					"rotation": ["Math.cos(query.anim_time * 20 - 25) *-10.0", 0, 0]
				},
				"a_head": {
					"rotation": ["query.target_x_rotation - this", "query.target_y_rotation - this", 0]
				}
			}
		},
		"animation.xlr8.player.sprinting": {
			"loop": true,
			"anim_time_update": "query.modified_distance_moved",
			"bones": {
				"a_leftArm": {
					"rotation": ["Math.cos(query.anim_time * 40 + 100) *-80.0", 0, 0]
				},
				"a_rightArm": {
					"rotation": ["Math.cos(query.anim_time * 40 + 100) *80.0", 0, 0]
				},
				"a_leftLeg": {
					"rotation": ["Math.cos(query.anim_time * 40 + 100) *-60.0", 0, 0]
				},
				"a_rightLeg": {
					"rotation": ["Math.cos(query.anim_time * 40 + 100) *60.0", 0, 0]
				},
				"tail": {
					"rotation": ["Math.cos(query.anim_time * 20 - 25) *-10.0", 0, 0]
				},
				"tail2": {
					"rotation": ["Math.cos(query.anim_time * 20 - 25) *-10.0", 0, 0]
				},
				"tail3": {
					"rotation": ["Math.cos(query.anim_time * 20 - 25) *-10.0", 0, 0]
				},
				"a_head": {
					"rotation": ["query.target_x_rotation - this", "query.target_y_rotation - this", 0]
				}
			}
		},
		"animation.player_xlr8.attack": {
			"loop": true,
			"animation_length": 0.44,
			"bones": {
				"a_body": {
					"rotation": {
						"0.0": [0, 0, 0],
						"0.16": [0, 45, 0],
						"0.24": [0, -45, 0]
					}
				},
				"a_rightArm": {
					"rotation": {
						"0.0": [0, 0, 0],
						"0.16": [0, 70, 0],
						"0.24": [0, 70, 0]
					}
				},
				"a_leftArm": {
					"rotation": [0, 0, 0]
				},
				"joint1": {
					"rotation": {
						"0.0": [0, 0, 0],
						"0.16": [0, 0, -37.5]
					}
				},
				"joint2": {
					"rotation": {
						"0.0": [0, 0, 0],
						"0.16": [0, 0, 30]
					}
				},
				"joint3": {
					"rotation": {
						"0.0": [0, 0, 0],
						"0.16": [0, 0, 30]
					}
				},
				"joint4": {
					"rotation": {
						"0.0": [0, 0, 0],
						"0.16": [-35, -20, 50]
					}
				},
				"joint5": {
					"rotation": {
						"0.0": [0, 0, 0],
						"0.16": [0, 0, -12.5]
					}
				},
				"joint6": {
					"rotation": {
						"0.0": [0, 0, 0],
						"0.16": [0, 0, -30]
					}
				},
				"joint7": {
					"rotation": {
						"0.0": [0, 0, 0],
						"0.16": [15, 30, 30]
					}
				},
				"joint8": {
					"rotation": {
						"0.0": [0, 0, 0],
						"0.16": [0, 0, -22.5]
					}
				},
				"joint9": {
					"rotation": {
						"0.0": [0, 0, 0],
						"0.16": [0, 0, -15]
					}
				}
			}
		},
		"animation.player_xlr8.fp_attack": {
			"loop": true,
			"animation_length": 0.44,
			"bones": {
				"fp_rightArm": {
					"rotation": {
						"0.0": [0, 0, 0],
						"0.16": [37.5, 0, 0],
						"0.24": [37.5, 0, -57.5]
					},
					"position": {
						"0.0": [0, 0, 0],
						"0.16": [2, -2, -2],
						"0.24": [-1, 2, 2]
					}
				},
				"rightArm3": {
					"rotation": {
						"0.0": [0, 0, 0],
						"0.16": [-32.5, 0, 0],
						"0.24": [25, 0, 0]
					}
				},
				"joint19": {
					"rotation": {
						"0.0": [0, 0, 0],
						"0.16": [0, 0, -25]
					}
				},
				"joint22": {
					"rotation": {
						"0.0": [0, 0, 0],
						"0.16": [0, -27.5, 15]
					}
				},
				"joint25": {
					"rotation": {
						"0.0": [0, 0, 0],
						"0.16": [0, 37.5, 25]
					}
				}
			}
		},
		"animation.xlr8.mask_closing": {
			"loop": true,
			"bones": {
				"mask": {
					"rotation": [90, 0, 0]
				}
			}
		},
		"animation.xlr8.mask_opening": {
			"loop": true,
			"bones": {
				"mask": {
					"rotation": [0, 0, 0]
				}
			}
		}
	}
}