{
  "format_version": "1.10.0",
  "animation_controllers": 
{
"controller.animation.shoot_fire_ball": {
"initial_state": "default",
"states": {
"default": {
"transitions": [
{
"shoot_fire_ball": "query.get_equipped_item_name('main_hand') == 'fire_ball' && query.is_using_item || variable.attack_time > 0.6"
}
]
},
"shoot_fire_ball": {
"transitions": [
{
"default": "query.get_equipped_item_name('main_hand') == 'fire_ball' && query.is_using_item || variable.attack_time > 0.6"
}
],
"on_entry": [

"/event entity @s shoot:fire_ball"

]
}
}
},
"controller.animation.shoot_dh_crystal": {
"initial_state": "default",
"states": {
"default": {
"transitions": [
{
"shoot_dh_crystal": "query.get_equipped_item_name('main_hand') == 'dh_crystal' && query.is_using_item || variable.attack_time > 0.6"
}
]
},
"shoot_dh_crystal": {
"transitions": [
{
"default": "query.get_equipped_item_name('main_hand') == 'dh_crystal' && query.is_using_item || variable.attack_time > 0.6"
}
],
"on_entry": [

"/event entity @s shoot:dh_crystal"

]
}
}
}
}
}

//By L8SUN @YouTube