{
  "format_version": "1.10.0",
  "animation_controllers": 
{
"controller.animation.player_normal": {
"initial_state": "default",
"states": {
"default": {
"transitions": [
{
"player_normal": "query.variant == 0"
}
]
},
"player_normal": {
"transitions": [
{
"default": "query.variant == 0"
}
],
"on_entry": [

"/function player/is_normal",
"/effect @s[tag=alien] clear",

//remove tags
"/tag @s[family=!omni_inuse] remove omni_using",
"/tag @s remove alien",

//remove items
"/clear @s[family=!omnitrix] omni:omni_icon",
"/clear @s omni:omni_off",
"/clear @s alien:fire_ball",
"/clear @s alien:dh_crystal"

]
}
}
},
"controller.animation.on_ground": {
"initial_state": "default",
"states": {
"default": {
"transitions": [
{
"on_ground": "query.is_on_ground"
}
]
},
"on_ground": {
"transitions": [
{
"default": "query.is_on_ground"
}
],
"on_entry": [

//remove tags
"/tag @s remove flying"

]
}
}
},
"controller.animation.jump": {
"initial_state": "default",
"states": {
"default": {
"transitions": [
{
"jump": "query.is_jumping"
}
]
},
"jump": {
"transitions": [
{
"default": "query.is_jumping"
}
],
"on_entry": [

//fly
"/tag @s[family=heatblast] add flying",
"/effect @s[family=heatblast,tag=flying] levitation 1 5 true"

]
}
}
},
"controller.animation.sneak": {
"initial_state": "default",
"states": {
"default": {
"transitions": [
{
"sneak": "query.is_sneaking"
}
]
},
"sneak": {
"transitions": [
{
"default": "query.is_sneaking"
}
],
"on_entry": [

//sneaking
"/tag @s add sneaking"

]
}
}
},
"controller.animation.stand": {
"initial_state": "default",
"states": {
"default": {
"transitions": [
{
"stand": "!query.is_sneaking"
}
]
},
"stand": {
"transitions": [
{
"default": "!query.is_sneaking"
}
],
"on_entry": [
 
//Omnitrix Use
"/event entity @s[family=omni_inuse,tag=sneaking] omnitrix_use",

//standing
"/tag @s remove sneaking"

]
}
}
},
"controller.animation.click": {
"initial_state": "default",
"states": {
"default": {
"transitions": [
{
"click": "variable.attack_time > 0.6"
}
]
},
"click": {
"transitions": [
{
"default": "variable.attack_time > 0.6"
}
],
"on_entry": [

"/"

]
}
}
}
}
}

//By L8SUN @YouTube