{
  "format_version": "1.10.0",
  "animation_controllers": 
{
"controller.animation.player_alien": {
"initial_state": "default",
"states": {
"default": {
"transitions": [
{
"player_alien": "query.variant > 0"
}
]
},
"player_alien": {
"transitions": [
{
"default": "query.variant > 0"
}
],
"on_entry": [

"/tag @s[family=alien] add alien",
"/execute @s[family=alien] ~~~ function player/is_alien",

//diamondhead
"/effect @s[family=diamondhead] jump_boost 30 1 true",
"/effect @s[family=diamondhead] resistance 30 1 true",

//wildmutt
"/effect @s[family=wildmutt] night_vision 30 0 true",
"/effect @s[family=wildmutt] speed 30 1 true",
"/effect @s[family=wildmutt] jump_boost 30 3 true",

//heatblast
"/effect @s[family=heatblast] fire_resistance 30 255 true",
"/effect @s[family=heatblast] night_vision 30 0 true",
"/execute @s[family=heatblast,tag=flying] ~~~ particle minecraft:mobflame_single ~~0~"

]
}
}
}
}
}

//By L8SUN @YouTube