{
  "format_version": "1.10.0",
  "animation_controllers": {

    "controller.animation.summon_magic_effect": {
      "initial_state": "move",
      "states": {
        "move": {
          "animations": [ "" ],
          "particle_effects": [
            {
              "effect": "magic_particle",
              "locator": "diamond_spike"
            }
          ]
        },
        "default": {
          "particle_effects": [
            {
              "effect": "magic_particle",
              "locator": "diamond_spike"
            }
          ]
        }
      }
    }
  }
}