{
  "format_version": "1.10.0",
  "animation_controllers": {

    "controller.animation.rocket.move": {
      "initial_state": "move",
      "states": {
        "move": {
          "animations": [ "point" ],
          "particle_effects": [
            {
              "effect": "r_smoke",
              "locator": "rocket"
            }
          ]
        },
        "default": {
          "particle_effects": [
            {
              "effect": "r_smoke",
              "locator": "rocket"
            }
          ]
        }
      }
    },
    
    "controller.animation.magic_effect": {
            "states": {
                "default": {
                    "animations": [
                        ""
                    ],
					"transitions": [
					    {
                            "par": "(1.0)"
                        }
                    ],
                    "blend_transition": 0.2
                },
                "par": {
                    "animations": [
                        ""
                    ],
					"particle_effects" : [
						{
							"effect" : "magic_particle",
							"locator" : "par"
						}
					],
                    "transitions": [{
                            "default": "(1.0)"
                        }
                    ],
                    "blend_transition": 0.2
				}
            }
        },
    
    "controller.animation.laser.point": {
      "initial_state": "move",
      "states": {
        "move": {
          "animations": [ "point" ],
          "particle_effects": [
            {
              "effect": "laser_p",
              "locator": "body"
            }
          ]
        },
        "default": {
          "particle_effects": [
            {
              "effect": "laser_p",
              "locator": "body"
            }
          ]
        }
      }
    },
    
    "controller.animation.red_laser.point": {
      "initial_state": "move",
      "states": {
        "move": {
          "animations": [ "point" ],
          "particle_effects": [
            {
              "effect": "laser_p2",
              "locator": "body"
            }
          ]
        },
        "default": {
          "particle_effects": [
            {
              "effect": "laser_p2",
              "locator": "body"
            }
          ]
        }
      }
    },
	
	"controller.animation.acid_spit.particle": {
      "initial_state": "move",
      "states": {
        "move": {
          "animations": [ "" ],
          "particle_effects": [
            {
              "effect": "acid_particle",
              "locator": "par"
            }
          ]
        },
        "default": {
          "particle_effects": [
            {
              "effect": "acid_particle",
              "locator": "par"
            }
          ]
        }
      }
    },
	
	"controller.animation.hex_bull.point": {
      "states": {
                "default": {
                    "animations": [
                        "point"
                    ],
					"transitions": [
					    {
                            "par": "(1.0)"
                        }
                    ],
                    "blend_transition": 0.2
                },
                "par": {
                    "animations": [
                        ""
                    ],
					"particle_effects" : [
						{
							"effect" : "magic_particle",
							"locator" : "par"
						}
					],
                    "transitions": [{
                            "default": "(1.0)"
                        }
                    ],
                    "blend_transition": 0.2
				}
            }
    }
  }
}