{
  "format_version": "1.13.0",
  "minecraft:entity": {
    "description": {
      "identifier": "hex:hex_bull",
      "is_spawnable": false,
      "is_summonable": false,
      "is_experimental": false,
      "runtime_identifier": "minecraft:snowball",
      "scripts": {
        "animate": [
		  "shoot"
        ]
      },
      "animations": {
	    "shoot": "controller.animation.hex_bull"
      }
    },
    
    "component_groups": {
	  "despawn": {
	    "minecraft:type_family": {
          "family": [ "despawnable" ]
        }
	  }
    },

    "components": {
      "minecraft:collision_box": {
        "width": 0.25,
        "height": 0.25
      },
      "minecraft:type_family": {
        "family": [ "hex", "hex_bull" ]
      },
      "minecraft:hurt_on_condition": {
        "damage_conditions": [
          {
            "filters": { "test": "in_lava", "subject": "self", "operator": "==", "value": true },
            "cause": "lava",
            "damage_per_tick": 4
          }
        ]
      },
      "minecraft:projectile": {
        "on_hit": {
          "impact_damage": {
            "damage": 12,
            "knockback": true,
            "semi_random_diff_damage": false,
            "destroy_on_hit": true
          },
          "particle_on_hit": {
            "particle_type": "snowballpoof",
            "num_particles": 0,
            "on_entity_hit": false,
            "on_other_hit": true
          }
        },
        "power": 1.6,
        "gravity": 0.0,
        "uncertainty_base": 16,
        "uncertainty_multiplier": 4,
        "anchor": 1,
        "should_bounce": true,
        "offset": [ 0, -0.1, 0 ]
      },
	  "minecraft:despawn": {
                "filters": {
                    "all_of": [{
                            "any_of": [{
                                    "test":
                                    "is_family",
                                    "subject": "self",
                                    "value": "despawnable"
                                }
                            ]
                        }
                    ]
                }
            },
		"minecraft:timer": {
                "looping": true,
                "random_time_choices": [{
                        "weight": 50,
                        "value": 4
                    }
                ],
                "time_down_event": {
                    "event":
                    "despawn",
                    "target": "self"
                }
            },
      "minecraft:physics": {
      },
      "minecraft:pushable": {
        "is_pushable": false,
        "is_pushable_by_piston": true
      }
    },

    "events": {
	  "despawn": {
	    "add": {
		  "component_groups": [
		    "despawn"
		  ]
		}
	  }
    }
  }
}