{
  "format_version": "1.13.0",
  "minecraft:entity": {
    "description": {
      "identifier": "magic:magic_bullet",
      "is_spawnable": false,
      "is_summonable": false,
      "is_experimental": false,
      "runtime_identifier": "minecraft:snowball",
      "scripts": {
        "animate": [
		  "shoot"
        ]
      },
      "animations": {
	    "shoot": "controller.animation.magic_bullet_shoot"
      }
    },
    
    "component_groups": {
    },

    "components": {
      "minecraft:collision_box": {
        "width": 0.25,
        "height": 0.25
      },
      "minecraft:type_family": {
        "family": [ "magic_bullet", "gwen", "charmcaster" ]
      },
      "minecraft:projectile": {
        "on_hit": {
          "impact_damage": {
            "damage": 14,
            "knockback": false,
            "semi_random_diff_damage": false,
            "destroy_on_hit": true
          },
          "mob_effect": {
            "effect": "nausea",
            "durationeasy": 200,
            "durationnormal": 200,
            "durationhard": 200,
            "amplifier": 1
          },
          "remove_on_hit": {
          }
        },
        "power": 1.6,
        "gravity": 0.0,
        "uncertainty_base": 16,
        "uncertainty_multiplier": 4,
        "anchor": 1,
        "should_bounce": false,
        "offset": [ 0, -0.9, 0 ]
      },
      "minecraft:physics": {
      },
      "minecraft:pushable": {
        "is_pushable": false,
        "is_pushable_by_piston": false
      }
    },

    "events": {
    
    }
  }
}