{
  "format_version": "1.13.0",
  "minecraft:entity": {
    "description": {
      "identifier": "max:max_bullet",
      "is_spawnable": false,
      "is_summonable": false,
      "is_experimental": false,
      "runtime_identifier": "minecraft:arrow",
      "scripts": {
        "animate": [
		  "shoot"
        ]
      },
      "animations": {
	    "shoot": "controller.animation.max_bullet_shoot"
      }
    },
    
    "component_groups": {
    },

    "components": {
      "minecraft:collision_box": {
        "width": 0.25,
        "height": 0.25
      },
      "minecraft:scale": {
        "value": 1.3
      },
      "minecraft:type_family": {
        "family": [ "max_bullet", "uncle_max" ]
      },
      "minecraft:projectile": {
        "on_hit": {
          "impact_damage": {
            "damage": 16,
            "knockback": true,
            "semi_random_diff_damage": false,
            "destroy_on_hit": true
          }
        },
        "power": 1.6,
        "gravity": 0.0,
        "uncertainty_base": 16,
        "uncertainty_multiplier": 4,
        "anchor": 1,
        "should_bounce": true,
        "offset": [ 0, -0.1, 0 ]
      },
      "minecraft:physics": {
      },
      "minecraft:pushable": {
        "is_pushable": false,
        "is_pushable_by_piston": false
      }
    },

    "events": {
    
    }
  }
}