{
  "format_version": "1.10.0",
  "minecraft:entity": {
    "description": {
      "identifier": "wv:wv_seed",
      "is_spawnable": false,
      "is_summonable": true,
      "is_experimental": false,
      "runtime_identifier": "minecraft:snowball",
	  "scripts": {
        "animate": [
		  "shoot"
        ]
      },
      "animations": {
		"shoot": "controller.animation.wv_seeds_shoot"
      }
    },
	
	"component_groups": {
   "minecraft:exploding": {
    "minecraft:explode": {
     "fuse_length": 0.5,
     "fuse_lit": true,
     "power": 1,
     "causes_fire": false,
     "fire_affected_by_griefing": false,
     "destroy_affected_by_griefing": true
    }
   }
  },

    "components": {
      "minecraft:collision_box": {
        "width": 0.62,
        "height": 0.62
      },
	  "minecraft:scale": {
	    "value": 0.5
	  },
      "minecraft:type_family": {
        "family": [ "wv_seed" ]
      },
      "minecraft:projectile": {
        "on_hit": {
     "definition_event": {
      "affect_projectile": true,
      "event_trigger": {
            "event": "minecraft:explode",
            "target": "self"
      }
     },
	 "stick_in_ground": {
     }
    },
        "destroyOnHurt": true,
        "crit_particle_on_hurt": false,
        "power": 1.6,
        "gravity": 0.05,
        "uncertainty_base": 16,
        "uncertainty_multiplier": 4,
        "anchor": 1,
        "offset": [ 0, -0.8, 0 ]
      },
      "minecraft:physics": {
        "has_gravity": true,
        "has_collision": false
      }
    },
	
	"events": {
   "minecraft:explode": {
    "add": {
     "component_groups": [
      "minecraft:exploding"
     ]
    }
   }
  }
 }
}
