{
    "format_version": "1.10.0",
    "minecraft:client_entity": {
        "description": {
            "identifier": "minecraft:player",
            "materials": {
                "default": "entity_alphatest",
                "cape": "entity_alphatest",
                "animated": "player_animated",
				"npc": "npc",
                "omni": "entity_static",
                "default2": "enderman",
                "invisible": "enderman_invisible",
				"transparent": "slime_outer",
				"charged": "charged_creeper",
				"custom_3d_item": "item_in_hand"
            },
            "textures": {
                "default": "textures/entity/steve",
                "cape": "textures/entity/cape_invisible",
                "omni": "textures/entity/equip/omnitrix",
                "omni_low": "textures/entity/equip/omnitrix_low",
                "omni_wildmutt_icon": "textures/entity/equip/omni_wildmutt_icon",
                "omni_fourarms_icon": "textures/entity/equip/omni_fourarms_icon",
                "omni_greymatter_icon": "textures/entity/equip/omni_greymatter_icon",
                "omni_xlr8_icon": "textures/entity/equip/omni_xlr8_icon",
                "omni_upgrade_icon": "textures/entity/equip/omni_upgrade_icon",
                "omni_diamondhead_icon": "textures/entity/equip/omni_diamondhead_icon",
                "omni_ripjaws_icon": "textures/entity/equip/omni_ripjaws_icon",
                "omni_stinkfly_icon": "textures/entity/equip/omni_stinkfly_icon",
                "omni_ghostfreak_icon": "textures/entity/equip/omni_ghostfreak_icon",
                "omni_cannonbolt_icon": "textures/entity/equip/omni_cannonbolt_icon",
                "omni_heatblast_icon": "textures/entity/equip/omni_heatblast_icon",
				"omni_ditto_icon": "textures/entity/equip/omni_ditto_icon",
				"omni_eye_guy_icon": "textures/entity/equip/omni_eye_guy_icon",
				"omni_wildvine_icon": "textures/entity/equip/omni_wildvine_icon",
				"omni_benmummy_icon": "textures/entity/equip/omni_benmummy_icon",
				"omni_benwolf_icon": "textures/entity/equip/omni_benwolf_icon",
				"omni_benvicktor_icon": "textures/entity/equip/omni_benvicktor_icon",
				"omni_upchuck_icon": "textures/entity/equip/omni_upchuck_icon",
				"omni_way_big_icon": "textures/entity/equip/omni_way_big_icon",
                "wildmutt": "textures/entity/player.alien/wildmutt/wildmutt",
                "fourarms": "textures/entity/ben10_aliens/four_arms/four_arms",
                "greymatter": "textures/entity/ben10_aliens/greymatter/greymatter",
                "xlr8": "textures/entity/ben10_aliens/accelerate/accelerate",
                "upgrade": "textures/entity/ben10_aliens/upgrade/upgrade",
				"upgrade_rb": "textures/entity/rb/merged",
                "diamondhead": "textures/entity/ben10_aliens/diamondhead/diamondhead",
                "ripjaws": "textures/entity/ben10_aliens/ripjaws/ripjaws",
                "stinkfly": "textures/entity/ben10_aliens/stinkfly/stinkfly",
                "ghostfreak": "textures/entity/ben10_aliens/ghostfreak/ghostfreak",
                "cannonbolt": "textures/entity/ben10_aliens/cannonbolt/cannonbolt",
                "heatblast": "textures/entity/ben10_aliens/heatblast/heatblast",
				"ditto": "textures/entity/ben10_aliens/ditto/ditto",
				"eye_guy": "textures/entity/ben10_aliens/eye_guy/eye_guy",
				"wildvine": "textures/entity/ben10_aliens/wildvine/wildvine",
				"benmummy": "textures/entity/ben10_aliens/benmummy/benmummy",
				"benwolf": "textures/entity/ben10_aliens/benwolf/benwolf",
				"benvicktor": "textures/entity/ben10_aliens/benvicktor/benvicktor",
				"benvicktor_charged": "textures/entity/ben10_aliens/benvicktor/energy",
				"upchuck": "textures/entity/ben10_aliens/upchuck/upchuck",
				"way_big": "textures/entity/ben10_aliens/way_big/way_big",
				"way_big_charged": "textures/entity/ben10_aliens/way_big/charged",
                "wildmutt_low": "textures/entity/player.alien/wildmutt/wildmutt_omnitrix_low",
                "fourarms_low": "textures/entity/ben10_aliens/four_arms/four_arms_omnitrix_low",
                "greymatter_low": "textures/entity/ben10_aliens/greymatter/greymatter_omnitrix_low",
                "xlr8_low": "textures/entity/ben10_aliens/accelerate/accelerate_omnitrix_low",
                "upgrade_low": "textures/entity/ben10_aliens/upgrade/upgrade_omnitrix_low",
                "diamondhead_low": "textures/entity/ben10_aliens/diamondhead/diamondhead_omnitrix_low",
                "ripjaws_low": "textures/entity/ben10_aliens/ripjaws/ripjaws_omnitrix_low",
                "stinkfly_low": "textures/entity/ben10_aliens/stinkfly/stinkfly_omnitrix_low",
                "ghostfreak_low": "textures/entity/ben10_aliens/ghostfreak/ghostfreak_omnitrix_low",
                "cannonbolt_low": "textures/entity/ben10_aliens/cannonbolt/cannonbolt_omnitrix_low",
                "heatblast_low": "textures/entity/ben10_aliens/heatblast/heatblast_omnitrix_low",
				"ditto_low": "textures/entity/ben10_aliens/ditto/ditto_omnitrix_low",
				"eye_guy_low": "textures/entity/ben10_aliens/eye_guy/eye_guy_omnitrix_low",
				"wildvine_low": "textures/entity/ben10_aliens/wildvine/wildvine_omnitrix_low",
				"benmummy_low": "textures/entity/ben10_aliens/benmummy/benmummy_omnitrix_low",
				"benwolf_low": "textures/entity/ben10_aliens/benwolf/benwolf_omnitrix_low",
				"benvicktor_low": "textures/entity/ben10_aliens/benvicktor/benvicktor_omnitrix_low",
				"upchuck_low": "textures/entity/ben10_aliens/upchuck/upchuck_omnitrix_low",
				"way_big_low": "textures/entity/ben10_aliens/way_big/way_big_omnitrix_low",
				
				"hex_staff": "textures/entity/equip/hex_staff.player",
				"hex_staff.charged": "textures/entity/enemies/hex/shield"
            },
            "geometry": {
                "default": "geometry.humanoid.custom",
                "cape": "geometry.cape",
                "omni": "geometry.omni.player",
                "wildmutt": "geometry.wildmutt.player",
                "fourarms": "geometry.fourarms.player",
                "greymatter": "geometry.greymatter.player",
                "xlr8": "geometry.xlr8.player",
                "upgrade": "geometry.upgrade.player",
                "diamondhead": "geometry.diamondhead.player",
                "ripjaws": "geometry.ripjaws.player",
                "stinkfly": "geometry.stinkfly.player",
                "ghostfreak": "geometry.ghostfreak.player",
                "cannonbolt": "geometry.cannonbolt.player",
                "heatblast": "geometry.heatblast.player",
				"ditto": "geometry.ditto.player",
				"eye_guy": "geometry.eye_guy.player",
				"wildvine": "geometry.wildvine.player",
				"benmummy": "geometry.benmummy.player",
				"benwolf": "geometry.benwolf.player",
				"benvicktor": "geometry.benvicktor.player",
				"benvicktor_charged": "geometry.benvicktor_charged.player",
				"upchuck": "geometry.upchuck.player",
				"way_big": "geometry.way_big.player",
				"way_big_charged": "geometry.way_big_charged.player"
            },
            "scripts": {
                "scale": "0.9375",
                "initialize": [
				  "variable.is_holding_right = 0.0;", 
				  "variable.is_blinking = 0.0;", 
				  "variable.last_blink_time = 0.0;", 
				  "variable.hand_bob = 0.0;"
				],
                "pre_animation": [
				  "variable.is_third_person = !variable.is_first_person && !variable.map_face_icon;", 
				  "variable.helmet_layer_visible = 1.0;", 
				  "variable.leg_layer_visible = 1.0;", 
				  "variable.boot_layer_visible = 1.0;",
				  "variable.chest_layer_visible = 1.0;", 
				  "variable.attack_body_rot_y = Math.sin(360*Math.sqrt(variable.attack_time)) * 5.0;", 
				  "variable.tcos0 = (math.cos(query.modified_distance_moved * 38.17) * query.modified_move_speed / variable.gliding_speed_value) * 57.3;", 
				  "variable.first_person_rotation_factor = math.sin((1 - variable.attack_time) * 180.0);", 
				  "variable.hand_bob = query.life_time < 0.01 ? 0.0 : variable.hand_bob + ((query.is_on_ground && query.is_alive ? math.clamp(math.sqrt(math.pow(query.position_delta(0), 2.0) + math.pow(query.position_delta(2), 2.0)), 0.0, 0.1) : 0.0) - variable.hand_bob) * 0.02;", 
				  "variable.map_angle = math.clamp(1 - variable.player_x_rotation / 45.1, 0.0, 1.0);", 
				  "variable.item_use_normalized = query.main_hand_item_use_duration / query.main_hand_item_max_duration;",
				  "variable.random = math.round(math.random(0,2));",
				  
				  
				  "variable.is_holding_none = query.get_equipped_item_name == '';",
				  "variable.is_wearing_omni = query.is_powered;",
				  "variable.is_holding_hex_staff = query.get_equipped_item_name('main_hand') == 'staff_of_ages';",
				  
				  "variable.is_hex_staff_telekinesis = (variable.is_holding_hex_staff && query.is_sprinting);",
				  
				  "variable.custom_mainhand_3d = (variable.is_holding_hex_staff);",
				  
				  "variable.is_holding_ability_item = (query.get_equipped_item_name=='benvicktor_regenerate'||query.get_equipped_item_name=='clear_clones'||query.get_equipped_item_name=='cosmic_ray'||query.get_equipped_item_name=='dh_spikes_circle'||query.get_equipped_item_name=='dh_spikes_line'||query.get_equipped_item_name=='disable_block_breaking'||query.get_equipped_item_name=='disable_cloning'||query.get_equipped_item_name=='disable_dh_spikes'||query.get_equipped_item_name=='disable_electric_power'||query.get_equipped_item_name=='disable_energy_beam'||query.get_equipped_item_name=='disable_projectiles'||query.get_equipped_item_name=='disable_sonic_howl'||query.get_equipped_item_name=='disable_wv_projectiles'||query.get_equipped_item_name=='disable_wv_vines'||query.get_equipped_item_name=='electric_beam'||query.get_equipped_item_name=='enable_block_breaking'||query.get_equipped_item_name=='enable_cloning'||query.get_equipped_item_name=='enable_projectiles'||query.get_equipped_item_name=='enable_sonic_howl'||query.get_equipped_item_name=='energy_beam_bigger'||query.get_equipped_item_name=='energy_beam_smaller'||query.get_equipped_item_name=='ground_hit1'||query.get_equipped_item_name=='ground_hit2'||query.get_equipped_item_name=='lightning1'||query.get_equipped_item_name=='lightning2'||query.get_equipped_item_name=='untransform'||query.get_equipped_item_name=='wv_seeds'||query.get_equipped_item_name=='wv_trap'||query.get_equipped_item_name=='wv_vines_circle'||query.get_equipped_item_name=='wv_vines_line'||query.get_equipped_item_name=='stretch_arms');",
				
				  "variable.is_using_stretch_arms = (query.get_equipped_item_name=='stretch_arms' && query.is_using_item);"
				],
                "animate": ["root",
                    {
                        "omni": "variable.is_wearing_omni && query.mark_variant == 0"
                    },
                    {
                        "omni_trans": "variable.is_wearing_omni && query.variant>0 && query.variant<100 && query.is_sneaking && variable.is_holding_none && query.mark_variant == 0"
                    },
					
					{
                        "hex_staff": "query.mark_variant == 0 && variable.is_holding_hex_staff"
                    },
					{
                        "hex_staff_bull": "query.mark_variant == 0 && variable.is_holding_hex_staff && query.is_sneaking"
                    },
					{
                        "hex_staff_telekinesis": "query.mark_variant == 0 && variable.is_holding_hex_staff && query.is_sprinting && query.is_on_ground"
                    },
					"hex_staff_attack",
                    
					"ability_item",
                  
                    {
                        "wildmutt_form": "query.mark_variant == 1"
                    },
                    {
                        "wildmutt_walk": "query.mark_variant == 1 && query.is_moving && query.is_on_ground"
                    },
					{
                        "wildmutt_sprint": "query.mark_variant == 1 && query.is_sprinting && query.is_on_ground"
                    },
					"wildmutt_player",
					"wildmutt_attack",
                  
                 
                    {
                        "fourarms_form": "query.mark_variant == 2"
                    },
                    {
                        "fourarms_walk": "query.mark_variant == 2 && query.is_moving && query.is_on_ground"
                    },
					{
                        "fourarms_sprint": "query.mark_variant == 2 && query.is_sprinting && query.is_on_ground"
                    },
					{
						"fourarms_sonic_clap": "query.mark_variant == 2"
					},
					"fourarms_jump",
                    "fourarms_attack",
                    
                  
                    {
                        "greymatter_form": "query.mark_variant == 3"
                    },
                    {
                        "greymatter_walk": "query.mark_variant == 3 && query.is_moving && query.is_on_ground"
                    },
					{
                        "greymatter_sprint": "query.mark_variant == 3 && query.is_sprinting && query.is_on_ground"
                    },
					"greymatter_attack",
                    
                  
                    {
                        "xlr8_form": "query.mark_variant == 4"
                    },
                    {
                        "xlr8_walk": "query.mark_variant == 4 && query.is_moving && query.is_on_ground"
                    },
					{
                        "xlr8_sprint": "query.mark_variant == 4 && query.is_sprinting && query.is_on_ground"
                    },
					"xlr8_attack",
                    {
                        "mask_open": "query.mark_variant == 4 && !query.is_sprinting && query.is_on_ground"
                    },
                    {
                        "mask_close": "query.mark_variant == 4 && query.is_sprinting && query.is_on_ground"
                    },
                    
                  
                    {
                        "upgrade_form": "query.mark_variant == 5 && !query.is_sheared"
                    },
                    {
                        "upgrade_walk": "query.mark_variant == 5 && query.is_moving && query.is_on_ground"
                    },
					{
                        "upgrade_sprint": "query.mark_variant == 5 && query.is_sprinting && query.is_on_ground"
                    },
					"upgrade_attack",
					"upgrade_stretch_arms",
					{
                        "upgrade_rb_form": "query.mark_variant == 5 && query.is_sheared"
                    },
					{
						"upgrade_rb_walk": "query.mark_variant == 5 && query.is_sheared && query.is_moving && query.is_on_ground"
					},
                    
                   
                    {
                        "diamondhead_form": "query.mark_variant == 6"
                    },
                    {
                        "diamondhead_walk": "query.mark_variant == 6 && query.is_moving && query.is_on_ground"
                    },
					{
                        "diamondhead_sprint": "query.mark_variant == 6 && query.is_sprinting && query.is_on_ground"
                    },
					"diamondhead_attack",
                    {
                        "diamondhead_shoot": "query.mark_variant == 6 && query.is_sneaking && query.is_saddled"
                    },
                    {
                        "diamondhead_summon": "query.mark_variant == 6 && variable.attack_time>0 && (query.is_sheared || query.is_stunned) && variable.is_holding_none"
                    },
                    
                  
                    {
                        "ripjaws_form": "query.mark_variant == 7"
                    },
                    {
                        "ripjaws_walk": "query.mark_variant == 7 && query.is_moving && !query.is_in_water"
                    },
					{
                        "ripjaws_sprint": "query.mark_variant == 7 && query.is_sprinting && !query.is_in_water"
                    },
                    {
                        "ripjaws_swim": "query.mark_variant == 7 && query.is_swimming && query.is_in_water"
                    },
					"ripjaws_attack",
                    
                  
                    {
                        "stinkfly_form": "query.mark_variant == 8"
                    },
                    {
                        "stinkfly_fly": "query.mark_variant == 8 && query.is_moving || !query.is_on_ground"
                    },
					"stinkfly_attack",
                    
                 
                    {
                        "ghostfreak_form": "query.mark_variant == 9"
                    },
					"ghostfreak_attack",
                    
                  
                    {
                        "cannonbolt_form": "query.mark_variant == 10"
                    },
                    {
                        "cannonbolt_walk": "query.mark_variant == 10 && query.is_moving && !query.is_sneaking"
                    },
					"cannonbolt_attack",
                    {
                        "cannonbolt_roll": "query.mark_variant == 10 && query.is_sprinting"
                    },
                    
                  
                    {
                        "heatblast_form": "query.mark_variant == 11"
                    },
                    "heatblast_flame_par",
					{
                        "heatblast_fire": "query.mark_variant == 11"
                    },
                    {
                        "heatblast_walk": "query.mark_variant == 11 && query.is_moving && query.is_on_ground"
                    },
					{
                        "heatblast_sprint": "query.mark_variant == 11 && query.is_sprinting && query.is_on_ground"
                    },
					"heatblast_attack",
                    {
                        "heatblast_shoot": "query.mark_variant == 11 && query.is_sneaking && query.is_saddled"
                    },
                    {
                        "heatblast_flying_controller": "!query.is_on_ground"
                    },
					
					
					{
                        "ditto_form": "query.mark_variant == 12"
                    },
                    {
                        "ditto_walk": "query.mark_variant == 12 && query.is_moving && query.is_on_ground"
                    },
					{
                        "ditto_sprint": "query.mark_variant == 12 && query.is_sprinting && query.is_on_ground"
                    },
					"ditto_attack",
					
					
					{
                        "eye_guy_form": "query.mark_variant == 13"
                    },
					{
                        "eyeguyblink1": "query.mark_variant == 13"
                    },
					{
                        "eyeguyblink2": "query.mark_variant == 13"
                    },
					{
                        "eyeguyblink3": "query.mark_variant == 13"
                    },
					{
                        "eyeguyblink4": "query.mark_variant == 13"
                    },
					{
                        "eyeguyblink5": "query.mark_variant == 13"
                    },
					{
                        "eyeguyblink6": "query.mark_variant == 13"
                    },
					{
                        "eyeguyblink7": "query.mark_variant == 13"
                    },
					{
                        "eyeguyblink8": "query.mark_variant == 13"
                    },
					{
                        "eyeguyblink9": "query.mark_variant == 13"
                    },
					{
                        "eyeguyblink10": "query.mark_variant == 13"
                    },
					{
                        "eyeguyblink11": "query.mark_variant == 13"
                    },
					{
                        "eyeguyblink12": "query.mark_variant == 13"
                    },
					{
                        "eyeguyblink13": "query.mark_variant == 13"
                    },
					{
                        "eyeguyblink14": "query.mark_variant == 13"
                    },
					{
                        "eyeguyblink15": "query.mark_variant == 13"
                    },
					{
                        "eyeguyblink16": "query.mark_variant == 13"
                    },
					{
                        "eyeguyblink17": "query.mark_variant == 13"
                    },
					{
                        "eyeguyblink18": "query.mark_variant == 13"
                    },
					{
                        "eyeguyblink19": "query.mark_variant == 13"
                    },
					{
                        "eyeguyfpblink1": "query.mark_variant == 13"
                    },
					{
                        "eyeguyfpblink2": "query.mark_variant == 13"
                    },
					{
                        "eyeguyfpblink3": "query.mark_variant == 13"
                    },
					{
                        "eyeguyfpblink4": "query.mark_variant == 13"
                    },
					{
                        "eyeguyfpblink5": "query.mark_variant == 13"
                    },
					{
                        "eyeguyfpblink6": "query.mark_variant == 13"
                    },
					{
                        "eyeguyfpblink7": "query.mark_variant == 13"
                    },
					{
                        "eyeguyfpblink8": "query.mark_variant == 13"
                    },
					{
                        "eyeguyfpblink9": "query.mark_variant == 13"
                    },
					{
                        "eyeguyfpblink10": "query.mark_variant == 13"
                    },
                    {
                        "eye_guy_walk": "query.mark_variant == 13 && query.is_moving && query.is_on_ground"
                    },
					{
                        "eye_guy_sprint": "query.mark_variant == 13 && query.is_sprinting && query.is_on_ground"
                    },
					"eye_guy_attack",
					"eye_guy_beam",
					
					
					{
                        "wildvine_form": "query.mark_variant == 14"
                    },
					{
                        "wildvine_walk": "query.mark_variant == 14 && query.is_moving && query.is_on_ground"
                    },
					{
                        "wildvine_sprint": "query.mark_variant == 14 && query.is_sprinting && query.is_on_ground"
                    },
					{
                        "wildvine_wv_vines": "query.mark_variant == 14 && variable.attack_time>0 && query.is_stunned && variable.is_holding_none"
                    },
					{
                        "fp_wv_vines": "query.mark_variant == 14 && variable.attack_time>0 && query.is_stunned && variable.is_holding_none"
                    },
					"wildvine_attack",
					"wildvine_stretch_arms",
					
					
					{
                        "benmummy_form": "query.mark_variant == 15"
                    },
					{
                        "benmummy_walk": "query.mark_variant == 15 && query.is_moving && query.is_on_ground"
                    },
					{
                        "benmummy_sprint": "query.mark_variant == 15 && query.is_sprinting && query.is_on_ground"
                    },
					"benmummy_jump",
					"benmummy_attack",
					"benmummy_stretch_arms",
					
					
					{
                        "benwolf_form": "query.mark_variant == 16"
                    },
					{
                        "sonic_howl_general": "query.mark_variant == 16"
                    },
					{
                        "benwolf_walk": "query.mark_variant == 16 && query.is_moving && query.is_on_ground"
                    },
					{
                        "benwolf_sprint": "query.mark_variant == 16 && query.is_sprinting && query.is_on_ground"
                    },
					"benwolf_jump",
					"benwolf_attack", 
					"benwolf_sonic_howl",
					
					{
                        "benvicktor_form": "query.mark_variant == 17"
                    },
                    {
                        "benvicktor_walk": "query.mark_variant == 17 && query.is_moving && query.is_on_ground"
                    },
					{
                        "benvicktor_sprint": "query.mark_variant == 17 && query.is_sprinting && query.is_on_ground"
                    },
					"benvicktor_attack",
					"benvicktor_projectile",
					
					{
                        "upchuck_form": "query.mark_variant == 18"
                    },
                    {
                        "upchuck_walk": "query.mark_variant == 18 && query.is_moving && query.is_on_ground"
                    },
					{
                        "upchuck_sprint": "query.mark_variant == 18 && query.is_sprinting && query.is_on_ground"
                    },
					"upchuck_attack",
					"upchuck_eating",
					
					{
                        "way_big_form": "query.mark_variant == 19"
                    },
					{
                        "way_big_sneak": "query.mark_variant == 19 && query.is_sneaking"
                    },
                    {
                        "way_big_walk": "query.mark_variant == 19 && query.is_moving && query.is_on_ground"
                    },
					"way_big_attack",
					"way_big_ground_hit",
					"way_big_cosmic_ray",
					"way_big_cosmic_ray_par",
					"way_big_jump"
                ]
            },
            "animations": {
			    "heatblast_particle": "controller.animation.heatblast.player_particle",
				
				"hex_staff": "animation.player.hex_staff",
				"hex_staff_bull": "animation.player.hex_staff.hex_bull",
				"hex_staff_telekinesis": "animation.player.hex_staff.telekinesis",
				"hex_staff_attacking": "animation.player.hex_staff.attack",
				"hex_staff_attack": "controller.animation.player.hex_staff_attack",
				
				"ability_item": "animation.player.alien.ability_item",
			
			    "wildmutt_player": "controller.animation.wildmutt_player",
				"wildmutt_attack": "controller.animation.wildmutt_attack",
				
				"fourarms_jump": "controller.animation.fourarms_jump",
			    "fourarms_attack": "controller.animation.fourarms_attack",
				"fourarms_sonic_clap": "controller.animation.fourarms_sonic_clap",
				
				"greymatter_attack": "controller.animation.greymatter_attack",
				
				"xlr8_attack": "controller.animation.xlr8_attack",
				
				"upgrade_attack": "controller.animation.upgrade_attack",
				"upgrade_stretch_arms": "controller.animation.upgrade_stretch_arms",
				
				"diamondhead_attack": "controller.animation.diamondhead_attack",
				
				"ripjaws_attack": "controller.animation.ripjaws_attack",
				
				"stinkfly_attack": "controller.animation.stinkfly_attack",
				
				"ghostfreak_attack": "controller.animation.ghostfreak_attack",
				
				"cannonbolt_attack": "controller.animation.cannonbolt_attack",
				
				"heatblast_attack": "controller.animation.heatblast_attack",
				
				"ditto_attack": "controller.animation.ditto_attack",
				
				"eye_guy_attack": "controller.animation.eye_guy_attack",
				"eye_guy_beam": "controller.animation.eye_guy_beam",
				
				"wildvine_attack": "controller.animation.wildvine_attack",
				"wildvine_stretch_arms": "controller.animation.wildvine_stretch_arms",
				
				"benmummy_jump": "controller.animation.benmummy_jump",
				"benmummy_attack": "controller.animation.benmummy_attack",
				"benmummy_stretch_arms": "controller.animation.benmummy_stretch_arms",
				
				"benwolf_jump": "controller.animation.benwolf_jump",
				"benwolf_attack": "controller.animation.benwolf_attack",
				"benwolf_sonic_howl": "controller.animation.benwolf_sonic_howl",
				
				"benvicktor_attack": "controller.animation.benvicktor_attack",
				"benvicktor_projectile": "controller.animation.benvicktor_projectile",
				
				"upchuck_attack": "controller.animation.upchuck_attack",
				"upchuck_eating": "controller.animation.upchuck_eating",
				
				"way_big_attack": "controller.animation.way_big_attack",
				"way_big_ground_hit": "controller.animation.way_big.ground_hit",
				"way_big_cosmic_ray": "controller.animation.way_big.cosmic_ray_blast",
				"way_big_cosmic_ray_par": "controller.animation.way_big.cosmic_ray_par",
				"way_big_jump": "controller.animation.way_big.player.jump",
			
                "omni": "animation.omni.render",
		
                "omni_trans": "animation.omni.player_trans",
                "no_particle": "controller.animation.no_particle",
                
                "wildmutt_form": "animation.player.wildmutt_form",
                "wildmutt_walk": "animation.wildmutt.player.walking",
				"wildmutt_sprint": "animation.wildmutt.player.sprinting",
                "wildmutt_jump": "animation.wildmutt.jump",
                "wildmutt_sit": "animation.wildmutt_player.sit",
                "wildmutt_attacking": "animation.wildmutt.player.attacking",
                "wildmutt_fp_attack": "animation.wildmutt.player.fp_attacking",
                
                "fourarms_form": "animation.player.fourarms_form",
                "fourarms_walk": "animation.fourarms.player.walking",
				"fourarms_sprint": "animation.fourarms.player.sprinting",
                "fourarms_attack1": "animation.player_fourarms.attack1",
				"fourarms_attack2": "animation.player_fourarms.attack2",
				"fourarms_attack3": "animation.player_fourarms.attack3",
				"fourarms_jumping": "animation.player_four_arms.jump",
				"fourarms_sonic_clapping": "animation.player_four_arms.sonic_clap",
				"fourarms_fp_sonic_clapping": "animation.player_four_arms.fp_sonic_clap",
                
                "greymatter_form": "animation.player.greymatter_form",
                "greymatter_walk": "animation.greymatter.player.walking",
				"greymatter_sprint": "animation.greymatter.player.sprinting",
                "greymatter_attacking": "animation.player_greymatter.attack",
                "greymatter_fp_attack": "animation.player_greymatter.fp_attack",
                
                "xlr8_form": "animation.player.xlr8_form",
                "xlr8_walk": "animation.xlr8.player.walking",
				"xlr8_sprint": "animation.xlr8.player.sprinting",
                "xlr8_attacking": "animation.player_xlr8.attack",
                "xlr8_fp_attack": "animation.player_xlr8.fp_attack",
                "mask_open": "controller.animation.xlr8_player.mask_open",
                "mask_close": "controller.animation.xlr8_player.mask_close",
                "mask_opening": "animation.xlr8.mask_opening",
                "mask_closing": "animation.xlr8.mask_closing",
                
                "upgrade_form": "animation.player.upgrade_form",
                "upgrade_walk": "animation.upgrade.player.walking",
				"upgrade_sprint": "animation.upgrade.player.sprinting",
                "upgrade_attacking1": "animation.player_upgrade.attack1",
				"upgrade_attacking2": "animation.player_upgrade.attack2",
				"upgrade_attacking3": "animation.player_upgrade.attack3",
                "upgrade_fp_attack1": "animation.player_upgrade.fp_attack1",
				"upgrade_fp_attack2": "animation.player_upgrade.fp_attack2",
				"upgrade_fp_attack3": "animation.player_upgrade.fp_attack3",
				"upgrade_stretching_arms": "animation.player_upgrade.stretch_arms",
				"upgrade_rb_form": "animation.player.upgrade.rb_form",
				"upgrade_rb_walk": "animation.rb.moving",
             
                "diamondhead_form": "animation.player.diamondhead_form",
                "diamondhead_walk": "animation.diamondhead.player.walking",
				"diamondhead_sprint": "animation.diamondhead.player.sprinting",
                "diamondhead_attacking": "animation.player_diamondhead.attack",
                "diamondhead_fp_attack": "animation.player_diamondhead.fp_attack",
                "diamondhead_shoot": "animation.player_diamondhead.shoot",
                "diamondhead_summon": "animation.player_diamondhead.summon",
                
                "ripjaws_form": "animation.player.ripjaws_form",
                "ripjaws_walk": "animation.ripjaws.player.walking",
				"ripjaws_sprint": "animation.ripjaws.player.sprinting",
                "ripjaws_swim": "animation.ripjaws.player.swimming",
                "ripjaws_attack1": "animation.player_ripjaws.attack1",
				"ripjaws_attack2": "animation.player_ripjaws.attack2",
				"ripjaws_attack3": "animation.player_ripjaws.attack3",
                "ripjaws_fp_attack": "animation.player_ripjaws.fp_attack",
                "ripjaws_water_attack": "animation.player_ripjaws.water_attack",
                
                "stinkfly_form": "animation.player.stinkfly_form",
                "stinkfly_fly": "animation.stinkfly.player.flying",
                "stinkfly_attacking1": "animation.player_stinkfly.attack1",
				"stinkfly_attacking2": "animation.player_stinkfly.attack2",
				"stinkfly_attacking3": "animation.player_stinkfly.attack3",
                "stinkfly_fp_attack1": "animation.stinkfly.player.fp_attacking1",
				"stinkfly_fp_attack2": "animation.stinkfly.player.fp_attacking2",
				"stinkfly_fp_attack3": "animation.stinkfly.player.fp_attacking3",
    
                "ghostfreak_form": "animation.player.ghostfreak_form",
                "ghostfreak_attack1": "animation.player_ghostfreak.attack1",
				"ghostfreak_attack2": "animation.player_ghostfreak.attack2",
				"ghostfreak_attack3": "animation.player_ghostfreak.attack3",
				"ghostfreak_fp_attack1": "animation.player_ghostfreak.fp_attack1",
				"ghostfreak_fp_attack2": "animation.player_ghostfreak.fp_attack2",
				"ghostfreak_fp_attack3": "animation.player_ghostfreak.fp_attack3",
                
                "cannonbolt_form": "animation.player.cannonbolt_form",
                "cannonbolt_walk": "animation.cannonbolt.player.walking",
                "cannonbolt_attack1": "animation.player_cannonbolt.attack1",
				"cannonbolt_attack2": "animation.player_cannonbolt.attack2",
				"cannonbolt_attack3": "animation.player_cannonbolt.attack3",
                "cannonbolt_fp_attack1": "animation.player_cannonbolt.fp_attack1",
				"cannonbolt_fp_attack2": "animation.player_cannonbolt.fp_attack2",
				"cannonbolt_fp_attack3": "animation.player_cannonbolt.fp_attack3",
                "cannonbolt_roll": "animation.player_cannonbolt.roll",
                
                "heatblast_form": "animation.player.heatblast_form",
				"heatblast_flame_par": "controller.animation.player.heatblast.flame_par",
                "heatblast_walk": "animation.heatblast.player.walking",
				"heatblast_sprint": "animation.heatblast.player.sprinting",
                "heatblast_attack1": "animation.player_heatblast.attack1",
				"heatblast_attack2": "animation.player_heatblast.attack2",
				"heatblast_attack3": "animation.player_heatblast.attack3",
                "heatblast_fp_attack1": "animation.player_heatblast.fp_attack1",
				"heatblast_fp_attack2": "animation.player_heatblast.fp_attack2",
				"heatblast_fp_attack3": "animation.player_heatblast.fp_attack3",
                "heatblast_shoot": "animation.player_heatblast.shoot",
                "heatblast_flying_controller": "controller.animation.heatblast_flying_controller",
                "heatblast_flying": "animation.heatblast_player.flying",
                "heatblast_fire": "animation.heatblast_player.flame",
				
				"ditto_form": "animation.player.ditto",
                "ditto_walk": "animation.ditto.player.walking",
				"ditto_sprint": "animation.ditto.player.sprinting",
                "ditto_attacking": "animation.player_ditto.attack",
                "ditto_fp_attack": "animation.player_ditto.fp_attack",
				
				"eye_guy_form": "animation.player.eye_guy",
				"eyeguyblink1": "animation.eye_guy.eyeblink1",
				"eyeguyblink2": "animation.eye_guy.eyeblink2",
				"eyeguyblink3": "animation.eye_guy.eyeblink3",
				"eyeguyblink4": "animation.eye_guy.eyeblink4",
				"eyeguyblink5": "animation.eye_guy.eyeblink5",
				"eyeguyblink6": "animation.eye_guy.eyeblink6",
				"eyeguyblink7": "animation.eye_guy.eyeblink7",
				"eyeguyblink8": "animation.eye_guy.eyeblink8",
				"eyeguyblink9": "animation.eye_guy.eyeblink9",
				"eyeguyblink10": "animation.eye_guy.eyeblink10",
				"eyeguyblink11": "animation.eye_guy.eyeblink11",
				"eyeguyblink12": "animation.eye_guy.eyeblink12",
				"eyeguyblink13": "animation.eye_guy.eyeblink13",
				"eyeguyblink14": "animation.eye_guy.eyeblink14",
				"eyeguyblink15": "animation.eye_guy.eyeblink15",
				"eyeguyblink16": "animation.eye_guy.eyeblink16",
				"eyeguyblink17": "animation.eye_guy.eyeblink17",
				"eyeguyblink18": "animation.eye_guy.eyeblink18",
				"eyeguyblink19": "animation.eye_guy.eyeblink19",
				"eyeguyfpblink1": "animation.eye_guy.player.fp_eyeblink1",
				"eyeguyfpblink2": "animation.eye_guy.player.fp_eyeblink2",
				"eyeguyfpblink3": "animation.eye_guy.player.fp_eyeblink3",
				"eyeguyfpblink4": "animation.eye_guy.player.fp_eyeblink4",
				"eyeguyfpblink5": "animation.eye_guy.player.fp_eyeblink5",
				"eyeguyfpblink6": "animation.eye_guy.player.fp_eyeblink6",
				"eyeguyfpblink7": "animation.eye_guy.player.fp_eyeblink7",
				"eyeguyfpblink8": "animation.eye_guy.player.fp_eyeblink8",
				"eyeguyfpblink9": "animation.eye_guy.player.fp_eyeblink9",
				"eyeguyfpblink10": "animation.eye_guy.player.fp_eyeblink10",
                "eye_guy_walk": "animation.eye_guy.player.walking",
				"eye_guy_sprint": "animation.eye_guy.player.sprinting",
                "eye_guy_attacking1": "animation.player_eye_guy.attack1",
				"eye_guy_attacking2": "animation.player_eye_guy.attack2",
				"eye_guy_attacking3": "animation.player_eye_guy.attack3",
                "eye_guy_fp_attack1": "animation.eye_guy.fp_attack1",
				"eye_guy_fp_attack2": "animation.eye_guy.fp_attack2",
				"eye_guy_fp_attack3": "animation.eye_guy.fp_attack3",
				"eye_guy_beam1": "animation.eye_guy.player.small_beams",
				"eye_guy_beam2": "animation.eye_guy.player.energy_beam",
				"eye_guy_fp_beam1": "animation.eye_guy.fp_small_beams",
				"eye_guy_fp_beam2": "animation.eye_guy.fp_energy_beam",
				
				"wildvine_form": "animation.player.wildvine",
				"wildvine_walk": "animation.wildvine.player.walking",
				"wildvine_sprint": "animation.wildvine.player.sprinting",
				"wildvine_attacking1": "animation.player_wildvine.attack1",
				"wildvine_attacking2": "animation.player_wildvine.attack2",
				"wildvine_attacking3": "animation.player_wildvine.attack3",
                "wildvine_fp_attack1": "animation.wildvine.fp_attack1",
				"wildvine_fp_attack2": "animation.wildvine.fp_attack2",
				"wildvine_fp_attack3": "animation.wildvine.fp_attack3",
				"wildvine_wv_trap": "animation.wildvine.player.throwing_vines",
				"fp_wv_trap": "animation.wildvine.fp_throwing_vines",
				"wildvine_wv_seeds": "animation.wildvine.player.exploding_seeds",
				"wildvine_wv_vines": "animation.wildvine.player.summon_vines",
				"fp_wv_vines": "animation.wildvine.fp_summon_vines",
				"wildvine_stretching_arms": "animation.player_wildvine.stretch_arms",
				
				"benmummy_form": "animation.player.benmummy",
				"benmummy_walk": "animation.benmummy.player.walking",
				"benmummy_sprint": "animation.benmummy.player.sprinting",
				"benmummy_jumping": "animation.benmummy.player.jumping",
				"benmummy_attacking1": "animation.player_benmummy.attack1",
				"benmummy_attacking2": "animation.player_benmummy.attack2",
				"benmummy_attacking3": "animation.player_benmummy.attack3",
				"benmummy_fp_attack1": "animation.benmummy.fp_attack1",
				"benmummy_fp_attack2": "animation.benmummy.fp_attack2",
				"benmummy_fp_attack3": "animation.benmummy.fp_attack3",
				"benmummy_stretching_arms": "animation.player_benmummy.stretch_arms",
				
				"benwolf_form": "animation.player.benwolf",
				"sonic_howl_general": "animation.benwolf.player.sonic_howl.general",
				"benwolf_walk": "animation.benwolf.player.walking",
				"benwolf_sprint": "animation.benwolf.player.running_attack",
				"benwolf_jumping": "animation.benwolf.player.jumping",
				"benwolf_attacking1": "animation.player_benwolf.attack1",
				"benwolf_attacking2": "animation.player_benwolf.attack2",
				"benwolf_attacking3": "animation.player_benwolf.attack3",
				"benwolf_fp_attack1": "animation.benwolf.fp_attack1",
				"benwolf_fp_attack2": "animation.benwolf.fp_attack2",
				"benwolf_fp_attack3": "animation.benwolf.fp_attack3",
				"benwolf_sonic_howling": "animation.benwolf.player.sonic_howl",
				"benwolf_fp_sonic_howl": "animation.benwolf.fp_sonic_howl",
				
				"benvicktor_form": "animation.player.benvicktor_form",
                "benvicktor_walk": "animation.benvicktor.player.walking",
				"benvicktor_sprint": "animation.benvicktor.player.sprinting",
                "benvicktor_attacking1": "animation.player_benvicktor.attack1",
				"benvicktor_attacking2": "animation.player_benvicktor.attack2",
				"benvicktor_attacking3": "animation.player_benvicktor.attack3",
                "benvicktor_fp_attack1": "animation.player_benvicktor.fp_attack1",
				"benvicktor_fp_attack2": "animation.player_benvicktor.fp_attack2",
				"benvicktor_fp_attack3": "animation.player_benvicktor.fp_attack3",
				"benvicktor_electric_bullet": "animation.player.benvicktor.electric_bullet",
				"benvicktor_fp_electric_bullet": "animation.player.benvicktor.fp_electric_bullet",
				"benvicktor_lightning1": "animation.player.benvicktor.lightning1",
				"benvicktor_fp_lightning1": "animation.player.benvicktor.fp_lightning1",
				"benvicktor_lightning2": "animation.player.benvicktor.lightning2",
				"benvicktor_fp_lightning2": "animation.player.benvicktor.fp_lightning2",
				
				"upchuck_form": "animation.player.upchuck_form",
                "upchuck_walk": "animation.upchuck.player.walking",
				"upchuck_sprint": "animation.upchuck.player.sprinting",
                "upchuck_attacking1": "animation.player_upchuck.attack1",
				"upchuck_attacking2": "animation.player_upchuck.attack2",
				"upchuck_attacking3": "animation.player_upchuck.attack3",
                "upchuck_fp_attack": "animation.player_upchuck.fp_attack",
				"upchuck_eat": "animation.player.upchuck.eating",
				"upchuck_spit": "animation.player.upchuck.spitting",
				
				"way_big_form": "animation.player.way_big_form",
                "way_big_sneak": "animation.way_big.player.sneaking",
				"way_big_walk": "animation.way_big.player.walking",
				"way_big_attacking1": "animation.player_way_big.attack1",
				"way_big_attacking2": "animation.player_way_big.attack2",
				"way_big_attacking3": "animation.player_way_big.attack3",
				"way_big_ground_hit1": "animation.player.way_big.ground_smash",
				"way_big_ground_hit2": "animation.player.way_big.ground_smash2",
				"way_big_shoot_cosmic_ray": "animation.player.way_big.cosmic_ray",
				"way_big_fp_attack1": "animation.player_way_big.fp_attack1",
				"way_big_fp_attack2": "animation.player_way_big.fp_attack2",
				"way_big_fp_attack3": "animation.player_way_big.fp_attack3",
				"way_big_fp_cosmic_ray": "animation.player.way_big.fp_cosmic_ray",
				"way_big_jumping": "animation.player.way_big.jumping",
              
                "root": "controller.animation.player.root",
                "base_controller": "controller.animation.player.base",
                "humanoid_base_pose": "animation.humanoid.base_pose",
                "look_at_target": "controller.animation.humanoid.look_at_target",
                "look_at_target_ui": "animation.player.look_at_target.ui",
                "look_at_target_default": "animation.humanoid.look_at_target.default",
                "look_at_target_gliding": "animation.humanoid.look_at_target.gliding",
                "look_at_target_swimming": "animation.humanoid.look_at_target.swimming",
                "look_at_target_inverted": "animation.player.look_at_target.inverted",
                "cape": "animation.player.cape",
                "move.arms": "animation.player.move.arms",
                "move.legs": "animation.player.move.legs",
                "swimming": "animation.player.swim",
                "swimming.legs": "animation.player.swim.legs",
                "riding.arms": "animation.player.riding.arms",
                "riding.legs": "animation.player.riding.legs",
                "holding": "animation.player.holding",
                "brandish_spear": "animation.humanoid.brandish_spear",
                "charging": "animation.humanoid.charging",
                "attack.positions": "animation.player.attack.positions",
                "attack.rotations": "animation.player.attack.rotations",
                "sneaking": "animation.player.sneaking",
                "bob": "animation.player.bob",
                "damage_nearby_mobs": "animation.humanoid.damage_nearby_mobs",
                "bow_and_arrow": "animation.humanoid.bow_and_arrow",
                "use_item_progress": "animation.humanoid.use_item_progress",
                "skeleton_attack": "animation.skeleton.attack",
                "sleeping": "animation.player.sleeping",
                "first_person_base_pose": "animation.player.first_person.base_pose",
                "first_person_empty_hand": "animation.player.first_person.empty_hand",
                "first_person_swap_item": "animation.player.first_person.swap_item",
                "first_person_attack_controller": "controller.animation.player.first_person_attack",
                "first_person_attack_rotation": "animation.player.first_person.attack_rotation",
                "first_person_vr_attack_rotation": "animation.player.first_person.vr_attack_rotation",
                "first_person_walk": "animation.player.first_person.walk",
                "first_person_map_controller": "controller.animation.player.first_person_map",
                "first_person_map_hold": "animation.player.first_person.map_hold",
                "first_person_map_hold_attack": "animation.player.first_person.map_hold_attack",
                "first_person_map_hold_off_hand": "animation.player.first_person.map_hold_off_hand",
                "first_person_map_hold_main_hand": "animation.player.first_person.map_hold_main_hand",
                "first_person_crossbow_equipped": "animation.player.first_person.crossbow_equipped",
                "third_person_crossbow_equipped": "animation.player.crossbow_equipped",
                "third_person_bow_equipped": "animation.player.bow_equipped",
                "crossbow_hold": "animation.player.crossbow_hold",
                "crossbow_controller": "controller.animation.player.crossbow",
                "shield_block_main_hand": "animation.player.shield_block_main_hand",
                "shield_block_off_hand": "animation.player.shield_block_off_hand",
                "blink": "controller.animation.persona.blink"
            },
			"particle_effects": {
              "hb_head_par": "heatblast:head_fire",
			  "cosmic_ray_par": "ray:cosmic_ray_par"
            },
            "render_controllers": [{
                    "controller.render.player.first_person": "variable.is_first_person && query.mark_variant == 0"
                }, {
                    "controller.render.player.third_person": "!variable.is_first_person && !variable.map_face_icon && query.mark_variant == 0"
                }, {
                    "controller.render.player.map": "variable.map_face_icon"
                },
				
				
				{
                    "controller.render.player.ability_item.first_person": "variable.is_first_person && variable.is_holding_ability_item"
                },
				{
                    "controller.render.player.ability_item.third_person": "variable.is_third_person && variable.is_holding_ability_item"
                },
				
				
				{
                    "controller.render.player.custom_mainhand_3d.first_person": "variable.is_first_person && variable.custom_mainhand_3d"
                },
				{
                    "controller.render.player.custom_mainhand_3d.third_person": "variable.is_third_person && variable.custom_mainhand_3d"
                },
				
				
				{
                    "controller.render.player.omni_3d.first_person": "variable.is_first_person && variable.is_wearing_omni"
                },
				{
                    "controller.render.player.omni_3d.third_person": "variable.is_third_person && variable.is_wearing_omni"
                },
				
				
				{
                    "controller.render.player.hex_staff": "variable.is_holding_hex_staff"
                },
				
				
				{
                    "controller.render.player.hex_staff.charged.first_person": "variable.is_holding_hex_staff && variable.is_first_person"
                },
				{
                    "controller.render.player.hex_staff.charged.third_person": "variable.is_holding_hex_staff && variable.is_third_person"
                },
				
				{
                    "controller.render.player.hex_staff.charged2.first_person": "variable.is_holding_hex_staff && variable.is_first_person"
                },
				{
                    "controller.render.player.hex_staff.charged2.third_person": "variable.is_holding_hex_staff && variable.is_third_person"
                },
				
				{
                    "controller.render.player.hex_staff.charged3.first_person": "variable.is_holding_hex_staff && variable.is_first_person"
                },
				{
                    "controller.render.player.hex_staff.charged3.third_person": "variable.is_holding_hex_staff && variable.is_third_person"
                },
                
             
                {
                    "controller.render.omni": "variable.is_wearing_omni && query.variant == 0"
                },  
                {
                    "controller.render.omni_low": "variable.is_wearing_omni && query.variant == 100"
                },
             
                {
                    "controller.render.omni_wildmutt_icon": "variable.is_wearing_omni && query.variant == 1"
                }, 
				{
                    "controller.render.omni_fourarms_icon": "variable.is_wearing_omni && query.variant == 2"
                },
				{
                    "controller.render.omni_greymatter_icon": "variable.is_wearing_omni && query.variant == 3"
                },
				{
                    "controller.render.omni_xlr8_icon": "variable.is_wearing_omni && query.variant == 4"
                },
				{
                    "controller.render.omni_upgrade_icon": "variable.is_wearing_omni && query.variant == 5"
                },
				{
                    "controller.render.omni_diamondhead_icon": "variable.is_wearing_omni && query.variant == 6"
                },
				{
                    "controller.render.omni_ripjaws_icon": "variable.is_wearing_omni && query.variant == 7"
                },
				{
                    "controller.render.omni_stinkfly_icon": "variable.is_wearing_omni && query.variant == 8"
                },
				{
                    "controller.render.omni_ghostfreak_icon": "variable.is_wearing_omni && query.variant == 9"
                },
				{
                    "controller.render.omni_cannonbolt_icon": "variable.is_wearing_omni && query.variant == 10"
                },
				{
                    "controller.render.omni_heatblast_icon": "variable.is_wearing_omni && query.variant == 11"
                },
				{
                    "controller.render.omni_ditto_icon": "variable.is_wearing_omni && query.variant == 12"
                },
				{
                    "controller.render.omni_eye_guy_icon": "variable.is_wearing_omni && query.variant == 13"
                },
				{
                    "controller.render.omni_wildvine_icon": "variable.is_wearing_omni && query.variant == 14"
                },
				{
                    "controller.render.omni_benmummy_icon": "variable.is_wearing_omni && query.variant == 15"
                },
				{
                    "controller.render.omni_benwolf_icon": "variable.is_wearing_omni && query.variant == 16"
                },
				{
                    "controller.render.omni_benvicktor_icon": "variable.is_wearing_omni && query.variant == 17"
                },
				{
                    "controller.render.omni_upchuck_icon": "variable.is_wearing_omni && query.variant == 18"
                },
				{
                    "controller.render.omni_way_big_icon": "variable.is_wearing_omni && query.variant == 19"
                },					
 
                
				"controller.render.wildmutt.player",
				"controller.render.wildmutt_low.player",
				
				"controller.render.fourarms.player",
                "controller.render.fourarms_low.player",
				
				"controller.render.greymatter.player",
                "controller.render.greymatter_low.player",
				
				"controller.render.xlr8.player",
                "controller.render.xlr8_low.player",
				
				"controller.render.upgrade.player",
                "controller.render.upgrade_low.player",
				"controller.render.upgrade.rb.player",
				
				"controller.render.diamondhead.player",
                "controller.render.diamondhead_low.player",
				
				"controller.render.ripjaws.player",
                "controller.render.ripjaws_low.player",
				
				"controller.render.stinkfly.player",
                "controller.render.stinkfly_low.player",
				
				"controller.render.ghostfreak.player",
                "controller.render.ghostfreak_low.player",
				
				"controller.render.cannonbolt.player",
                "controller.render.cannonbolt_low.player",
				
				"controller.render.heatblast.player",
                "controller.render.heatblast_low.player",
				
				"controller.render.ditto.player",
                "controller.render.ditto_low.player",
				
				"controller.render.eye_guy.player",
                "controller.render.eye_guy_low.player",
				
				"controller.render.wildvine.player",
                "controller.render.wildvine_low.player",
				
				"controller.render.benmummy.player",
                "controller.render.benmummy_low.player",
				
				"controller.render.benwolf.player",
                "controller.render.benwolf_low.player",
				
				"controller.render.benvicktor.player",
                "controller.render.benvicktor_low.player",
				{
				  "controller.render.benvicktor_charged1.player": "query.mark_variant == 17"
				},
				{
				  "controller.render.benvicktor_charged2.player": "query.mark_variant == 17"
				},
				{
				  "controller.render.benvicktor_charged3.player": "query.mark_variant == 17"
				},
				{
				  "controller.render.benvicktor_charged4.player": "query.mark_variant == 17"
				},
				
				"controller.render.upchuck.player",
                "controller.render.upchuck_low.player",
				
				"controller.render.way_big.player",
                "controller.render.way_big_low.player",
				{
				  "controller.render.way_big_charged.player": "query.mark_variant == 19"
				}
            ],
			"sound_effects": {
			  "omni.way_big": "omni.trans.way_big",
			  "omni.fatal.way_big": "mob.ben10.way_big.omni_fatal"
			},
            "enable_attachables": true
        }
    }
}