{
  "format_version": "1.10.0",
  "minecraft:client_entity": {
    "description": {
      "identifier": "wv:wv_seed",
      "materials": {
        "default": "npc"
      },
      "textures": {
        "default": "textures/entity/projectiles/wv_seed"
      },
      "geometry": {
        "default": "geometry.wv_seed"
      },
      "animations": {
        "move": "animation.arrow.move"
      },
      "scripts": {
        "animate": [
          "move"
        ]
      },
      "render_controllers": [
        "controller.render.normal_entity"
      ]
    }
  }
}