{
  "format_version": "1.13.0",
  "minecraft:entity": {
    "description": {
      "identifier": "way_big:knockback",
      "is_spawnable": false,
      "is_summonable": true,
      "is_experimental": false,
	  "scripts": {
        "animate": [
		  "damage"
        ]
      },
      "animations": {
	    "damage": "controller.animation.way_big.knockback.damage"
      }
    },
    
    "component_groups": {
	  "remove_ground_smash": {
		
		"minecraft:behavior.send_event": {
          "priority": 3,
            "event_choices": [
            {
              "min_activation_range": 0.0,
              "max_activation_range": 3.0,
              "cooldown_time": 0.1,
              "cast_duration": 0.0,
              "particle_color": "#FFB38033",
              "weight": 3,
                "filters": {
                  "any_of": [
                  {
                    "test": "is_family",
                    "subject": "other",
                    "value": "way_big"
                  }
                ]
              },
              "start_sound_event": "cast.spell",
              "sequence": [
              {
                "base_delay": 0.1,
                "event": "remove_ground_smash",
                "sound_event": "prepare.wololo"
              }
            ]
          }
        ]
      },
	  
	  "minecraft:timer": {
          "time": 0.3,
          "looping": false,
          "time_down_event": {
            "event": "gone",
            "target": "self"
           }
         }
	   },
	   
	   "gone": {
	     "minecraft:despawn": {}
	   }
     },
        
    "components": {
      "minecraft:health": {
        "value": 30,
        "max": 30
      },
	   "minecraft:type_family": {
          "family": [ "knockback_entity" ]
        },
      "minecraft:knockback_resistance": {
        "value": 100.0
      },
      "minecraft:fire_immune": true,
      "minecraft:breathable": {
        "total_supply": 15,
        "suffocate_time": 0
      },
      "minecraft:nameable": {
      },
      "minecraft:hurt_on_condition": {
        "damage_conditions": [
          {
            "filters": { "test": "in_lava", "subject": "self", "operator": "==", "value": true },
            "cause": "lava",
            "damage_per_tick": 4
          }
        ]
      },
      "minecraft:movement": {
        "value": 0.0,
        "max": 0.0
      },
      "minecraft:collision_box": {
        "width": 5,
        "height": 5
      },
      "minecraft:loot": {
        "table": "loot_tables/entities/empty.json"
      },
	  "minecraft:behavior.knockback_roar": {
            "priority": 1,
            "duration": 3.48,
            "attack_time": 0.5,
            "knockback_damage": 25,
            "knockback_strength": 7,
            "knockback_range": 10,
            "knockback_filters": {
			  "any_of": [
			    {
                  "test": "is_family",
                  "subject": "other",
                  "operator": "!=",
                  "value": "way_big"
				}
		      ]
            },
            "damage_filters": {
              "any_of": [
			    {
                  "test": "is_family",
                  "subject": "other",
                  "operator": "!=",
                  "value": "way_big"
				}
		      ]
            },
            "on_roar_end": {
              "event": "remove_ground_smash"
            },
            "cooldown_time": 600.1
          },
      "minecraft:physics": {
      },
      "minecraft:pushable": {
        "is_pushable": true,
        "is_pushable_by_piston": true
      }
    },

    "events": {
	  "remove_ground_smash": {
	    "add": {
		  "component_groups": [
		    "remove_ground_smash"
		  ]
		}
	  },
	  "gone": {
	    "add": {
		  "component_groups": [
		    "gone"
		  ]
		}
	  }
    }
  }
}