{
  "format_version": "1.10.0",
  "minecraft:client_entity": {
    "description": {
      "identifier": "enemy:dr_viktor",
      "materials": {
        "default": "enderman",
        "invisible": "enderman_invisible",
		"charged": "charged_creeper"
      },
      "textures": {
        "default": "textures/entity/enemies/dr_viktor/dr_viktor",
		"charged": "textures/entity/enemies/dr_viktor/energy"
      },
      "geometry": {
        "default": "geometry.dr_viktor",
		"charged": "geometry.dr_viktor.charged"
      },
      "animations": {
        "moving": "animation.benvicktor.walking",
        "benvicktor_general": "animation.benvicktor.general",
        "look_at_target": "animation.common.look_at_target",
        "attacking1": "animation.benvicktor.attacking1",
		"attacking2": "animation.benvicktor.attacking2",
		"attacking3": "animation.benvicktor.attacking3",
		"shoot1": "animation.benvicktor.electric_bullet",
		"shoot2": "animation.benvicktor.lightning1",
		"shoot3": "animation.benvicktor.lightning2",
		"regenerating": "animation.benvicktor.regenerate",

        "move": "controller.animation.benvicktor.move",
        "general": "controller.animation.benvicktor.general",
        "attack": "controller.animation.benvicktor.attack",
		"electric_bullet": "controller.animation.benvicktor.electric_bullet",
		"lightning1": "controller.animation.benvicktor.lightning1",
		"lightning2": "controller.animation.benvicktor.lightning2",
		"regenerate": "controller.animation.benvicktor.regenerate"
      },
      "scripts": {
        "animate": [
          "move", "general", "attack", "electric_bullet", "lightning1", "lightning2", "regenerate"
        ],
        "pre_animation": [
          "variable.attack = Math.sin(variable.attack_time * 30.0);",
		  "variable.random = math.round(math.random(0,2));"
        ]
      },
      "render_controllers": [
        "controller.render.dr_viktor",
		"controller.render.creeper_armor"
      ],
      "spawn_egg": {
        "texture": "dr_viktor",
        "texture_index": 34
      }
    }
  }
}