{
  "format_version": "1.10.0",
  "animation_controllers": {
  
  "controller.animation.player.heatblast.flame_par": {
            "states": {
                "default": {
                    "animations": [
                        ""
                    ],
					"transitions": [
					    {
                            "par": "query.mark_variant == 11 && !query.is_in_water_or_rain"
                        }
                    ],
                    "blend_transition": 0.2
                },
                "par": {
                    "animations": [
                        ""
                    ],
					"particle_effects" : [
						{
							"effect" : "hb_head_par",
							"locator" : "head_par"
						}
					],
                    "transitions": [{
                            "default": "query.mark_variant != 11 || query.is_in_water_or_rain"
                        }
                    ],
                    "blend_transition": 0.2
				}
            }
        },
    
    "controller.animation.heatblast_flying_controller": {
      "states": {
        "default": {
          "transitions": [
            {
              "fly": "!query.is_on_ground"
            }
          ],
          "blend_transition": 0.2
        },
        "fly": {
          "animations": [
            "heatblast_flying"
          ],
          "transitions": [
            {
              "default": "query.is_on_ground"
            }
          ],
          "blend_transition": 0.2
        }
      }
    },
    
    "controller.animation.heatblast_attack": {
      "states": {
        "default": {
          "transitions": [
            {
              "attack1": "query.mark_variant == 11 && variable.attack_time>0 && variable.random == 0 && variable.is_holding_none"
            },
			{
              "attack2": "query.mark_variant == 11 && variable.attack_time>0 && variable.random == 1 && variable.is_holding_none"
            },
			{
              "attack3": "query.mark_variant == 11 && variable.attack_time>0 && variable.random == 2 && variable.is_holding_none"
            }
          ],
          "blend_transition": 0.2
        },
        "attack1": {
          "animations": [
            "heatblast_attack1",
			"heatblast_fp_attack1"
          ],
          "transitions": [
            {
              "default": "query.all_animations_finished"
            }
          ],
          "blend_transition": 0.2
        },
		"attack2": {
          "animations": [
            "heatblast_attack2",
			"heatblast_fp_attack2"
          ],
          "transitions": [
            {
              "default": "query.all_animations_finished"
            }
          ],
          "blend_transition": 0.2
        },
		"attack3": {
          "animations": [
            "heatblast_attack3",
			"heatblast_fp_attack3"
          ],
          "transitions": [
            {
              "default": "query.all_animations_finished"
            }
          ],
          "blend_transition": 0.2
        }
      }
    }
  }
}