{
  "format_version": "1.10.0",
  "animation_controllers": {
    
    "controller.animation.ripjaws_attack": {
      "states": {
        "default": {
          "transitions": [
            {
              "attack1": "query.mark_variant == 7 && variable.attack_time>0 && variable.random == 0 && !query.is_in_water && variable.is_holding_none"
            },
			{
              "attack2": "query.mark_variant == 7 && variable.attack_time>0 && variable.random == 1 && !query.is_in_water && variable.is_holding_none"
            },
			{
              "attack3": "query.mark_variant == 7 && variable.attack_time>0 && variable.random == 2 && !query.is_in_water && variable.is_holding_none"
            },
			{
              "ripjaws_water_attack": "query.mark_variant == 7 && variable.attack_time>0 && query.is_in_water && variable.is_holding_none"
            }
          ],
          "blend_transition": 0.2
        },
        "attack1": {
          "animations": [
            "ripjaws_attack1",
			"ripjaws_fp_attack"
          ],
          "transitions": [
            {
              "default": "query.all_animations_finished"
            }
          ],
          "blend_transition": 0.2
        },
		"attack2": {
          "animations": [
            "ripjaws_attack2",
			"ripjaws_fp_attack"
          ],
          "transitions": [
            {
              "default": "query.all_animations_finished"
            }
          ],
          "blend_transition": 0.2
        },
		"attack3": {
          "animations": [
            "ripjaws_attack3",
			"ripjaws_fp_attack"
          ],
          "transitions": [
            {
              "default": "query.all_animations_finished"
            }
          ],
          "blend_transition": 0.2
        },
		"ripjaws_water_attack": {
          "animations": [
            "ripjaws_water_attack",
			"ripjaws_fp_attack"
          ],
          "transitions": [
            {
              "default": "query.all_animations_finished"
            }
          ],
          "blend_transition": 0.2
        }
      }
    }
  }
}