{
  "format_version": "1.10.0",
  "animation_controllers": {
    
    "controller.animation.upgrade_attack": {
      "states": {
        "default": {
          "transitions": [
            {
              "attack1": "query.mark_variant == 5 && variable.attack_time>0 && variable.random == 0 && !variable.is_using_stretch_arms && variable.is_holding_none"
            },
			{
              "attack2": "query.mark_variant == 5 && variable.attack_time>0 && variable.random == 1 && !variable.is_using_stretch_arms && variable.is_holding_none"
            },
			{
              "attack3": "query.mark_variant == 5 && variable.attack_time>0 && variable.random == 2 && !variable.is_using_stretch_arms && variable.is_holding_none"
            }
          ],
          "blend_transition": 0.2
        },
        "attack1": {
          "animations": [
            "upgrade_attacking1",
			"upgrade_fp_attack1"
          ],
          "transitions": [
            {
              "default": "query.all_animations_finished"
            }
          ],
          "blend_transition": 0.2
        },
		"attack2": {
          "animations": [
            "upgrade_attacking2",
			"upgrade_fp_attack2"
          ],
          "transitions": [
            {
              "default": "query.all_animations_finished"
            }
          ],
          "blend_transition": 0.2
        },
		"attack3": {
          "animations": [
            "upgrade_attacking3",
			"upgrade_fp_attack3"
          ],
          "transitions": [
            {
              "default": "query.all_animations_finished"
            }
          ],
          "blend_transition": 0.2
        }
      }
    },
	
	"controller.animation.upgrade_stretch_arms": {
      "states": {
        "default": {
          "transitions": [
            {
              "stretch": "query.mark_variant == 5 && query.get_equipped_item_name == 'stretch_arms' && query.is_using_item && !query.is_tamed"
            }
          ],
          "blend_transition": 0.3
        },
        "stretch": {
          "animations": [
            "upgrade_stretching_arms"
          ],
          "transitions": [
            {
              "default": "!query.is_using_item || query.is_tamed"
            }
          ],
          "blend_transition": 0.1
        }
      }
    }
  }
}