{
  "format_version": "1.10.0",
  "animation_controllers": {
    
    "controller.animation.wildvine_attack": {
      "states": {
        "default": {
          "transitions": [
            {
              "attack1": "query.mark_variant == 14 && variable.attack_time>0 && variable.random == 0 && !query.is_stunned && !variable.is_using_stretch_arms && variable.is_holding_none"
            },
			{
              "attack2": "query.mark_variant == 14 && variable.attack_time>0 && variable.random == 1 && !query.is_stunned && !variable.is_using_stretch_arms && variable.is_holding_none"
            },
			{
              "attack3": "query.mark_variant == 14 && variable.attack_time>0 && variable.random == 2 && !query.is_stunned && !variable.is_using_stretch_arms && variable.is_holding_none"
            },
			{
              "wv_trap": "query.mark_variant == 14 && query.is_sneaking && query.is_stackable && !variable.attack_time && !variable.is_using_stretch_arms"
            },
			{
              "wv_seeds": "query.mark_variant == 14 && query.is_sneaking && query.is_sheared && !variable.attack_time && !variable.is_using_stretch_arms"
            }
          ],
          "blend_transition": 0.2
        },
        "attack1": {
          "animations": [
            "wildvine_attacking1",
			"wildvine_fp_attack1"
          ],
          "transitions": [
            {
              "default": "query.all_animations_finished"
            }
          ],
          "blend_transition": 0.2
        },
		"attack2": {
          "animations": [
            "wildvine_attacking2",
			"wildvine_fp_attack2"
          ],
          "transitions": [
            {
              "default": "query.all_animations_finished"
            }
          ],
          "blend_transition": 0.2
        },
		"attack3": {
          "animations": [
            "wildvine_attacking3",
			"wildvine_fp_attack3"
          ],
          "transitions": [
            {
              "default": "query.all_animations_finished"
            }
          ],
          "blend_transition": 0.2
        },
		"wv_trap": {
          "animations": [
            "wildvine_wv_trap",
			"fp_wv_trap"
          ],
          "transitions": [
            {
              "default": "query.all_animations_finished"
            }
          ],
          "blend_transition": 0.2
        },
		"wv_seeds": {
          "animations": [
            "wildvine_wv_seeds"
          ],
          "transitions": [
            {
              "default": "!query.is_sneaking"
            }
          ],
          "blend_transition": 0.2
        }
      }
    },
	
	"controller.animation.wildvine_stretch_arms": {
      "states": {
        "default": {
          "transitions": [
            {
              "stretch": "query.mark_variant == 14 && query.get_equipped_item_name == 'stretch_arms' && query.is_using_item && !query.is_tamed"
            }
          ],
          "blend_transition": 0.5
        },
        "stretch": {
          "animations": [
            "wildvine_stretching_arms"
          ],
          "transitions": [
            {
              "default": "!query.is_using_item || query.is_tamed"
            }
          ],
          "blend_transition": 0.1
        }
      }
    }
  }
}