{
  "format_version": "1.13.0",
  "minecraft:entity": {
    "description": {
      "identifier": "wv:tentacle_vines",
      "is_spawnable": false,
      "is_summonable": true,
      "is_experimental": false,
      "runtime_identifier": "minecraft:evocation_fang",
      "scripts": {
        "animate": [
		  "spawned"
        ]
      },
      "animations": {
	    "spawned": "controller.animation.wv_vines"
      }
    },
    
    "component_groups": {
    },
   
    "components": {
      "minecraft:collision_box": {
        "width": 1.8,
        "height": 4
      },
	  "minecraft:scale": {
	    "value": 0.6
	  },
      "minecraft:fire_immune": true,
      "minecraft:type_family": {
        "family": [ "wildvine", "tentacle_vines" ]
      },
      "minecraft:area_attack": {
        "damage_range": 0.5,
        "damage_per_tick": 6,
        "cause": "contact",
        "entity_filter": {
          "any_of": [
          {
            "test": "is_family",
            "subject": "other",
            "value": "monster"
          },
          {
            "test": "is_family",
            "subject": "other",
            "operator": "!=",
            "value": "wildvine"
          }
        ]
      }
    },
      
        "minecraft:damage_sensor": {
          "triggers": {
            "on_damage": {
              "filters": {
                "test": "is_family",
                "subject": "other",
                "value": "wildvine"
              }
            },
            "deals_damage": false
          }
        },
         
      "minecraft:physics": {
        "has_gravity": true,
        "has_collision": false
      },
      "minecraft:pushable": {
        "is_pushable": false,
        "is_pushable_by_piston": false
      }
    },
   
    "events": {

    }
  }
}
