{
	"format_version": "1.8.0",
	"animations": {	
		"animation.cb_normal_attack": {
			"timeline": {
			    "0.0": ["/effect @s clear", "/tag @s remove cb_roll"]
			},
			"animation_length": 0.001,
			"loop": true
		},
		
		"animation.cb_roll_attack": {
			"timeline": {
			    "0.0": [
				  "@s cb_roll_attack", 
				  "/execute @s ~ ~ ~ fill ~-2 ~ ~-2 ~2 ~2 ~2 air 0 destroy", 
				  "/effect @s speed 9000 2 true", 
				  "/tag @s add cb_roll",
				  "/execute @s[scores={omni_timer=1..3870}] ~~~ scoreboard players add @s omni_timer 3"
				]
			},
			"animation_length": 0.001,
			"loop": true
		}
	}
}