{
  "format_version": "1.10.0",
  "minecraft:client_entity": {
    "description": {
      "identifier": "dh:spike",
      "materials": {
        "default": "dh_spike"
      },
      "textures": {
        "default": "textures/entity/summonables/dh_spike"
      },
      "geometry": {
        "default": "geometry.dh_spike"
      },
      "animations": {
        "growing": "animation.dh_spike.growing",

        "grow": "controller.animation.dh_spike.grow"
      },
      "scripts": {
        "animate": [
          "grow"
        ],
        "pre_animation": [
          "variable.attack = Math.sin(variable.attack_time * 30.0);"
        ]
      },
      "render_controllers": [
        "controller.render.dh_spike"
      ]
    }
  }
}