{
  "format_version": "1.10.0",
  "minecraft:client_entity": {
    "description": {
      "identifier": "wv:tentacle_vines",
      "materials": {
        "default": "npc"
      },
      "textures": {
        "default": "textures/entity/summonables/tentacle_vines"
      },
      "geometry": {
        "default": "geometry.tentacle_vines"
      },
      "animations": {
        "tentacle_vines_general": "animation.tentacle_vines.general",

        "general": "controller.animation.tentacle_vines.general"
      },
      "scripts": {
        "animate": [
          "general"
        ],
        "pre_animation": [
          "variable.attack = Math.sin(variable.attack_time * 30.0);"
        ]
      },
      "render_controllers": [
        "controller.render.normal_entity"
      ]
    }
  }
}