{
  "format_version": "1.10.0",
  "minecraft:client_entity": {
    "description": {
      "identifier": "laser:laser_beam",
      "materials": {
        "default": "enderman",
        "invisible": "enderman_invisible"
      },
      "textures": {
        "default": "textures/entity/rb_projectiles/laser_beam"
      },
      "geometry": {
        "default": "geometry.laser_beam"
      },
      "animations": {
        "move": "controller.animation.red_laser.point",
        "point": "animation.laser.point"
      },
      "scripts": {
        "animate": [
          "move"
        ]
      },
      "particle_effects": {
        "laser_p2": "laser:laser_trail2"
      },
      "render_controllers": [
        "controller.render.laser_beam"
      ]
    }
  }
}