{
  "format_version": "1.10.0",
  "minecraft:client_entity": {
    "description": {
      "identifier": "enemy:evil_ghostfreak",
      "materials": {
        "glassy": "slime_outer",
		"default": "enderman",
        "invisible": "enderman_invisible"
      },
      "textures": {
        "no_tentacles": "textures/entity/enemies/evil_ghostfreak/no_tentacles",
		"has_tentacles": "textures/entity/enemies/evil_ghostfreak/has_tentacles",
		"glassy": "textures/entity/enemies/evil_ghostfreak/glassy"
      },
      "geometry": {
        "default": "geometry.evil_ghostfreak"
      },
      "animations": {
        "evil_ghostfreak_intro": "animation.evil_ghostfreak.intro",
		"blinking": "animation.evil_ghostfreak.blinking",
		"look_at_target": "animation.common.look_at_target",
		"attacking": "animation.evil_ghostfreak.attacking",
		"knockbacking": "animation.evil_ghostfreak.tentacles",
		"ghostfreak_telekinesis": "animation.evil_ghostfreak.telekinesis",
		"ghostfreak_energy_beam": "animation.evil_ghostfreak.energy_beam",

        "intro": "controller.animation.evil_ghostfreak.intro",
		"attack": "controller.animation.evil_ghostfreak.attack",
		"knockback": "controller.animation.evil_ghostfreak.knockback",
		"telekinesis": "controller.animation.evil_ghostfreak.telekinesis",
		"energy_beam": "controller.animation.evil_ghostfreak.energy_beam"
      },
      "scripts": {
        "animate": [
          "intro", "attack", "knockback", "telekinesis", "energy_beam"
        ],
        "pre_animation": [
          "variable.attack = Math.sin(variable.attack_time * 30.0);"
        ]
      },
      "render_controllers": [
	    {
		  "controller.render.evil_ghostfreak.transparent": "query.is_stackable"
		},
		{
		  "controller.render.evil_ghostfreak.glowing": "query.is_sheared"
		}
      ],
      "spawn_egg": {
        "texture": "evil_ghostfreak",
        "texture_index": 31
      }
    }
  }
}