{
  "format_version": "1.10.0",
  "minecraft:client_entity": {
    "description": {
      "identifier": "enemy:kevin_levin",
      "materials": {
        "default": "npc",
        "charged": "charged_creeper"
      },
      "textures": {
        "default": "textures/entity/enemies/kevin_levin/kevin_levin",
        "absorbing": "textures/entity/enemies/kevin_levin/absorbing",
        "charged": "textures/entity/enemies/kevin_levin/energy"
      },
      "geometry": {
        "default": "geometry.kevinlevin",
        "charged": "geometry.kevinlevin.charged"
      },
      "animations": {
        "moving": "animation.kevin_levin.walking",
        "kevin_levin_general": "animation.kevin_levin.general",
        "look_at_target": "animation.common.look_at_target",
        "attacking": "animation.kevin_levin.attacking",
        "powering": "animation.kevin_levin.absorbing",
        "shooting": "animation.kevin_levin.shooting",
        "absorbingOmni": "animation.kevin_levin.absorbingOmni",
        "kl_dead": "animation.kevinlevin.death",

        "move": "controller.animation.kevin_levin.move",
        "general": "controller.animation.kevin_levin.general",
        "attack": "controller.animation.kevin_levin.attack",
        "regenerate": "controller.animation.kevin_levin.regenerate",
        "shoot": "controller.animation.kevin_levin.shoot",
        "absorbOmni": "controller.animation.kevin_levin.absorbOmni",
        "death": "controller.animation.kevin_levin.death"
      },
      "scripts": {
        "animate": [
          "move", "general", "attack", "regenerate", "shoot", "absorbOmni", "death"
        ],
        "pre_animation": [
          "variable.attack = Math.sin(variable.attack_time * 30.0);"
        ]
      },
      "render_controllers": [
        "controller.render.kevin_levin",
        "controller.render.creeper_armor"
      ],
      "spawn_egg": {
        "texture": "kevin_levin",
        "texture_index": 16
      }
    }
  }
}