{
  "format_version": "1.13.0",
  "minecraft:entity": {
    "description": {
      "identifier": "enemy:heatbat",
      "is_spawnable": true,
      "is_summonable": true,
      "is_experimental": false,
      "scripts": {
        "animate": [
		  "water_breathing",
		  "in_water_or_rain",
		  "dead"
        ]
      },
      "animations": {
	    "water_breathing": "controller.animation.heatbat.water_breathing",
		"in_water_or_rain": "controller.animation.heatbat.in_water_or_rain",
		"dead": "controller.animation.heatbat.dead"
      }
    },
  
    "component_groups": {
		
		"detects_target": {
		  "minecraft:target_nearby_sensor": {
            "inside_range": 4.0,
            "outside_range": 6.0,
            "on_inside_range": {
              "event": "melee_attack",
                "target": "self"
              },
              "on_outside_range": {
                "event": "shooting_attack",
                "target": "self"
              }
            }
		 },
        
        "melee_attack": {
          "minecraft:attack": {
            "damage": 7
          },
          "minecraft:behavior.melee_attack": {
            "priority": 3,
            "speed_multiplier": 1.7,
            "track_target": false
          }
        },
		
		"melee_attack2": {
		  "minecraft:is_ignited": {},
          "minecraft:attack": {
            "damage": 10
          },
          "minecraft:behavior.melee_attack": {
            "priority": 3,
            "speed_multiplier": 1.7,
            "track_target": false
          }
        },
        
        "shooting_attack": {
		  "minecraft:is_sheared": {},
          "minecraft:shooter": {
            "def": "hb:hb_bullet"
          },
          "minecraft:behavior.ranged_attack": {
            "attack_interval_min": 1.0,
            "attack_interval_max": 3.0,
            "attack_radius": 100,
            "burst_shots": 8,
            "burst_interval": 0.0,
            "charge_charged_trigger": 0.0,
            "charge_shoot_trigger": 1.0
        }
      },
      
      "walking_state": {
        "minecraft:movement": {
          "value": 0.25
        },
        "minecraft:navigation.walk": {
          "is_amphibious": true,
          "can_pass_doors": true,
          "can_walk": true,
          "can_break_doors": true
        },
        "minecraft:annotation.break_door": {
        },
        "minecraft:jump.static": {
        },
        "minecraft:can_climb": {
        },  
        "minecraft:movement.basic": {
        }, "minecraft:behavior.move_towards_restriction": {
        "priority": 5,
        "speed_multiplier": 1
      },
      "minecraft:behavior.random_stroll": {
        "priority": 6,
        "speed_multiplier": 1
      },
      "minecraft:physics": {
        "has_collision": true,
        "has_gravity": true
      },
	  "minecraft:timer": {
		  "looping": false,
		  "random_time_choices": [
		  {
		    "weight": 25,
			"value": 8
		  },
		  {
		    "weight": 25,
			"value": 25
		  },
		  {
		    "weight": 25,
			"value": 40
		  },
		  {
		    "weight": 25,
			"value": 60
		  }
		],
		"time_down_event": {
		  "event": "switch_flying",
		  "target": "self"
		}
	  }
    },
      
      "flying_state": {
	    "minecraft:is_stackable": {},
		"minecraft:movement.glide": {
        "start_speed": 0.3,
        "speed_when_turning": 0.4
      },
	  "minecraft:behavior.swoop_attack": {
        "priority": 2,
        "damage_reach": 0.2,
        "speed_multiplier": 1.4,
        "delay_range": [ 5.0, 10.0 ]
      },
	  "minecraft:behavior.circle_around_anchor": {
        "priority": 3,
        "radius_change": 1.0,
        "radius_adjustment_chance": 0.004,
        "height_adjustment_chance": 0.002857,
        "goal_radius": 1.0,
        "angle_change": 15.0,
        "radius_range": [ 5.0, 15.0 ],
        "height_offset_range": [ -4.0, 5.0 ],
        "height_above_target_range": [ 10.0, 20.0 ]
      },
        "minecraft:physics": {
          "has_collision": true,
          "has_gravity": false
        },
		"minecraft:timer": {
		  "looping": false,
		  "random_time_choices": [
		  {
		    "weight": 25,
			"value": 8
		  },
		  {
		    "weight": 25,
			"value": 25
		  },
		  {
		    "weight": 25,
			"value": 40
		  },
		  {
		    "weight": 25,
			"value": 60
		  }
		],
		"time_down_event": {
		  "event": "switch_walking",
		  "target": "self"
		}
	  }
    },
	
	  "dead": {
	    "minecraft:transformation": {
		  "into": "enemy:heatbat.dead"
		}
	  }
  },

    "components": {
      "minecraft:nameable": {
      },
      
      "minecraft:type_family": {
        "family": [ "dr_animo", "heatbat", "monster" ]
      },
      "minecraft:collision_box": {
        "width": 1.4,
        "height": 4.7
      },
      "minecraft:fire_immune": true,
      "minecraft:health": {
        "value": 300,
        "max": 300
      },
	  "minecraft:boss": {
        "should_darken_sky": false,
        "name": "§eHeatbat",
        "hud_range": 55
      },
      "minecraft:scale": {
        "value": 1
      },
      "minecraft:follow_range": {
        "value": 100,
        "max": 100
      },
      
      "minecraft:hurt_on_condition": {
        "damage_conditions": [
          {
            "filters": { "test": "in_water_or_rain", "operator": "==", "value": true },
            "cause": "drowning",
            "damage_per_tick": 1
          }
        ]
      },
      "minecraft:damage_sensor": {
        "triggers": [
          {
            "on_damage": {
              "filters": {
                "any_of": [
                {
                  "test": "has_damage",
                  "subject": "self",
                  "value": "fall"
                },
                {
                  "test": "is_family",
                  "subject": "other",
                  "value": "heatbat"
                }
              ]
            }
          },
          "deals_damage": false
        },
		{
            "on_damage": {
              "filters": {
                "any_of": [
                {
                  "test": "has_damage",
                  "subject": "self",
                  "value": "fatal"
                }
              ]
            },
			"event": "dead"
          },
          "deals_damage": false
        }
    ]
  },
      "minecraft:breathable": {
        "total_supply": 15,
        "suffocate_time": 0,
        "breathes_air": true,
        "breathes_water": true
      },
      "minecraft:loot": {
        "table": "loot_tables/entities/empty.json"
      },
	  "minecraft:behavior.nearest_attackable_target": {
          "priority": 1,
          "reselect_targets": true,
          "entity_types": [
            {
             "filters": {
              "any_of": [
                {
                  "test": "is_family",
                  "subject": "other",
                  "value": "player"
                },
                {
                  "test": "is_family",
                  "subject": "other",
                  "value": "ben10"
                },
                {
                  "test": "is_family",
                  "subject": "other",
                  "value": "gwen"
                },
                {
                  "test": "is_family",
                  "subject": "other",
                  "value": "uncle_max"
                },
                {
                  "test": "is_family",
                  "subject": "other",
                  "value": "rb"
                },
                {
                  "test": "is_family",
                  "subject": "other",
                  "value": "villager"
                },
                {
                  "test": "is_family",
                  "subject": "other",
                  "value": "irongolem"
                }
              ]
            },
              "max_dist": 70
            }
          ],
          "must_see": false,
          "must_reach": false
        },
	  "minecraft:behavior.avoid_mob_type": {
          "priority": 6,
          "entity_types": [
            {
              "filters": {
                "any_of": [
                {
                  "test": "is_family",
                  "subject": "other",
                  "value": "dh_spike"
                },
				{
                  "test": "is_family",
                  "subject": "other",
                  "value": "tentacle_vines"
                },
                {
                  "test": "is_family",
                  "subject": "other",
                  "value": "magic_spike"
                },
				{
                  "test": "is_family",
                  "subject": "other",
                  "value": "corrodium"
                }
            ]
          },
          "max_dist": 15,
          "walk_speed_multiplier": 1,
          "sprint_speed_multiplier": 1.53
        }
      ]
    },  
      "minecraft:behavior.float": {
        "priority": 0
      },
      "minecraft:behavior.look_at_player": {
        "priority": 7,
        "look_distance": 6,
        "probability": 0.02
      },
      "minecraft:behavior.random_look_around": {
        "priority": 7
      },
      "minecraft:behavior.hurt_by_target": {
          "priority": 2,
          "entity_types": [
          {
            "filters": {
            "other_without_families": [ "dr_animo", "corrodium" ]
          }
        }
      ]
    },
	 "minecraft:on_target_acquired": {
        "event": "enable_flying",
        "target": "self"
      },
	  "minecraft:on_target_escape": {
        "event": "target_escape",
        "target": "self"
      },
      "minecraft:pushable": {
        "is_pushable": true,
        "is_pushable_by_piston": true
      }
    },

    "events": {
	
	  "melee_attack": {
	    "randomize": [
		{
		  "weight": 50,
		  "remove": {
		    "component_groups": [
			  "shooting_attack"
			]
		  },
		  "add": {
		    "component_groups": [
			  "melee_attack"
			]
		  }
		},
		{
		  "weight": 50,
		  "remove": {
		    "component_groups": [
			  "shooting_attack"
			]
		  },
		  "add": {
		    "component_groups": [
			  "melee_attack2"
			]
		  }
		}
	  ]
	},
	
	  "shooting_attack": {
	    "sequence": [
		{
		  "randomize": [
		  {
		    "weight": 50,
			"filters": {
		      "test": "in_water_or_rain",
		      "subject": "self",
		      "operator": "==",
		      "value": false
		    },
			"remove": {
		      "component_groups": [
		      "melee_attack",
			  "melee_attack2"
		    ]
		  },
		  "add": {
		    "component_groups": [
		      "shooting_attack"
		    ]
		  }
		},
		{
		  "weight": 50,
		  "remove": {
		    "component_groups": [
			  "shooting_attack"
			]
		  },
		  "add": {
		    "component_groups": [
			  "melee_attack"
			]
		  }
		},
		{
		  "weight": 50,
		  "remove": {
		    "component_groups": [
			  "shooting_attack"
			]
		  },
		  "add": {
		    "component_groups": [
			  "melee_attack2"
			]
		  }
		}
	  ]
	}
  ]
},
	
	"disable_flying": {
	  "randomize": [
	  {
	    "weight": 50,
		"remove": {
	      "component_groups": [
	        "flying_state",
			"detects_target"
	      ]
        },
        "add": {
	      "component_groups": [
	        "walking_state",
	        "melee_attack"
		  ]
	    }
	  },
	  {
	    "weight": 50,
		"remove": {
	      "component_groups": [
	        "flying_state",
			"detects_target"
	      ]
        },
        "add": {
	      "component_groups": [
	        "walking_state",
	        "melee_attack2"
		  ]
	    }
	  }
	]
  },
  
  "enable_flying": {
    "sequence": [
	{
	  "randomize": [
      {
        "weight": 50,
	    "remove": {
          "component_groups": [
	        "flying_state"
		  ]
		},
   	    "add": {
	      "component_groups": [
		    "walking_state",
	    	"detects_target"
		  ]
		}
      },
	  {
	    "weight": 50,
		"filters": {
		  "test": "in_water_or_rain",
		  "subject": "self",
		  "operator": "==",
		  "value": false
		},
		"remove": {
	      "component_groups": [
		    "walking_state"
		  ]
		},
	    "add": {
		  "component_groups": [
		    "flying_state",
			"detects_target"
		  ]
		}
      }
    ]
  }
]},
    
	"switch_walking": {
	  "remove": {
	    "component_groups": [
	      "flying_state"
		]
	  },
	  "add": {
        "component_groups": [
	      "walking_state",
		  "detects_target"
		]
	  }
	},
	
	"switch_flying": {
	  "sequence": [
	  {
	    "filters": {
		  "test": "in_water_or_rain",
		  "subject": "self",
		  "operator": "==",
		  "value": false
		},
		"remove": {
		  "component_groups": [
	        "walking_state"
		  ]
		},
		"add": {
	      "component_groups": [
		    "flying_state",
			"detects_target"
		  ]
		}
	  }
	]
  },
  
    "target_escape": {
	  "remove": {
	    "component_groups": [
		  "melee_attack",
		  "melee_attack2",
		  "shooting_attack"
		]
	  }
	},
	
	"dead": {
	  "add": {
	    "component_groups": [
		  "dead"
		]
	  }
	}
}}}
