{
  "format_version": "1.13.0",
  "minecraft:entity": {
    "description": {
      "identifier": "enemy:mutant_hamster.dead",
      "is_spawnable": false,
      "is_summonable": false,
      "is_experimental": false,
	  "scripts": {
        "animate": [
		  "spawned_sound"
        ]
      },
      "animations": {
	    "spawned_sound": "controller.animation.mutant_hamster.dead.spawned_sound"
      }
    },
  
    "component_groups": {
	  "gone": {
	    "minecraft:despawn": {}
	  }
    },

    "components": {
      "minecraft:nameable": {
      },
      
      "minecraft:type_family": {
        "family": [ "dead" ]
      },
	  "minecraft:collision_box": {
        "width": 2.6,
        "height": 3.65
      },
      "minecraft:scale": {
        "value": 1.2
      },
      "minecraft:health": {
        "value": 300,
        "max": 300
      },
      "minecraft:movement": {
        "value": 0.0
      },
	  "minecraft:damage_sensor": {
          "triggers": [
         {
		    "cause": "all",
			"deals_damage": false
         }
      ]
    },
     "minecraft:timer": {
          "time": 3.5,
          "looping": false,
          "time_down_event": {
            "event": "gone",
            "target": "self"
           }
         },
      "minecraft:physics": {
      },
      "minecraft:pushable": {
        "is_pushable": true,
        "is_pushable_by_piston": true
      }
    },

    "events": {
	  "gone": {
	    "add": {
		  "component_groups": [
		    "gone"
		  ]
		}
	  }
    }
  }
}
