{
  "format_version": "1.14.0",
  "minecraft:entity": {
    "description": {
      "identifier": "enemy:mutant_hamster",
      "is_spawnable": true,
      "is_summonable": true,
      "is_experimental": false,
	  "scripts": {
        "animate": [
		  "sounds",
		  "fatal"
        ]
      },
      "animations": {
	    "sounds": "controller.animation.mutant_hamster.sounds",
		"fatal": "controller.animation.mutant_hamster.fatal"
      }
    },

    "component_groups": {
	  "mutant_hamster:calm": {
	    "minecraft:on_target_acquired": {
          "event": "minecraft:raging",
          "target": "self"
        }
	  },
	  
	  "mutant_hamster:angry": {
	    "minecraft:on_target_escape": {
          "event": "minecraft:no_raging",
          "target": "self"
        }
	  },
	  
	  "normal_speed": {
	    "minecraft:movement": {
          "value": 0.25
        }
	  },
	  
	  "more_speed": {
	    "minecraft:movement": {
          "value": 0.4
        }
	  },
	  
	  "mutant_hamster_raging": {
	    "minecraft:behavior.knockback_roar": {
            "priority": 1,
            "duration": 3.48,
            "attack_time": 0.05,
            "knockback_damage": 4,
            "knockback_strength": 4,
            "knockback_range": 5,
            "knockback_filters": {
			  "any_of": [
			    {
                  "test": "is_family",
                  "subject": "other",
                  "operator": "!=",
                  "value": "dr_animo"
				}
		      ]
            },
            "damage_filters": {
              "any_of": [
			    {
                  "test": "is_family",
                  "subject": "other",
                  "operator": "!=",
                  "value": "dr_animo"
				}
		      ]
            },
            "on_roar_end": {
              "event": ""
            },
            "cooldown_time": 600.1
          },
		"minecraft:timer": {
          "time": 3,
          "looping": false,
          "time_down_event": {
            "event": "add_effects",
            "target": "self"
           }
         }
	  },
	  
	  "add_effects": {
	    "minecraft:spell_effects": {
          "add_effects": [
          {
            "effect": "speed",
	        "amplifier": 7,
	        "visible": false,
		    "ambient": false,
	        "duration": 9999
	      },
		  {
            "effect": "strength",
	        "amplifier": 5,
	        "visible": false,
		    "ambient": false,
	        "duration": 9999
	      }
	    ]
	  },
	  
	  "minecraft:timer": {
          "time": 10,
          "looping": false,
          "time_down_event": {
            "event": "remove_effects",
            "target": "self"
           }
         }
	},
		 
		 "no_effects": {
		   "minecraft:spell_effects": {
             "remove_effects": [
               "speed", "strength"
             ]
           }
		 },
		 
		 "dead": {
		   "minecraft:transformation": {
		     "into": "enemy:mutant_hamster.dead"
		   }
		 }
  },
        
    "components": {
      "minecraft:type_family": {
        "family": [ "dr_animo", "mutant_hamster", "monster" ]
      },
      "minecraft:breathable": {
        "total_supply": 15,
        "suffocate_time": 0
      },
      "minecraft:nameable": {
      },
      "minecraft:health": {
        "value": 300,
        "max": 300
      },
	  "minecraft:boss": {
        "should_darken_sky": false,
        "name": "§6Mutant Hamster",
        "hud_range": 55
      },
	  "minecraft:knockback_resistance": {
	    "value": 100.0
	  },
      "minecraft:loot": {
        "table": "loot_tables/entities/empty.json"
      },
      "minecraft:hurt_on_condition": {
        "damage_conditions": [
          {
            "filters": { "test": "in_lava", "subject": "self", "operator": "==", "value": true },
            "cause": "lava",
            "damage_per_tick": 4
          }
        ]
      },
      "minecraft:attack": {
        "damage": {
          "range_min": 5,
          "range_max": 8
        }
      },
      "minecraft:collision_box": {
        "width": 2.3,
        "height": 3.6
      },
      "minecraft:scale": {
        "value": 1.2
      },
      "minecraft:navigation.walk": {
        "is_amphibious": false,
        "can_pass_doors": false,
        "can_walk": true,
        "can_break_doors": false
      },
      "minecraft:movement.basic": {

      },
      "minecraft:jump.static": {
      },
      "minecraft:can_climb": {
      },
      "minecraft:follow_range": {
        "value": 100,
        "max": 100
      },
      "minecraft:rideable": {
          "seat_count": 1,
          "pull_in_entities": false, 
          "family_types": [ "dr_animo" ], 
          "seats": [
          {
            "lock_rider_rotation": 0.0,
            "position": [ 0.0, 3.05, 1.5 ]
          }
		]
	  },	  
      "minecraft:damage_sensor": {
        "triggers": [
        {
          "on_damage": {
            "filters": {
              "any_of": [
              {
                "test": "has_damage",
                "subject": "self",
                "value": "fall"
              },
			  {
                "test": "is_family",
                "subject": "other",
                "value": "mutant_hamster"
              }
            ]
          }
        },
        "deals_damage": false
      },
	  {
            "on_damage": {
              "filters": {
                "any_of": [
                {
                  "test": "has_damage",
                  "subject": "self",
                  "value": "fatal"
                }
              ]
            },
			"event": "dead"
          },
          "deals_damage": false
        }
    ]
  },
    "minecraft:behavior.nearest_attackable_target": {
          "priority": 1,
          "reselect_targets": true,
          "entity_types": [
            {
             "filters": {
              "any_of": [
                {
                  "test": "is_family",
                  "subject": "other",
                  "value": "player"
                },
                {
                  "test": "is_family",
                  "subject": "other",
                  "value": "ben10"
                },
                {
                  "test": "is_family",
                  "subject": "other",
                  "value": "gwen"
                },
                {
                  "test": "is_family",
                  "subject": "other",
                  "value": "uncle_max"
                },
                {
                  "test": "is_family",
                  "subject": "other",
                  "value": "rb"
                },
                {
                  "test": "is_family",
                  "subject": "other",
                  "value": "villager"
                },
                {
                  "test": "is_family",
                  "subject": "other",
                  "value": "irongolem"
                }
              ]
            },
              "max_dist": 70
            }
          ],
          "must_see": false,
          "must_reach": false
        },
        "minecraft:behavior.avoid_mob_type": {
          "priority": 6,
          "entity_types": [
            {
              "filters": {
                "any_of": [
                {
                  "test": "is_family",
                  "subject": "other",
                  "value": "dh_spike"
                },
				{
                  "test": "is_family",
                  "subject": "other",
                  "value": "tentacle_vines"
                },
                {
                  "test": "is_family",
                  "subject": "other",
                  "value": "magic_spike"
                },
				{
                  "test": "is_family",
                  "subject": "other",
                  "value": "corrodium"
                }
              ]
            },
            "max_dist": 10,
            "walk_speed_multiplier": 0.8,
            "sprint_speed_multiplier": 1.33
          }
        ]
      },  
      "minecraft:behavior.melee_attack": {
        "priority": 4,
        "speed_multiplier": 1.3,
        "track_target": false
      },
      
     "minecraft:behavior.leap_at_target": {
                "priority": 2,
                "target_dist": 0.01
            },
            "minecraft:behavior.stalk_and_pounce_on_target": {
                "priority": 3,
                "stalk_speed": 1.6,
                "max_stalk_dist": 50.0,
                "leap_height": 1.3,
                "leap_dist": 1.2,
                "pounce_max_dist": 10.0,
                "strike_dist": 20.0,
                "interest_time": 0.0
            },

      "minecraft:behavior.float": {
        "priority": 0
      },
      "minecraft:behavior.hurt_by_target": {
          "priority": 2,
          "entity_types": [
          {
            "filters": {
            "other_without_families": [ "dr_animo", "corrodium" ]
          }
        }
      ]
    },
      "minecraft:behavior.move_towards_restriction": {
        "priority": 5,
        "speed_multiplier": 1
      },
      "minecraft:behavior.random_stroll": {
        "priority": 6,
        "speed_multiplier": 1
      },
      "minecraft:behavior.look_at_player": {
        "priority": 6,
        "target_distance": 6.0,
        "probability": 0.02
      },
      "minecraft:behavior.random_look_around": {
        "priority": 7
      },
      "minecraft:physics": {
      },
      "minecraft:pushable": {
        "is_pushable": true,
        "is_pushable_by_piston": true
      },
      "minecraft:leashable": {
        "soft_distance": 4.0,
        "hard_distance": 6.0,
        "max_distance": 10.0
      },
	  "minecraft:environment_sensor": {
          "triggers": [
            {
              "filters": {
                "all_of": [
                {
                  "test": "rider_count",
                  "subject": "self",
                  "operator": "==",
                  "value": 0
                }
              ]
            },
            "event": "no_rider"
          },
		  {
              "filters": {
                "all_of": [
                {
                  "test": "rider_count",
                  "subject": "self",
                  "operator": ">",
                  "value": 0
                }
              ]
            },
            "event": "has_rider"
          }
		]
	  }
    },

    "events": {
	  "minecraft:entity_spawned": {
	    "remove": {
		  "component_groups": [
		    "mutant_hamster:angry"
		  ]
		},
	    "add": {
		  "component_groups": [
		    "normal_speed",
			"mutant_hamster:calm"
		  ]
		}
	  },
	  
	  "no_rider": {
	    "remove": {
		  "component_groups": [
		    "more_speed"
		  ]
		},
		"add": {
		  "component_groups": [
		    "normal_speed"
		  ]
		}
	  },
	  
	  "has_rider": {
	    "add": {
		  "component_groups": [
		    "more_speed"
		  ]
		},
		"remove": {
		  "component_groups": [
		    "normal_speed"
		  ]
		}
	  },
	  
	  "minecraft:raging": {
	    "randomize": [
		{
		  "weight": 50,
		  "remove": {
		    "component_groups": [
			  "mutant_hamster:calm"
			]
		  },
		  "add": {
		    "component_groups": [
			  "mutant_hamster_raging"
			]
		  }
		},
		{
		  "weight": 50,
		  "add": {
		  }
		}
	  ]
	},
	
	"minecraft:no_raging": {
	  "remove": {
	    "component_groups": [
		  "add_effects",
		  "mutant_hamster:angry"
		]
	  },
	  "add": {
	    "component_groups": [
		  "no_effects",
		  "mutant_hamster:calm"
		]
	  }
	},
	
	"add_effects": {
	  "remove": {
	    "component_groups": [
		  "no_effects",
		  "mutant_hamster_raging"
		]
	  },
	  "add": {
	    "component_groups": [
		  "add_effects",
		  "mutant_hamster:angry"
		]
	  }
	},
	
	"remove_effects": {
	  "remove": {
	    "component_groups": [
		  "add_effects",
		  "mutant_hamster:angry"
		]
	  },
	  "add": {
	    "component_groups": [
		  "no_effects",
		  "mutant_hamster:calm"
		]
	  }
	},
	
	"dead": {
	  "add": {
	    "component_groups": [
		  "dead"
		]
	  }
	}
  }
}}