{
  "format_version": "1.16.0",
  "minecraft:entity": {
    "description": {
      "identifier": "enemy:mutant_frog",
      "is_spawnable": true,
      "is_summonable": true,
      "is_experimental": false,
	  "scripts": {
        "animate": [
		  "bite",
		  "tongue",
		  "tongue_sound",
		  "tongue_close",
		  "jump_high",
		  "jumped_high",
		  "sounds",
		  "fatal"
        ]
      },
      "animations": {
	    "bite": "controller.animation.mutant_frog.bite",
		"tongue": "controller.animation.mutant_frog.tongue",
		"tongue_sound": "controller.animation.mutant_frog.tongue_sound",
		"tongue_close": "controller.animation.mutant_frog.tongue_close",
		"jump_high": "controller.animation.mutant_frog.jump_high",
		"jumped_high": "controller.animation.mutant_frog.jumped_high",
		"sounds": "controller.animation.mutant_frog.sounds",
		"fatal": "controller.animation.mutant_frog.fatal"
      }
    },
    "component_groups": {
      "no_rider": {
        "minecraft:movement.jump": {
          "jump_delay": [ 0.5, 1.5 ]
        }
      },
      "has_rider": {
        "minecraft:movement.jump": {
          "jump_delay": [ 0.1, 0.2 ]
        }
      },
	  
	  "minecraft:slime_calm": {
        "minecraft:movement.jump": {
          "jump_delay": [ 0.5, 1.5 ]
        }
      },
      "minecraft:slime_aggressive": {
        "minecraft:movement.jump": {
          "jump_delay": [ 0.16, 0.5 ]
        }
      },
	  
	  "slime": {
	    "minecraft:behavior.slime_float": {
          "priority": 1,
          "jump_chance_percentage": 0.8,
          "speed_multiplier": 1.2
        },
        "minecraft:behavior.slime_random_direction": {
          "priority": 4,
          "add_random_time_range": 3,
          "turn_range": 360,
          "min_change_direction_time": 2.0
        },
        "minecraft:behavior.slime_keep_on_jumping": {
          "priority": 5,
          "speed_multiplier": 1.0
        }
	  },
	  
	  "biting": {
	    "minecraft:is_stackable": {}
	  },
	  
	  "tongue_attack": {
	    "minecraft:is_sheared": {},
		
		"minecraft:timer": {
          "time": 9,
          "looping": false,
          "time_down_event": {
            "event": "remove:tongue",
            "target": "self"
           }
         }
	  },
	  
	  "bite_sensor": {
	    "minecraft:target_nearby_sensor": {
          "inside_range": 1.0,
		  "outside_range": 5.0,
          "on_inside_range": {
            "event": "use_bite",
            "target": "self"
          },
		  "on_outside_range": {
            "event": "jump_high",
            "target": "self"
          }
        }
	  },
	  
	  "tongue_sensor": {
	    "minecraft:target_nearby_sensor": {
          "inside_range": 8.0,
		  "outside_range": 5.0,
          "on_inside_range": {
            "event": "use_tongue",
            "target": "self"
          }/*,
		  "on_outside_range": {
            "event": "jump_high",
            "target": "self"
          }*/
        }
	  },
	  
	  "jump_high": {
	    "minecraft:is_charged": {}
	  },
	  
	  "on_air": {
	    "minecraft:is_ignited": {}
	  },
	  
	  "ground_impact": {
	    "minecraft:behavior.knockback_roar": {
            "priority": 1,
            "duration": 3.48,
            "attack_time": 0.05,
            "knockback_damage": 10,
            "knockback_strength": 4,
            "knockback_range": 5,
            "knockback_filters": {
			  "any_of": [
			    {
                  "test": "is_family",
                  "subject": "other",
                  "operator": "!=",
                  "value": "dr_animo"
				}
		      ]
            },
            "damage_filters": {
              "any_of": [
			    {
                  "test": "is_family",
                  "subject": "other",
                  "operator": "!=",
                  "value": "dr_animo"
				}
		      ]
            },
            "on_roar_end": {
              "event": ""
            },
            "cooldown_time": 600.1
          },
                "minecraft:timer": {
                    "time": 0.02,
                    "looping": true,
                    "time_down_event": {
                        "event": "remove:ground_impact",
                        "target": "self"
                    }
                }
	  },
	  
	  "dead": {
	    "minecraft:transformation": {
		  "into": "enemy:mutant_frog.dead"
		}
	  }
    },

    "components": {
      "minecraft:experience_reward": {
        "on_death": "query.last_hit_by_player ? query.variant : 0"
      },
      "minecraft:type_family": {
        "family": [ "dr_animo", "mutant_frog", "monster" ]
      },
      "minecraft:breathable": {
        "total_supply": 15,
        "suffocate_time": 0
      },
	  "minecraft:knockback_resistance": {
	    "value": 100.0
	  },
	  "minecraft:scale": {
	    "value": 1.2
	  },
	  "minecraft:collision_box": {
          "width": 3.2,
          "height": 3.03
        },
        "minecraft:health": {
          "value": 300,
          "max": 300
        },
		"minecraft:boss": {
          "should_darken_sky": false,
          "name": "§2Mutant Frog",
          "hud_range": 55
        },
        "minecraft:movement": {
          "value": 0.3
        },
        "minecraft:attack": {
          "damage": 12
        },
		"minecraft:damage_sensor": {
          "triggers": [
          {
            "on_damage": {
              "filters": {
                "any_of": [
                {
                  "test": "has_damage",
                  "subject": "self",
                  "value": "fall"
                },
				{
                  "test": "is_family",
                  "subject": "other",
                  "value": "mutant_frog"
                }
              ]
            }
          },
          "deals_damage": false
        },
		{
            "on_damage": {
              "filters": {
                "any_of": [
                {
                  "test": "has_damage",
                  "subject": "self",
                  "value": "fatal"
                }
              ]
            },
			"event": "dead"
          },
          "deals_damage": false
        }
	  ]
	},
		"minecraft:rideable": {
          "seat_count": 1,
          "pull_in_entities": false, 
          "family_types": [ "dr_animo" ], 
          "seats": [
          {
            "lock_rider_rotation": 0.0,
            "position": [ 0.0, 2.55, 0.8 ]
          }
		]
	  },
        "minecraft:loot": {
          "table": "loot_tables/entities/empty.json"
        },
		"minecraft:follow_range": {
          "value": 100,
          "max": 100
        },  
      "minecraft:navigation.walk": {
        "can_path_over_water": true,
        "avoid_water": true
      },
      "minecraft:jump.static": {
      },
      "minecraft:can_climb": {
      },
      "minecraft:hurt_on_condition": {
        "damage_conditions": [
          {
            "filters": { "test": "in_lava", "subject": "self", "operator": "==", "value": true },
            "cause": "lava",
            "damage_per_tick": 4
          }
        ]
      },
      "minecraft:movement.jump": {
        "jump_delay": [ 0.5, 1.5 ]
      },
      "minecraft:on_target_acquired": {
        "event": "minecraft:become_aggressive",
        "target": "self"
      },
      "minecraft:on_target_escape": {
        "event": "minecraft:become_calm",
        "target": "self"
      },
      "minecraft:nameable": {
      },
	   "minecraft:behavior.slime_attack": {
          "priority": 3
        },
	  "minecraft:behavior.look_at_player": {
        "priority": 7,
        "look_distance": 6,
        "probability": 0.02
      },
      "minecraft:behavior.random_look_around": {
        "priority": 7
      },
	  "minecraft:behavior.avoid_mob_type": {
          "priority": 6,
          "entity_types": [
            {
              "filters": {
                "any_of": [
                {
                  "test": "is_family",
                  "subject": "other",
                  "value": "dh_spike"
                },
				{
                  "test": "is_family",
                  "subject": "other",
                  "value": "tentacle_vines"
                },
                {
                  "test": "is_family",
                  "subject": "other",
                  "value": "magic_spike"
                },
				{
                  "test": "is_family",
                  "subject": "other",
                  "value": "corrodium"
                }
              ]
            },
            "max_dist": 10,
            "walk_speed_multiplier": 0.8,
            "sprint_speed_multiplier": 1.33
          }
        ]
      },  
      "minecraft:behavior.nearest_attackable_target": {
          "priority": 1,
          "reselect_targets": true,
          "entity_types": [
            {
             "filters": {
              "any_of": [
                {
                  "test": "is_family",
                  "subject": "other",
                  "value": "player"
                },
                {
                  "test": "is_family",
                  "subject": "other",
                  "value": "ben10"
                },
                {
                  "test": "is_family",
                  "subject": "other",
                  "value": "gwen"
                },
                {
                  "test": "is_family",
                  "subject": "other",
                  "value": "uncle_max"
                },
                {
                  "test": "is_family",
                  "subject": "other",
                  "value": "rb"
                },
                {
                  "test": "is_family",
                  "subject": "other",
                  "value": "villager"
                },
                {
                  "test": "is_family",
                  "subject": "other",
                  "value": "irongolem"
                }
              ]
            },
              "max_dist": 70
            }
          ],
          "must_see": false,
          "must_reach": false
        },
		"minecraft:behavior.hurt_by_target": {
          "priority": 2,
          "entity_types": [
          {
            "filters": {
            "other_without_families": [ "dr_animo", "corrodium" ]
          }
        }
      ]
    },
		"minecraft:environment_sensor": {
          "triggers": [
            {
              "filters": {
                "all_of": [
                {
                  "test": "rider_count",
                  "subject": "self",
                  "operator": "==",
                  "value": 0
                }
              ]
            },
            "event": "no_rider"
          },
		  {
              "filters": {
                "all_of": [
                {
                  "test": "rider_count",
                  "subject": "self",
                  "operator": ">",
                  "value": 0
                }
              ]
            },
            "event": "has_rider"
          }
		]
	  },
	  "minecraft:leashable": {
        "soft_distance": 4.0,
        "hard_distance": 6.0,
        "max_distance": 10.0
      },
	  "minecraft:physics": {
        },
	    "minecraft:pushable": {
          "is_pushable": true,
          "is_pushable_by_piston": true
        }
    },

    "events": {
      "minecraft:entity_spawned": {
	    "randomize": [
		{
		  "weight": 10,
		  "add": {
            "component_groups": [
              "minecraft:slime_calm",
			  "slime",
			  "bite_sensor"
            ]
          }
		},
		{
		  "weight": 10,
		  "add": {
            "component_groups": [
              "minecraft:slime_calm",
			  "slime",
			  "tongue_sensor"
            ]
          }
		}
	  ]
    },
      "minecraft:become_calm": {
	    "randomize": [
		{
		  "weight": 10,
		  "remove": {
		    "component_groups": [
		      "biting",
			  "tongue_attack"
		    ]
		  },
          "add": {
            "component_groups": [
              "minecraft:slime_calm",
			  "bite_sensor"
            ]
          }
		},
		{
		  "weight": 10,
		  "remove": {
		    "component_groups": [
		      "biting",
			  "tongue_attack"
		    ]
		  },
          "add": {
            "component_groups": [
              "minecraft:slime_calm",
			  "tongue_sensor"
            ]
          }
		}
	  ]
    },
      "minecraft:become_aggressive": {
        "add": {
          "component_groups": [
            "minecraft:slime_aggressive"
          ]
        }
      },
	  "use_bite": {
	    "add": {
	      "component_groups": [
		    "biting"
	      ]
		}	
	  },
	  "use_tongue": {
	    "sequence": [
		{
		  "filters": {
		    "all_of": [
			{
			  "test": "has_component", 
              "subject": "self", 
              "operator": "!=",
              "value": "minecraft:is_charged"
			},
			{
			  "test": "has_component", 
              "subject": "self", 
              "operator": "!=",
              "value": "minecraft:is_ignited"
			}
		  ]
        },
		  "remove": {
	        "component_groups": [
		      "slime",
			  "biting"
	        ]
		  },
		  "add": {
	        "component_groups": [
		      "tongue_attack"
	        ]
		  }
		}
	  ]
    },
	  "jump_high": {
	    "sequence": [
		{
		  "filters": {
		    "all_of": [
			{
			  "test": "has_component", 
              "subject": "self", 
              "operator": "!=",
              "value": "minecraft:is_sheared"
			}
		  ]
        },
		  "remove": {
		    "component_groups": [
			  "biting"
			]
		  },
		  "add": {
		    "component_groups": [
	          "jump_high",
		      "on_air"
		    ]
		  }
		}
	  ]
	},
	  "no_rider": {
	    "add": {
		  "component_groups": [
		    "no_rider"
		  ]
		}
	  },
	  "has_rider": {
	    "add": {
		  "component_groups": [
		    "has_rider"
		  ]
		}
	  },
	  "remove:tongue": {
	    "remove": {
		  "component_groups": [
		    "tongue_attack"
		  ]
		},
		"add": {
		  "component_groups": [
		    "slime",
			"bite_sensor"
		  ]
		}
	  },
	  "slime": {
	    "add": {
		  "component_groups": [
		    "slime"
		  ]
		}
	  },
	  "remove_slime": {
	    "remove": {
		  "component_groups": [
		    "slime"
		  ]
		}
	  },
	  "on_air": {
	    "add": {
		  "component_groups": [
		    "on_air"
		  ]
		}
	  },
	  "remove_on_air": {
	    "remove": {
		  "component_groups": [
		    "on_air"
		  ]
		},
		"add": {
		  "component_groups": [
		    "bite_sensor",
			"ground_impact"
		  ]
		}
	  },
	  "ground_impact": {
	    "add": {
		  "component_groups": [
		    "ground_impact"
		  ]
		}
	  },
	  "remove_jump_high": {
	    "randomize": [
		{
		  "weight": 50,
		  "remove": {
		    "component_groups": [
		      "jump_high"
		    ]
		  },
		  "add": {
		    "component_groups": [
			  "bite_sensor"
			]
		  }
	    },
		{
		  "weight": 50,
		  "remove": {
		    "component_groups": [
		      "jump_high"
		    ]
		  },
		  "add": {
		    "component_groups": [
			  "tongue_sensor"
			]
		  }
	    }
	  ]
    },
	  "dead": {
	    "add": {
		  "component_groups": [
		    "dead"
		  ]
		}
	  }
    }
  }
}