{
  "omni.used": {
    "max_distance": 5.0,
    "sounds": [
      {
        "name": "sounds/omnitrix/omni1/used",
        "load_on_low_memory": true
      }
    ]
  },
  "omni2.used": {
    "max_distance": 5.0,
    "sounds": [
      {
        "name": "sounds/omnitrix/omni2/used",
        "load_on_low_memory": true
      }
    ]
  },
  "omni.opt_change": {
    "max_distance": 5.0,
    "sounds": [
      {
        "name": "sounds/omnitrix/omni1/switch",
        "load_on_low_memory": true
      }
    ]
  },
  "omni2.opt_change": {
    "max_distance": 5.0,
    "sounds": [
      {
        "name": "sounds/omnitrix/omni2/switch",
        "load_on_low_memory": true
      }
    ]
  },
  "omni2.off": {
    "max_distance": 5.0,
    "sounds": [
      {
        "name": "sounds/omnitrix/omni2/off",
        "load_on_low_memory": true
      }
    ]
  },
  "omni.off": {
    "max_distance": 5.0,
    "sounds": [
      {
        "name": "sounds/omnitrix/omni1/off",
        "load_on_low_memory": true
      }
    ]
  },
  "omni.charged": {
    "max_distance": 5.0,
    "sounds": [
      {
        "name": "sounds/omnitrix/omni1/charged",
        "load_on_low_memory": true
      }
    ]
  }
}

//By L8SUN @YouTube
