{
  "format_version": "1.10.0",
  "animation_controllers": {
    
    "controller.animation.benvicktor_jump": {
      "states": {
        "default": {
          "transitions": [
			{
              "jump": "query.mark_variant == 17 && !query.is_on_ground"
            }
          ],
		  "blend_transition": 0.1
        },
		"jump": {
          "animations": [
		    "benvicktor_jumping"
          ],
          "transitions": [
            {
              "default": "query.is_on_ground"
            }
          ],
		  "blend_transition": 0.2
        }
      }
    },
	
	"controller.animation.benvicktor_attack": {
      "states": {
        "default": {
          "transitions": [
            {
              "attack1": "query.mark_variant == 17 && variable.attack_time>0 && variable.random == 0 && variable.is_holding_none"
            },
			{
              "attack2": "query.mark_variant == 17 && variable.attack_time>0 && variable.random == 1 && variable.is_holding_none"
            },
			{
              "attack3": "query.mark_variant == 17 && variable.attack_time>0 && variable.random == 2 && variable.is_holding_none"
            }
          ]
        },
        "attack1": {
          "animations": [
            "benvicktor_attacking1",
			"benvicktor_fp_attack1"
          ],
          "transitions": [
            {
              "default": "query.all_animations_finished"
            }
          ]
        },
		"attack2": {
          "animations": [
            "benvicktor_attacking2",
			"benvicktor_fp_attack2"
          ],
          "transitions": [
            {
              "default": "query.all_animations_finished"
            }
          ]
        },
		"attack3": {
          "animations": [
            "benvicktor_attacking3",
			"benvicktor_fp_attack3"
          ],
          "transitions": [
            {
              "default": "query.all_animations_finished"
            }
          ]
        }
      }
    },
	
	"controller.animation.benvicktor_projectile": {
      "states": {
        "default": {
          "transitions": [
			{
              "electric_bullet": "query.mark_variant == 17 && query.is_sneaking && query.is_stackable"
            },
			{
              "lightning1": "query.mark_variant == 17 && query.is_sneaking && query.is_sheared"
            },
			{
              "lightning2": "query.mark_variant == 17 && query.is_sneaking && query.is_stunned"
            }
          ],
		  "blend_transition": 0.2
        },
		"electric_bullet": {
          "animations": [
		    "benvicktor_electric_bullet",
			"benvicktor_fp_electric_bullet"
          ],
          "transitions": [
            {
              "default": "!query.is_sneaking"
            }
          ],
		  "blend_transition": 0.2
        },
		"lightning1": {
          "animations": [
		    "benvicktor_lightning1",
			"benvicktor_fp_lightning1"
          ],
          "transitions": [
            {
              "default": "!query.is_sneaking"
            }
          ],
		  "blend_transition": 0.2
        },
		"lightning2": {
          "animations": [
		    "benvicktor_lightning2",
			"benvicktor_fp_lightning2"
          ],
          "transitions": [
            {
              "default": "!query.is_sneaking"
            }
          ],
		  "blend_transition": 0.2
        }
      }
    }
  }
}