{
  "format_version": "1.10.0",
  "animation_controllers": {
    
    "controller.animation.diamondhead_attack": {
      "states": {
        "default": {
          "transitions": [
            {
              "attack": "query.mark_variant == 6 && variable.attack_time>0 && !query.is_sheared && !query.is_stunned && variable.is_holding_none"
            },
			{
              "fp_attack": "query.mark_variant == 6 && variable.attack_time>0 && !query.is_sheared && !query.is_stunned && variable.is_holding_none"
            }
          ],
          "blend_transition": 0.2
        },
        "attack": {
          "animations": [
            "diamondhead_attacking",
			"diamondhead_fp_attack"
          ],
          "transitions": [
            {
              "default": "query.all_animations_finished"
            }
          ],
          "blend_transition": 0.2
        },
		"fp_attack": {
          "animations": [
			"diamondhead_fp_attack"
          ],
          "transitions": [
            {
              "default": "query.all_animations_finished"
            }
          ],
          "blend_transition": 0.2
        }
      }
    }
  }
}