{
  "format_version": "1.10.0",
  "animation_controllers": {
    
    "controller.animation.ditto_attack": {
      "states": {
        "default": {
          "transitions": [
            {
              "attack": "query.mark_variant == 12 && variable.attack_time>0 && variable.is_holding_none"
            }
          ],
          "blend_transition": 0.2
        },
        "attack": {
          "animations": [
            "ditto_attacking",
			"ditto_fp_attack"
          ],
          "transitions": [
            {
              "default": "query.all_animations_finished"
            }
          ],
          "blend_transition": 0.2
        }
      }
    }
  }
}