{
  "format_version": "1.10.0",
  "animation_controllers": {
    
    "controller.animation.stinkfly_attack": {
      "states": {
        "default": {
          "transitions": [
            {
              "attack1": "query.mark_variant == 8 && variable.attack_time>0 && variable.random == 0 && variable.is_holding_none"
            },
			{
              "attack2": "query.mark_variant == 8 && variable.attack_time>0 && variable.random == 1 && variable.is_holding_none"
            },
			{
              "attack3": "query.mark_variant == 8 && variable.attack_time>0 && variable.random == 2 && variable.is_holding_none"
            }
          ],
          "blend_transition": 0.2
        },
        "attack1": {
          "animations": [
            "stinkfly_attacking1",
			"stinkfly_fp_attack1"
          ],
          "transitions": [
            {
              "default": "query.all_animations_finished"
            }
          ],
          "blend_transition": 0.2
        },
		"attack2": {
          "animations": [
            "stinkfly_attacking2",
			"stinkfly_fp_attack2"
          ],
          "transitions": [
            {
              "default": "query.all_animations_finished"
            }
          ],
          "blend_transition": 0.2
        },
		"attack3": {
          "animations": [
            "stinkfly_attacking3",
			"stinkfly_fp_attack3"
          ],
          "transitions": [
            {
              "default": "query.all_animations_finished"
            }
          ],
          "blend_transition": 0.2
        }
      }
    }
  }
}