{
  "format_version": "1.10.0",
  "animation_controllers": {
    
    "controller.animation.upchuck_attack": {
      "states": {
        "default": {
          "transitions": [
            {
              "attack1": "query.mark_variant == 18 && variable.attack_time>0 && variable.random == 0 && variable.is_holding_none"
            },
			{
              "attack2": "query.mark_variant == 18 && variable.attack_time>0 && variable.random == 1 && variable.is_holding_none"
            },
			{
              "attack3": "query.mark_variant == 18 && variable.attack_time>0 && variable.random == 2 && variable.is_holding_none"
            }
          ],
          "blend_transition": 0.2
        },
        "attack1": {
          "animations": [
            "upchuck_attacking1",
			"upchuck_fp_attack"
          ],
          "transitions": [
            {
              "default": "query.all_animations_finished"
            }
          ],
          "blend_transition": 0.2
        },
		"attack2": {
          "animations": [
            "upchuck_attacking2",
			"upchuck_fp_attack"
          ],
          "transitions": [
            {
              "default": "query.all_animations_finished"
            }
          ],
          "blend_transition": 0.2
        },
		"attack3": {
          "animations": [
            "upchuck_attacking3",
			"upchuck_fp_attack"
          ],
          "transitions": [
            {
              "default": "query.all_animations_finished"
            }
          ],
          "blend_transition": 0.2
        }
      }
    },
	
	"controller.animation.upchuck_eating": {
      "states": {
        "default": {
          "transitions": [
            {
              "eat": "query.mark_variant == 18 && (query.is_stackable || query.is_sheared || query.is_stunned)"
            }
          ],
          "blend_transition": 0.2
        },
        "eat": {
          "animations": [
            "upchuck_eat"
          ],
          "transitions": [
            {
              "spit": "!query.is_sneaking"
            }
          ],
          "blend_transition": 0.2
        },
		"spit": {
          "animations": [
            "upchuck_spit"
          ],
          "transitions": [
            {
              "default": "query.is_sneaking"
            }
          ],
          "blend_transition": 0.2
        }
      }
    }
  }
}