{
  "format_version": "1.10.0",
  "animation_controllers": {
    
    "controller.animation.wildmutt_player": {
      "states": {
        "default": {
          "transitions": [
			{
              "jump": "query.mark_variant == 1 && !query.is_on_ground"
            },
			{
              "sit": "query.mark_variant == 1 && query.is_sneaking"
            }
          ],
		  "blend_transition": 0.1
        },
		"jump": {
          "animations": [
            "wildmutt_jump"
          ],
          "transitions": [
            {
              "default": "query.is_on_ground"
            }
          ],
		  "blend_transition": 0.2
        },
		"sit": {
          "animations": [
            "wildmutt_sit"
          ],
          "transitions": [
            {
              "default": "!query.is_sneaking"
            }
          ],
		  "blend_transition": 0.2
        }
      }
    },
	
	"controller.animation.wildmutt_attack": {
      "states": {
        "default": {
          "transitions": [
            {
              "attack": "query.mark_variant == 1 && variable.attack_time>0 && variable.is_holding_none"
            }
          ]
        },
        "attack": {
          "animations": [
            "wildmutt_attacking",
			"wildmutt_fp_attack"
          ],
          "transitions": [
            {
              "default": "query.all_animations_finished"
            }
          ]
        }
      }
    }
  }
}