{
  "resource_pack_name": "vanilla",
  "texture_name": "atlas.items",
  "texture_data": {
  	
  	//Spawn Eggs
  	
   "omnitrix": { "textures": "textures/items/omnitrix_egg" },
   "wildmutt": { "textures": "textures/items/wildmutt_egg" },
   "four_arms": { "textures": "textures/items/four_arms_egg" },
   "greymatter": { "textures": "textures/items/greymatter_egg" },
   "accelerate": { "textures": "textures/items/accelerate_egg" },
   "upgrade": { "textures": "textures/items/upgrade_egg" },
   "diamondhead": { "textures": "textures/items/diamondhead_egg" },
   "ripjaws": { "textures": "textures/items/ripjaws_egg" },
   "stinkfly": { "textures": "textures/items/stinkfly_egg" },
   "ghostfreak": { "textures": "textures/items/ghostfreak_egg" },
   "cannonbolt": { "textures": "textures/items/cannonbolt_egg" },
   "heatblast": { "textures": "textures/items/heatblast_egg" },
   "ben10": { "textures": "textures/items/ben10_egg" },
   "gwen": { "textures": "textures/items/gwen_egg" },
   "uncle_max": { "textures": "textures/items/uncle_max_egg" },
   "kevin_levin": { "textures": "textures/items/kevin_levin_egg" },
   "kevin11": { "textures": "textures/items/kevin11_egg" },
   "vilgax": { "textures": "textures/items/vilgax_egg" },
   "charmcaster": { "textures": "textures/items/charmcaster_egg" },
   "stone_creature": { "textures": "textures/items/stone_creature_egg" },
   "rb": { "textures": "textures/items/rb_egg" },
   "omni_ball": { "textures": "textures/items/omni_ball_egg" },
   "ditto": { "textures": "textures/items/ditto_egg" },
   "eye_guy": { "textures": "textures/items/eye_guy_egg" },
   "wildvine": { "textures": "textures/items/wildvine_egg" },
   "benmummy": { "textures": "textures/items/benmummy_egg" },
   "mummy": { "textures": "textures/items/mummy_egg" },
   "corrodium": { "textures": "textures/items/corrodium_egg" },
   "benwolf": { "textures": "textures/items/benwolf_egg" },
   "werewolf": { "textures": "textures/items/werewolf_egg" },
   "evil_ghostfreak": { "textures": "textures/items/evil_ghostfreak_egg" },
   "benvicktor": { "textures": "textures/items/benvicktor_egg" },
   "dr_viktor_human": { "textures": "textures/items/dr_viktor_human_egg" },
   "dr_viktor": { "textures": "textures/items/dr_viktor_egg" },
   "upchuck": { "textures": "textures/items/upchuck_egg" },
   "hex": { "textures": "textures/items/hex_egg" },
   "dr_animo": { "textures": "textures/items/dr_animo_egg" },
   "mutant_ray": { "textures": "textures/items/mutant_ray_egg" },
   "way_big": { "textures": "textures/items/way_big_egg" },
   "mutant_frog": { "textures": "textures/items/mutant_frog_egg" },
   "mutant_hamster": { "textures": "textures/items/mutant_hamster_egg" },
   "heatbat": { "textures": "textures/items/heatbat_egg" },
   
   //Items
   
   "hb_bullet": { "textures": "textures/projectiles/hb_bullet" },
	"omnitrix_item": { "textures": "textures/items/omnitrix_item" },
	"hazmat_suit": { "textures": "textures/items/hazmat_suit" },
	"staff_of_ages": { "textures": "textures/items/staff_of_ages" },
	
	"enable_block_breaking": { "textures": "textures/items/abilities/enable_block_breaking" },
	"disable_block_breaking": { "textures": "textures/items/abilities/disable_block_breaking" },
	"enable_projectiles": { "textures": "textures/items/abilities/enable_projectiles" },
	"disable_projectiles": { "textures": "textures/items/abilities/disable_projectiles" },
	"merge": { "textures": "textures/items/abilities/merge" },
	"unmerge": { "textures": "textures/items/abilities/unmerge" },
	"shoot_flame": { "textures": "textures/items/abilities/shoot_flame" },
	"shoot_laser_beam": { "textures": "textures/items/abilities/shoot_laser_beam" },
	"shoot_plasma": { "textures": "textures/items/abilities/shoot_plasma" },
	"shoot_rocket": { "textures": "textures/items/abilities/shoot_rocket" },
	"dh_spikes_line": { "textures": "textures/items/abilities/dh_spikes_line" },
	"dh_spikes_circle": { "textures": "textures/items/abilities/dh_spikes_circle" },
	"disable_dh_spikes": { "textures": "textures/items/abilities/disable_dh_spikes" },
	"enable_cloning": { "textures": "textures/items/abilities/enable_cloning" },
	"disable_cloning": { "textures": "textures/items/abilities/disable_cloning" },
	"clear_clones": { "textures": "textures/items/abilities/clear_clones" },
	"energy_beam_smaller": { "textures": "textures/items/abilities/energy_beam_smaller" },
	"energy_beam_bigger": { "textures": "textures/items/abilities/energy_beam_bigger" },
	"disable_energy_beam": { "textures": "textures/items/abilities/disable_energy_beam" },
	
	"wv_trap": { "textures": "textures/items/abilities/wv_trap" },
	"wv_seeds": { "textures": "textures/items/abilities/wv_seeds" },
	"wv_vines_line": { "textures": "textures/items/abilities/wv_vines_line" },
	"wv_vines_circle": { "textures": "textures/items/abilities/wv_vines_circle" },
	"disable_wv_vines": { "textures": "textures/items/abilities/disable_wv_vines" },
	"disable_wv_projectiles": { "textures": "textures/items/abilities/disable_wv_projectiles" },
	
	"enable_sonic_howl": { "textures": "textures/items/abilities/enable_sonic_howl" },
	"disable_sonic_howl": { "textures": "textures/items/abilities/disable_sonic_howl" },
	
	"electric_beam": { "textures": "textures/items/abilities/electric_beam" },
	"lightning1": { "textures": "textures/items/abilities/lightning1" },
	"lightning2": { "textures": "textures/items/abilities/lightning2" },
	"disable_electric_power": { "textures": "textures/items/abilities/disable_electric_power" },
	"benvicktor_regenerate": { "textures": "textures/items/abilities/benvicktor_regenerate" },
	
	"ground_hit1": { "textures": "textures/items/abilities/ground_hit1" },
	"ground_hit2": { "textures": "textures/items/abilities/ground_hit2" },
	"cosmic_ray": { "textures": "textures/items/abilities/energy_beam_bigger" },
	
	"stretch_arms": { "textures": "textures/items/abilities/stretch_arms" },
	
	"untransform": { "textures": "textures/items/abilities/untransform" }
	
	}
}
