{
  "format_version": "1.8.0",
  "render_controllers": {
    "controller.render.ben10": {
      "geometry": "Geometry.default",
      "materials": [{ "*": "Material.default" }],
      "textures": [ "Texture.default" ],
      "part_visibility": [
        {
          "*": "query.variant == 0"
        }
      ]
    },
    "controller.render.ben10.omnitrix": {
      "geometry": "Geometry.omnitrix",
      "materials": [{ "*": "Material.glow" }],
      "textures": [ "Texture.omnitrix" ],
      "part_visibility": [
        {
          "*": "query.skin_id == 1 || query.skin_id == 2"
        }
      ]
    }
  }
}

//By L8SUN @YouTube