{
	"format_version": "1.8.0",
	"animations": {
		"animation.npc.moving": {
			"loop": true,
			"animation_length": 1,
			"bones": {
				"rightleg": {
					"rotation": {
						"0.0": [30, 0, 0],
						"0.4167": [-30, 0, 0],
						"0.8333": [30, 0, 0]
					}
				},
				"leftleg": {
					"rotation": {
						"0.0": [-30, 0, 0],
						"0.4167": [30, 0, 0],
						"0.8333": [-30, 0, 0]
					}
				},
				"leftarm": {
					"rotation": {
						"0.0": [25, 0, 0],
						"0.5": [-25, 0, 0],
						"1.0": [25, 0, 0]
					}
				},
				"rightarm": {
					"rotation": {
						"0.0": [-25, 0, 0],
						"0.5": [25, 0, 0],
						"1.0": [-25, 0, 0]
					}
				}
			}
		},
		"animation.npc.attacking": {
			"loop": true,
			"animation_length": 0.29167,
			"override_previous_animation": true,
			"bones": {
				"rightarm": {
					"rotation": {
						"0.0": [0, 0, 12.5],
						"0.125": [-72.5, -15, 0],
						"0.2083": [-72.5, -20, 0],
						"0.2917": [0, 0, 0]
					}
				}
			}
		}
	}
}