{
	"format_version": "1.8.0",
	"render_controllers": {
		"controller.render.omni": {
          "arrays": {
            "materials": {
              "Array.materials": [ "Material.default2", "Material.invisible" ]
            }
          },
          "geometry": "Geometry.omni",
          "materials": [ { "*": "Array.materials[query.is_invisible]" } ],
		  "textures": ["Texture.omni"],
		  "part_visibility": [
            { "*": true },
            { "rightLeg": false },
            { "leftLeg": false },
		    { "rightArm": false },
            { "leftArm": false },
            { "head": false },
            { "body": false }
          ]
		},
		
		"controller.render.omni_low": {
          "arrays": {
            "materials": {
              "Array.materials": [ "Material.default2", "Material.invisible" ]
            }
          },
          "geometry": "Geometry.omni",
          "materials": [ { "*": "Array.materials[query.is_invisible]" } ],
		  "textures": ["Texture.omni_low"],
		  "part_visibility": [
            { "*": true },
            { "rightLeg": false },
            { "leftLeg": false },
		    { "rightArm": false },
            { "leftArm": false },
            { "head": false },
            { "body": false }
          ]
		},
		
		"controller.render.omni_wildmutt_icon": {
          "arrays": {
            "materials": {
              "Array.materials": [ "Material.default2", "Material.invisible" ]
            }
          },
          "geometry": "Geometry.omni",
          "materials": [ { "*": "Array.materials[query.is_invisible]" } ],
		  "textures": ["Texture.omni_wildmutt_icon"],
		  "part_visibility": [
            { "*": true },
            { "rightLeg": false },
            { "leftLeg": false },
		    { "rightArm": false },
            { "leftArm": false },
            { "head": false },
            { "body": false }
          ]
		},
		
		"controller.render.omni_fourarms_icon": {
          "arrays": {
            "materials": {
              "Array.materials": [ "Material.default2", "Material.invisible" ]
            }
          },
          "geometry": "Geometry.omni",
          "materials": [ { "*": "Array.materials[query.is_invisible]" } ],
		  "textures": ["Texture.omni_fourarms_icon"],
		  "part_visibility": [
            { "*": true },
            { "rightLeg": false },
            { "leftLeg": false },
		    { "rightArm": false },
            { "leftArm": false },
            { "head": false },
            { "body": false }
          ]
		},
		
		"controller.render.omni_greymatter_icon": {
          "arrays": {
            "materials": {
              "Array.materials": [ "Material.default2", "Material.invisible" ]
            }
          },
          "geometry": "Geometry.omni",
          "materials": [ { "*": "Array.materials[query.is_invisible]" } ],
		  "textures": ["Texture.omni_greymatter_icon"],
		  "part_visibility": [
            { "*": true },
            { "rightLeg": false },
            { "leftLeg": false },
		    { "rightArm": false },
            { "leftArm": false },
            { "head": false },
            { "body": false }
          ]
		},
		
		"controller.render.omni_xlr8_icon": {
          "arrays": {
            "materials": {
              "Array.materials": [ "Material.default2", "Material.invisible" ]
            }
          },
          "geometry": "Geometry.omni",
          "materials": [ { "*": "Array.materials[query.is_invisible]" } ],
		  "textures": ["Texture.omni_xlr8_icon"],
		  "part_visibility": [
            { "*": true },
            { "rightLeg": false },
            { "leftLeg": false },
		    { "rightArm": false },
            { "leftArm": false },
            { "head": false },
            { "body": false }
          ]
		},
		
		"controller.render.omni_upgrade_icon": {
          "arrays": {
            "materials": {
              "Array.materials": [ "Material.default2", "Material.invisible" ]
            }
          },
          "geometry": "Geometry.omni",
          "materials": [ { "*": "Array.materials[query.is_invisible]" } ],
		  "textures": ["Texture.omni_upgrade_icon"],
		  "part_visibility": [
            { "*": true },
            { "rightLeg": false },
            { "leftLeg": false },
		    { "rightArm": false },
            { "leftArm": false },
            { "head": false },
            { "body": false }
          ]
		},
		
		"controller.render.omni_diamondhead_icon": {
          "arrays": {
            "materials": {
              "Array.materials": [ "Material.default2", "Material.invisible" ]
            }
          },
          "geometry": "Geometry.omni",
          "materials": [ { "*": "Array.materials[query.is_invisible]" } ],
		  "textures": ["Texture.omni_diamondhead_icon"],
		  "part_visibility": [
            { "*": true },
            { "rightLeg": false },
            { "leftLeg": false },
		    { "rightArm": false },
            { "leftArm": false },
            { "head": false },
            { "body": false }
          ]
		},
		
		"controller.render.omni_ripjaws_icon": {
          "arrays": {
            "materials": {
              "Array.materials": [ "Material.default2", "Material.invisible" ]
            }
          },
          "geometry": "Geometry.omni",
          "materials": [ { "*": "Array.materials[query.is_invisible]" } ],
		  "textures": ["Texture.omni_ripjaws_icon"],
		  "part_visibility": [
            { "*": true },
            { "rightLeg": false },
            { "leftLeg": false },
		    { "rightArm": false },
            { "leftArm": false },
            { "head": false },
            { "body": false }
          ]
		},
		
		"controller.render.omni_stinkfly_icon": {
          "arrays": {
            "materials": {
              "Array.materials": [ "Material.default2", "Material.invisible" ]
            }
          },
          "geometry": "Geometry.omni",
          "materials": [ { "*": "Array.materials[query.is_invisible]" } ],
		  "textures": ["Texture.omni_stinkfly_icon"],
		  "part_visibility": [
            { "*": true },
            { "rightLeg": false },
            { "leftLeg": false },
		    { "rightArm": false },
            { "leftArm": false },
            { "head": false },
            { "body": false }
          ]
		},
		
		"controller.render.omni_ghostfreak_icon": {
          "arrays": {
            "materials": {
              "Array.materials": [ "Material.default2", "Material.invisible" ]
            }
          },
          "geometry": "Geometry.omni",
          "materials": [ { "*": "Array.materials[query.is_invisible]" } ],
		  "textures": ["Texture.omni_ghostfreak_icon"],
		  "part_visibility": [
            { "*": true },
            { "rightLeg": false },
            { "leftLeg": false },
		    { "rightArm": false },
            { "leftArm": false },
            { "head": false },
            { "body": false }
          ]
		},
		
		"controller.render.omni_cannonbolt_icon": {
          "arrays": {
            "materials": {
              "Array.materials": [ "Material.default2", "Material.invisible" ]
            }
          },
          "geometry": "Geometry.omni",
          "materials": [ { "*": "Array.materials[query.is_invisible]" } ],
		  "textures": ["Texture.omni_cannonbolt_icon"],
		  "part_visibility": [
            { "*": true },
            { "rightLeg": false },
            { "leftLeg": false },
		    { "rightArm": false },
            { "leftArm": false },
            { "head": false },
            { "body": false }
          ]
		},
		
		"controller.render.omni_heatblast_icon": {
          "arrays": {
            "materials": {
              "Array.materials": [ "Material.default2", "Material.invisible" ]
            }
          },
          "geometry": "Geometry.omni",
          "materials": [ { "*": "Array.materials[query.is_invisible]" } ],
		  "textures": ["Texture.omni_heatblast_icon"],
		  "part_visibility": [
            { "*": true },
            { "rightLeg": false },
            { "leftLeg": false },
		    { "rightArm": false },
            { "leftArm": false },
            { "head": false },
            { "body": false }
          ]
		},
		
		"controller.render.omni_ditto_icon": {
          "arrays": {
            "materials": {
              "Array.materials": [ "Material.default2", "Material.invisible" ]
            }
          },
          "geometry": "Geometry.omni",
          "materials": [ { "*": "Array.materials[query.is_invisible]" } ],
		  "textures": ["Texture.omni_ditto_icon"],
		  "part_visibility": [
            { "*": true },
            { "rightLeg": false },
            { "leftLeg": false },
		    { "rightArm": false },
            { "leftArm": false },
            { "head": false },
            { "body": false }
          ]
		},
		
		"controller.render.omni_eye_guy_icon": {
          "arrays": {
            "materials": {
              "Array.materials": [ "Material.default2", "Material.invisible" ]
            }
          },
          "geometry": "Geometry.omni",
          "materials": [ { "*": "Array.materials[query.is_invisible]" } ],
		  "textures": ["Texture.omni_eye_guy_icon"],
		  "part_visibility": [
            { "*": true },
            { "rightLeg": false },
            { "leftLeg": false },
		    { "rightArm": false },
            { "leftArm": false },
            { "head": false },
            { "body": false }
          ]
		},
		
		"controller.render.omni_wildvine_icon": {
          "arrays": {
            "materials": {
              "Array.materials": [ "Material.default2", "Material.invisible" ]
            }
          },
          "geometry": "Geometry.omni",
          "materials": [ { "*": "Array.materials[query.is_invisible]" } ],
		  "textures": ["Texture.omni_wildvine_icon"],
		  "part_visibility": [
            { "*": true },
            { "rightLeg": false },
            { "leftLeg": false },
		    { "rightArm": false },
            { "leftArm": false },
            { "head": false },
            { "body": false }
          ]
		},
		
		"controller.render.omni_benmummy_icon": {
          "arrays": {
            "materials": {
              "Array.materials": [ "Material.default2", "Material.invisible" ]
            }
          },
          "geometry": "Geometry.omni",
          "materials": [ { "*": "Array.materials[query.is_invisible]" } ],
		  "textures": ["Texture.omni_benmummy_icon"],
		  "part_visibility": [
            { "*": true },
            { "rightLeg": false },
            { "leftLeg": false },
		    { "rightArm": false },
            { "leftArm": false },
            { "head": false },
            { "body": false }
          ]
		},
		
		"controller.render.omni_benwolf_icon": {
          "arrays": {
            "materials": {
              "Array.materials": [ "Material.default2", "Material.invisible" ]
            }
          },
          "geometry": "Geometry.omni",
          "materials": [ { "*": "Array.materials[query.is_invisible]" } ],
		  "textures": ["Texture.omni_benwolf_icon"],
		  "part_visibility": [
            { "*": true },
            { "rightLeg": false },
            { "leftLeg": false },
		    { "rightArm": false },
            { "leftArm": false },
            { "head": false },
            { "body": false }
          ]
		},
		
		"controller.render.omni_benvicktor_icon": {
          "arrays": {
            "materials": {
              "Array.materials": [ "Material.default2", "Material.invisible" ]
            }
          },
          "geometry": "Geometry.omni",
          "materials": [ { "*": "Array.materials[query.is_invisible]" } ],
		  "textures": ["Texture.omni_benvicktor_icon"],
		  "part_visibility": [
            { "*": true },
            { "rightLeg": false },
            { "leftLeg": false },
		    { "rightArm": false },
            { "leftArm": false },
            { "head": false },
            { "body": false }
          ]
		},
		
		"controller.render.omni_upchuck_icon": {
          "arrays": {
            "materials": {
              "Array.materials": [ "Material.default2", "Material.invisible" ]
            }
          },
          "geometry": "Geometry.omni",
          "materials": [ { "*": "Array.materials[query.is_invisible]" } ],
		  "textures": ["Texture.omni_upchuck_icon"],
		  "part_visibility": [
            { "*": true },
            { "rightLeg": false },
            { "leftLeg": false },
		    { "rightArm": false },
            { "leftArm": false },
            { "head": false },
            { "body": false }
          ]
		},
		
		"controller.render.omni_way_big_icon": {
          "arrays": {
            "materials": {
              "Array.materials": [ "Material.default2", "Material.invisible" ]
            }
          },
          "geometry": "Geometry.omni",
          "materials": [ { "*": "Array.materials[query.is_invisible]" } ],
		  "textures": ["Texture.omni_way_big_icon"],
		  "part_visibility": [
            { "*": true },
            { "rightLeg": false },
            { "leftLeg": false },
		    { "rightArm": false },
            { "leftArm": false },
            { "head": false },
            { "body": false }
          ]
		}
	}
}