{
	"format_version": "1.8.0",
	"render_controllers": {
	
	    //WILDMUTT
		"controller.render.wildmutt.player": {
			"geometry": "Geometry.wildmutt",
			"materials": [{
				"*": "material.transparent"
			}],
			"textures": ["Texture.wildmutt"],
			"part_visibility": [{
				"*": "query.mark_variant == 1 && !query.is_ignited"
			}]
		},
		"controller.render.wildmutt_low.player": {
			"geometry": "Geometry.wildmutt",
			"materials": [{
				"*": "material.transparent"
			}],
			"textures": ["Texture.wildmutt_low"],
			"part_visibility": [{
				"*": "query.mark_variant == 1 && query.is_ignited"
			}]
		},
		
		
		//FOUR ARMS
		"controller.render.fourarms.player": {
			"geometry": "Geometry.fourarms",
			"materials": [{
				"*": "Material.omni"
			}],
			"textures": ["Texture.fourarms"],
			"part_visibility": [{
				"*": "query.mark_variant == 2 && !query.is_ignited"
			}]
		},
		"controller.render.fourarms_low.player": {
			"geometry": "Geometry.fourarms",
			"materials": [{
				"*": "material.omni"
			}],
			"textures": ["Texture.fourarms_low"],
			"part_visibility": [{
				"*": "query.mark_variant == 2 && query.is_ignited"
			}]
		},
		
		
		//GREYMATTER
		"controller.render.greymatter.player": {
			"geometry": "Geometry.greymatter",
			"materials": [{
				"*": "Material.omni"
			}],
			"textures": ["Texture.greymatter"],
			"part_visibility": [{
				"*": "query.mark_variant == 3 && !query.is_ignited"
			}]
		},
		"controller.render.greymatter_low.player": {
			"geometry": "Geometry.greymatter",
			"materials": [{
				"*": "material.omni"
			}],
			"textures": ["Texture.greymatter_low"],
			"part_visibility": [{
				"*": "query.mark_variant == 3 && query.is_ignited"
			}]
		},
		
		
		//XLR8
		"controller.render.xlr8.player": {
			"geometry": "Geometry.xlr8",
			"materials": [{
				"*": "Material.omni"
			}],
			"textures": ["Texture.xlr8"],
			"part_visibility": [{
				"*": "query.mark_variant == 4 && !query.is_ignited"
			}]
		},
		"controller.render.xlr8_low.player": {
			"geometry": "Geometry.xlr8",
			"materials": [{
				"*": "material.omni"
			}],
			"textures": ["Texture.xlr8_low"],
			"part_visibility": [{
				"*": "query.mark_variant == 4 && query.is_ignited"
			}]
		},
		
		
		//UPGRADE
		"controller.render.upgrade.player": {
          "arrays": {
            "materials": {
              "Array.materials": [ "Material.default2", "Material.invisible" ]
            }
          },
          "geometry": "Geometry.upgrade",
          "materials": [ { "*": "Array.materials[query.is_invisible]" } ],
		  "textures": ["Texture.upgrade"],
		  "part_visibility": [{
				"*": "query.mark_variant == 5 && !query.is_ignited && !query.is_sheared"
			}]
		},
		"controller.render.upgrade_low.player": {
          "arrays": {
            "materials": {
              "Array.materials": [ "Material.default2", "Material.invisible" ]
            }
          },
          "geometry": "Geometry.upgrade",
          "materials": [ { "*": "Array.materials[query.is_invisible]" } ],
		  "textures": ["Texture.upgrade_low"],
		  "part_visibility": [{
				"*": "query.mark_variant == 5 && query.is_ignited && !query.is_sheared"
			}]
		},
		
		"controller.render.upgrade.rb.player": {
          "arrays": {
            "materials": {
              "Array.materials": [ "Material.default2", "Material.invisible" ]
            }
          },
          "geometry": "Geometry.upgrade_rb",
          "materials": [ { "*": "Array.materials[query.is_invisible]" } ],
		  "textures": ["Texture.upgrade_rb"],
		  "part_visibility": [{
				"*": "query.mark_variant == 5 && query.is_sheared"
			}]
		},
		
		
		//DIAMONDHEAD
		"controller.render.diamondhead.player": {
			"geometry": "Geometry.diamondhead",
			"materials": [{
				"*": "Material.omni"
			}],
			"textures": ["Texture.diamondhead"],
			"part_visibility": [{
				"*": "query.mark_variant == 6 && !query.is_ignited"
			}]
		},
		"controller.render.diamondhead_low.player": {
			"geometry": "Geometry.diamondhead",
			"materials": [{
				"*": "material.omni"
			}],
			"textures": ["Texture.diamondhead_low"],
			"part_visibility": [{
				"*": "query.mark_variant == 6 && query.is_ignited"
			}]
		},
		
		
		//RIPJAWS
		"controller.render.ripjaws.player": {
			"geometry": "Geometry.ripjaws",
			"materials": [{
				"*": "Material.omni"
			}],
			"textures": ["Texture.ripjaws"],
			"part_visibility": [{
				"*": "query.mark_variant == 7 && !query.is_ignited"
			}]
		},
		"controller.render.ripjaws_low.player": {
			"geometry": "Geometry.ripjaws",
			"materials": [{
				"*": "material.omni"
			}],
			"textures": ["Texture.ripjaws_low"],
			"part_visibility": [{
				"*": "query.mark_variant == 7 && query.is_ignited"
			}]
		},
		
		
		//STINKFLY
		"controller.render.stinkfly.player": {
			"geometry": "Geometry.stinkfly",
			"materials": [{
				"*": "Material.default2"
			}],
			"textures": ["Texture.stinkfly"],
			"part_visibility": [{
				"*": "query.mark_variant == 8 && !query.is_ignited"
			}]
		},
		"controller.render.stinkfly_low.player": {
			"geometry": "Geometry.stinkfly",
			"materials": [{
				"*": "material.default2"
			}],
			"textures": ["Texture.stinkfly_low"],
			"part_visibility": [{
				"*": "query.mark_variant == 8 && query.is_ignited"
			}]
		},
		
		
		//GHOSTFREAK
		"controller.render.ghostfreak.player": {
			"geometry": "Geometry.ghostfreak",
			"materials": [{
				"*": "Material.transparent"
			}],
			"textures": ["Texture.ghostfreak"],
			"part_visibility": [{
				"*": "query.mark_variant == 9 && !query.is_ignited"
			}]
		},
		"controller.render.ghostfreak_low.player": {
			"geometry": "Geometry.ghostfreak",
			"materials": [{
				"*": "material.transparent"
			}],
			"textures": ["Texture.ghostfreak_low"],
			"part_visibility": [{
				"*": "query.mark_variant == 9 && query.is_ignited"
			}]
		},
		
		
		//CANNONBOLT
		"controller.render.cannonbolt.player": {
			"geometry": "Geometry.cannonbolt",
			"materials": [{
				"*": "Material.omni"
			}],
			"textures": ["Texture.cannonbolt"],
			"part_visibility": [{
				"*": "query.mark_variant == 10 && !query.is_ignited"
			}]
		},
		"controller.render.cannonbolt_low.player": {
			"geometry": "Geometry.cannonbolt",
			"materials": [{
				"*": "material.omni"
			}],
			"textures": ["Texture.cannonbolt_low"],
			"part_visibility": [{
				"*": "query.mark_variant == 10 && query.is_ignited"
			}]
		},
		
		
		//HEATBLAST
		"controller.render.heatblast.player": {
          "arrays": {
            "materials": {
              "Array.materials": [ "Material.default2", "Material.invisible" ]
            }
          },
          "geometry": "Geometry.heatblast",
          "materials": [ { "*": "Array.materials[query.is_invisible]" } ],
		  "textures": ["Texture.heatblast"],
		  "part_visibility": [{
				"*": "query.mark_variant == 11 && !query.is_ignited"
			}]
		},
		"controller.render.heatblast_low.player": {
          "arrays": {
            "materials": {
              "Array.materials": [ "Material.default2", "Material.invisible" ]
            }
          },
          "geometry": "Geometry.heatblast",
          "materials": [ { "*": "Array.materials[query.is_invisible]" } ],
		  "textures": ["Texture.heatblast_low"],
		  "part_visibility": [{
				"*": "query.mark_variant == 11 && query.is_ignited"
			}]
		},
		
		
		//DITTO
		"controller.render.ditto.player": {
			"geometry": "Geometry.ditto",
			"materials": [{
				"*": "Material.omni"
			}],
			"textures": ["Texture.ditto"],
			"part_visibility": [{
				"*": "query.mark_variant == 12 && !query.is_ignited"
			}]
		},
		"controller.render.ditto_low.player": {
			"geometry": "Geometry.ditto",
			"materials": [{
				"*": "material.omni"
			}],
			"textures": ["Texture.ditto_low"],
			"part_visibility": [{
				"*": "query.mark_variant == 12 && query.is_ignited"
			}]
		},
		
		
		//EYE GUY
		"controller.render.eye_guy.player": {
          "arrays": {
            "materials": {
              "Array.materials": [ "Material.default2", "Material.invisible" ]
            }
          },
          "geometry": "Geometry.eye_guy",
          "materials": [ { "*": "Array.materials[query.is_invisible]" } ],
		  "textures": ["Texture.eye_guy"],
		  "part_visibility": [{
				"*": "query.mark_variant == 13 && !query.is_ignited"
			}]
		},
		"controller.render.eye_guy_low.player": {
          "arrays": {
            "materials": {
              "Array.materials": [ "Material.default2", "Material.invisible" ]
            }
          },
          "geometry": "Geometry.eye_guy",
          "materials": [ { "*": "Array.materials[query.is_invisible]" } ],
		  "textures": ["Texture.eye_guy_low"],
		  "part_visibility": [{
				"*": "query.mark_variant == 13 && query.is_ignited"
			}]
		},
		
		
		//WILDVINE
		"controller.render.wildvine.player": {
			"geometry": "Geometry.wildvine",
			"materials": [{
				"*": "Material.omni"
			}],
			"textures": ["Texture.wildvine"],
			"part_visibility": [{
				"*": "query.mark_variant == 14 && !query.is_ignited"
			}]
		},
		"controller.render.wildvine_low.player": {
			"geometry": "Geometry.wildvine",
			"materials": [{
				"*": "material.omni"
			}],
			"textures": ["Texture.wildvine_low"],
			"part_visibility": [{
				"*": "query.mark_variant == 14 && query.is_ignited"
			}]
		},
		
		
		//BENMUMMY
		"controller.render.benmummy.player": {
          "arrays": {
            "materials": {
              "Array.materials": [ "Material.default2", "Material.invisible" ]
            }
          },
          "geometry": "Geometry.benmummy",
          "materials": [ { "*": "Array.materials[query.is_invisible]" } ],
		  "textures": ["Texture.benmummy"],
		  "part_visibility": [{
				"*": "query.mark_variant == 15 && !query.is_ignited"
			}]
		},
		"controller.render.benmummy_low.player": {
          "arrays": {
            "materials": {
              "Array.materials": [ "Material.default2", "Material.invisible" ]
            }
          },
          "geometry": "Geometry.benmummy",
          "materials": [ { "*": "Array.materials[query.is_invisible]" } ],
		  "textures": ["Texture.benmummy_low"],
		  "part_visibility": [{
				"*": "query.mark_variant == 15 && query.is_ignited"
			}]
		},
		
		
		//BENWOLF
		"controller.render.benwolf.player": {
          "arrays": {
            "materials": {
              "Array.materials": [ "Material.default2", "Material.invisible" ]
            }
          },
          "geometry": "Geometry.benwolf",
          "materials": [ { "*": "Array.materials[query.is_invisible]" } ],
		  "textures": ["Texture.benwolf"],
		  "part_visibility": [{
				"*": "query.mark_variant == 16 && !query.is_ignited"
			}]
		},
		"controller.render.benwolf_low.player": {
          "arrays": {
            "materials": {
              "Array.materials": [ "Material.default2", "Material.invisible" ]
            }
          },
          "geometry": "Geometry.benwolf",
          "materials": [ { "*": "Array.materials[query.is_invisible]" } ],
		  "textures": ["Texture.benwolf_low"],
		  "part_visibility": [{
				"*": "query.mark_variant == 16 && query.is_ignited"
			}]
		},
		
		
		//BENVICKTOR
		"controller.render.benvicktor.player": {
          "arrays": {
            "materials": {
              "Array.materials": [ "Material.default2", "Material.invisible" ]
            }
          },
          "geometry": "Geometry.benvicktor",
          "materials": [ { "*": "Array.materials[query.is_invisible]" } ],
		  "textures": ["Texture.benvicktor"],
		  "part_visibility": [{
				"*": "query.mark_variant == 17 && !query.is_ignited"
			}]
		},
		"controller.render.benvicktor_low.player": {
          "arrays": {
            "materials": {
              "Array.materials": [ "Material.default2", "Material.invisible" ]
            }
          },
          "geometry": "Geometry.benvicktor",
          "materials": [ { "*": "Array.materials[query.is_invisible]" } ],
		  "textures": ["Texture.benvicktor_low"],
		  "part_visibility": [{
				"*": "query.mark_variant == 17 && query.is_ignited"
			}]
		},
		"controller.render.benvicktor_charged1.player": {
          "geometry": "Geometry.benvicktor_charged",
          "part_visibility": [
          { "*": "query.is_sprinting" }
        ],
        "materials": [ { "*": "Material.charged" } ],
        "textures": [ "Texture.benvicktor_charged" ],
        "overlay_color": {
          "r": 1.0,
          "g": 1.0,
          "b": 1.0,
          "a": 1.0
        },
        "uv_anim": {
          "offset": [ "(query.is_sprinting) ? (Math.floor(query.life_time * 20.0) + query.frame_alpha) * 0.01 : 0.0", 
                      "(query.is_sprinting) ? (Math.floor(query.life_time * 20.0) + query.frame_alpha) * 0.01 : 0.0" ],
          "scale": [ 1.0, 1.0 ]
        },
        "light_color_multiplier": 0.5,
        "ignore_lighting" : true
      },
	    "controller.render.benvicktor_charged2.player": {
          "geometry": "Geometry.benvicktor_charged",
          "part_visibility": [
          { "*": "query.is_sneaking && query.is_stackable" }
        ],
        "materials": [ { "*": "Material.charged" } ],
        "textures": [ "Texture.benvicktor_charged" ],
        "overlay_color": {
          "r": 1.0,
          "g": 1.0,
          "b": 1.0,
          "a": 1.0
        },
        "uv_anim": {
          "offset": [ "(query.is_sneaking && query.is_stackable) ? (Math.floor(query.life_time * 20.0) + query.frame_alpha) * 0.01 : 0.0", 
                      "(query.is_sneaking && query.is_stackable) ? (Math.floor(query.life_time * 20.0) + query.frame_alpha) * 0.01 : 0.0" ],
          "scale": [ 1.0, 1.0 ]
        },
        "light_color_multiplier": 0.5,
        "ignore_lighting" : true
      },
	  "controller.render.benvicktor_charged3.player": {
        "geometry": "Geometry.benvicktor_charged",
        "part_visibility": [
          { "*": "query.is_sneaking && query.is_sheared" }
        ],
        "materials": [ { "*": "Material.charged" } ],
        "textures": [ "Texture.benvicktor_charged" ],
        "overlay_color": {
          "r": 1.0,
          "g": 1.0,
          "b": 1.0,
          "a": 1.0
        },
        "uv_anim": {
          "offset": [ "(query.is_sneaking && query.is_sheared) ? (Math.floor(query.life_time * 20.0) + query.frame_alpha) * 0.01 : 0.0", 
                      "(query.is_sneaking && query.is_sheared) ? (Math.floor(query.life_time * 20.0) + query.frame_alpha) * 0.01 : 0.0" ],
          "scale": [ 1.0, 1.0 ]
        },
        "light_color_multiplier": 0.5,
        "ignore_lighting" : true
      },
	  "controller.render.benvicktor_charged4.player": {
        "geometry": "Geometry.benvicktor_charged",
        "part_visibility": [
          { "*": "query.is_sneaking && query.is_stunned" }
        ],
        "materials": [ { "*": "Material.charged" } ],
        "textures": [ "Texture.benvicktor_charged" ],
        "overlay_color": {
          "r": 1.0,
          "g": 1.0,
          "b": 1.0,
          "a": 1.0
        },
        "uv_anim": {
          "offset": [ "(query.is_sneaking && query.is_stunned) ? (Math.floor(query.life_time * 20.0) + query.frame_alpha) * 0.01 : 0.0", 
                      "(query.is_sneaking && query.is_stunned) ? (Math.floor(query.life_time * 20.0) + query.frame_alpha) * 0.01 : 0.0" ],
          "scale": [ 1.0, 1.0 ]
        },
        "light_color_multiplier": 0.5,
        "ignore_lighting" : true
      },
	  
	  
	  //UPCHUCK
	  "controller.render.upchuck.player": {
          "arrays": {
            "materials": {
              "Array.materials": [ "Material.default2", "Material.invisible" ]
            }
          },
          "geometry": "Geometry.upchuck",
          "materials": [ { "*": "Array.materials[query.is_invisible]" } ],
		  "textures": ["Texture.upchuck"],
		  "part_visibility": [{
				"*": "query.mark_variant == 18 && !query.is_ignited"
			}]
		},
		"controller.render.upchuck_low.player": {
          "arrays": {
            "materials": {
              "Array.materials": [ "Material.default2", "Material.invisible" ]
            }
          },
          "geometry": "Geometry.upchuck",
          "materials": [ { "*": "Array.materials[query.is_invisible]" } ],
		  "textures": ["Texture.upchuck_low"],
		  "part_visibility": [{
				"*": "query.mark_variant == 18 && query.is_ignited"
			}]
		},
		
		
		//WAY BIG
		"controller.render.way_big.player": {
			"geometry": "Geometry.way_big",
			"materials": [{
				"*": "Material.npc"
			}],
			"textures": ["Texture.way_big"],
			"part_visibility": [{
				"*": "query.mark_variant == 19 && !query.is_ignited"
			}]
		},
		"controller.render.way_big_low.player": {
			"geometry": "Geometry.way_big",
			"materials": [{
				"*": "material.npc"
			}],
			"textures": ["Texture.way_big_low"],
			"part_visibility": [{
				"*": "query.mark_variant == 19 && query.is_ignited"
			}]
		},
		"controller.render.way_big_charged.player": {
        "geometry": "Geometry.way_big_charged",
        "part_visibility": [
          { "*": "query.get_equipped_item_name == 'cosmic_ray' && query.is_using_item" }
        ],
        "materials": [ { "*": "Material.charged" } ],
        "textures": [ "Texture.way_big_charged" ],
        "overlay_color": {
          "r": 1.0,
          "g": 1.0,
          "b": 1.0,
          "a": 1.0
        },
        "uv_anim": {
          "offset": [ "(query.get_equipped_item_name == 'cosmic_ray' && query.is_using_item) ? (Math.floor(query.life_time * 20.0) + query.frame_alpha) * 0.01 : 0.0", 
                      "(query.get_equipped_item_name == 'cosmic_ray' && query.is_using_item) ? (Math.floor(query.life_time * 20.0) + query.frame_alpha) * 0.01 : 0.0" ],
          "scale": [ 1.0, 1.0 ]
        },
        "light_color_multiplier": 0.5,
        "ignore_lighting" : true
      }
	}
}