{
	"format_version": "1.12.0",
	"minecraft:geometry": [
		{
			"description": {
				"identifier": "geometry.diamondhead_fp",
				"texture_width": 16,
				"texture_height": 16,
				"visible_bounds_width": 4,
				"visible_bounds_height": 4.5,
				"visible_bounds_offset": [0, 0.75, 0]
			},
			"bones": [
				{
					"name": "fp",
					"pivot": [10, 18, 5],
					"rotation": [77.5, 7.5, 150]
				},
				{
					"name": "arms_fp",
					"parent": "fp",
					"pivot": [28.88989, 21.69447, 14.51436]
				},
				{
					"name": "arm1_fp",
					"parent": "arms_fp",
					"pivot": [9.86493, 19.54445, 9],
					"rotation": [-48.3815, -54.96773, 41.1599],
					"cubes": [
						{
							"origin": [0.03384, 19.56788, 6.8],
							"size": [4.1, 2.2, 4.4],
							"pivot": [-4.36616, -9.73212, 9],
							"rotation": [0, 0, 12.5],
							"uv": {
								"north": {"uv": [7.125, 6.625], "uv_size": [0.5, 0.375]},
								"east": {"uv": [5.5, 6.625], "uv_size": [0.625, 0.375]},
								"south": {"uv": [7.25, 5.625], "uv_size": [0.5, 0.375]},
								"west": {"uv": [6.625, 5.625], "uv_size": [0.625, 0.375]},
								"up": {"uv": [1.5, 4.25], "uv_size": [0.5, 0.625]},
								"down": {"uv": [4.25, 2.5], "uv_size": [0.5, -0.625]}
							}
						},
						{
							"origin": [10.42044, 16.41619, 6.8],
							"size": [3.1, 1.2, 4.4],
							"pivot": [6.02044, -13.88381, 9],
							"rotation": [0, 0, -7.5],
							"uv": {
								"north": {"uv": [9.75, 4.875], "uv_size": [0.375, 0.25]},
								"east": {"uv": [0, 9.125], "uv_size": [0.625, 0.25]},
								"south": {"uv": [5.25, 9.75], "uv_size": [0.375, 0.25]},
								"west": {"uv": [9.125, 0.5], "uv_size": [0.625, 0.25]},
								"up": {"uv": [0.5, 1], "uv_size": [0.375, 0.625]},
								"down": {"uv": [4, 6.5], "uv_size": [0.375, -0.625]}
							}
						},
						{
							"origin": [5.7, 11.55058, 7.13792],
							"size": [2.2, 6.09408, 3.72416],
							"pivot": [8.97802, -12.01694, 9],
							"rotation": [0, 0, 2.5],
							"uv": {
								"north": {"uv": [0, 6], "uv_size": [0.375, 0.75]},
								"east": {"uv": [1.5, 2.25], "uv_size": [0.5, 0.75]},
								"south": {"uv": [1.375, 6], "uv_size": [0.375, 0.75]},
								"west": {"uv": [2, 2.25], "uv_size": [0.5, 0.75]},
								"up": {"uv": [7.625, 0], "uv_size": [0.375, 0.5]},
								"down": {"uv": [5.375, 8.125], "uv_size": [0.375, -0.5]}
							}
						},
						{
							"origin": [4.38909, 13.79925, 6.8],
							"size": [2.1, 4.3, 4.4],
							"pivot": [17.58909, 1.49925, 9],
							"rotation": [0, 0, 17.5],
							"uv": {
								"north": {"uv": [7.5, 7], "uv_size": [0.25, 0.625]},
								"east": {"uv": [4, 3.75], "uv_size": [0.625, 0.625]},
								"south": {"uv": [7.625, 1.5], "uv_size": [0.25, 0.625]},
								"west": {"uv": [4.125, 0.625], "uv_size": [0.625, 0.625]},
								"up": {"uv": [4.125, 7.25], "uv_size": [0.25, 0.625]},
								"down": {"uv": [7.25, 7.625], "uv_size": [0.25, -0.625]}
							}
						},
						{
							"origin": [-11.1917, 12.94718, 6.8],
							"size": [2.1, 3.3, 4.4],
							"pivot": [3.0083, 3.64718, 9],
							"rotation": [0, 0, 70],
							"uv": {
								"north": {"uv": [2.25, 8.625], "uv_size": [0.25, 0.5]},
								"east": {"uv": [5.375, 0], "uv_size": [0.625, 0.5]},
								"south": {"uv": [3.25, 8.625], "uv_size": [0.25, 0.5]},
								"west": {"uv": [5.375, 1.125], "uv_size": [0.625, 0.5]},
								"up": {"uv": [0.5, 7.375], "uv_size": [0.25, 0.625]},
								"down": {"uv": [0.75, 8], "uv_size": [0.25, -0.625]}
							}
						},
						{
							"origin": [4.85, 11.55058, 7.13792],
							"size": [1.6, 6.09408, 3.72416],
							"pivot": [8.97802, -12.01694, 9],
							"rotation": [0, 0, 7.5],
							"uv": {
								"north": {"uv": [1, 7.375], "uv_size": [0.25, 0.75]},
								"east": {"uv": [2.375, 0], "uv_size": [0.5, 0.75]},
								"south": {"uv": [1.25, 7.375], "uv_size": [0.25, 0.75]},
								"west": {"uv": [2.375, 0.75], "uv_size": [0.5, 0.75]},
								"up": {"uv": [6.875, 9], "uv_size": [0.25, 0.5]},
								"down": {"uv": [0.625, 9.625], "uv_size": [0.25, -0.5]}
							}
						},
						{
							"origin": [-11.33507, 12.84445, 6.8],
							"size": [2.1, 3.3, 4.4],
							"pivot": [2.86493, 3.54445, 9],
							"rotation": [0, 0, 70],
							"uv": {
								"north": {"uv": [8.625, 4.375], "uv_size": [0.25, 0.5]},
								"east": {"uv": [4, 5.375], "uv_size": [0.625, 0.5]},
								"south": {"uv": [8.625, 4.875], "uv_size": [0.25, 0.5]},
								"west": {"uv": [5.5, 4.5], "uv_size": [0.625, 0.5]},
								"up": {"uv": [1.5, 7.375], "uv_size": [0.25, 0.625]},
								"down": {"uv": [1.75, 8], "uv_size": [0.25, -0.625]}
							}
						}
					]
				},
				{
					"name": "arm1_p2_fp",
					"parent": "arm1_fp",
					"pivot": [8, 13, 9],
					"cubes": [
						{
							"origin": [8.7106, 7.91576, 6.5793],
							"size": [3.51131, 4.6223, 4.84141],
							"pivot": [6.87143, -14.72202, 9],
							"rotation": [0, 0, -5],
							"uv": {
								"north": {"uv": [5, 4.5], "uv_size": [0.5, 0.625]},
								"east": {"uv": [1.5, 3], "uv_size": [0.625, 0.625]},
								"south": {"uv": [5.125, 3.625], "uv_size": [0.5, 0.625]},
								"west": {"uv": [2.125, 3], "uv_size": [0.625, 0.625]},
								"up": {"uv": [1, 4.375], "uv_size": [0.5, 0.625]},
								"down": {"uv": [4.375, 3.125], "uv_size": [0.5, -0.625]}
							}
						},
						{
							"origin": [7.24964, 11.07391, 6.5793],
							"size": [1.51131, 0.8, 4.84141],
							"pivot": [7.6651, 14.07572, 9],
							"rotation": [0, 0, -35],
							"uv": {
								"north": {"uv": [10.5, 0.25], "uv_size": [0.25, 0.125]},
								"east": {"uv": [9.75, 2], "uv_size": [0.625, 0.125]},
								"south": {"uv": [0.5, 10.5], "uv_size": [0.25, 0.125]},
								"west": {"uv": [9.75, 7.875], "uv_size": [0.625, 0.125]},
								"up": {"uv": [8.375, 7.75], "uv_size": [0.25, 0.625]},
								"down": {"uv": [8.375, 9], "uv_size": [0.25, -0.625]}
							}
						},
						{
							"origin": [11.1016, 10.99245, 6.5793],
							"size": [1.51131, 0.8, 4.84141],
							"pivot": [6.26243, -14.64533, 9],
							"rotation": [0, 0, -5],
							"uv": {
								"north": {"uv": [10.5, 0.5], "uv_size": [0.25, 0.125]},
								"east": {"uv": [9.75, 8.875], "uv_size": [0.625, 0.125]},
								"south": {"uv": [0.75, 10.5], "uv_size": [0.25, 0.125]},
								"west": {"uv": [9.75, 9.25], "uv_size": [0.625, 0.125]},
								"up": {"uv": [0, 8.5], "uv_size": [0.25, 0.625]},
								"down": {"uv": [0.25, 9.125], "uv_size": [0.25, -0.625]}
							}
						},
						{
							"origin": [8.7057, 12.02808, 8.5793],
							"size": [3.8, 1.6223, 0.84141],
							"pivot": [8.15522, -14.6097, 9],
							"rotation": [0, 0, -5],
							"uv": {
								"north": {"uv": [9.125, 0.75], "uv_size": [0.5, 0.25]},
								"east": {"uv": [10.5, 1.125], "uv_size": [0.125, 0.25]},
								"south": {"uv": [1.5, 9.125], "uv_size": [0.5, 0.25]},
								"west": {"uv": [10.5, 1.375], "uv_size": [0.125, 0.25]},
								"up": {"uv": [9.625, 9.875], "uv_size": [0.5, 0.125]},
								"down": {"uv": [9.875, 9.75], "uv_size": [0.5, -0.125]}
							}
						},
						{
							"origin": [6.31956, 12.46353, 7.30172],
							"size": [3.8, 1.6223, 1.84141],
							"pivot": [7.12229, 12.72301, 9.72242],
							"rotation": [27.5, 0, -5],
							"uv": {
								"north": {"uv": [9.125, 1.5], "uv_size": [0.5, 0.25]},
								"east": {"uv": [0.75, 10], "uv_size": [0.25, 0.25]},
								"south": {"uv": [2, 9.125], "uv_size": [0.5, 0.25]},
								"west": {"uv": [4.75, 10], "uv_size": [0.25, 0.25]},
								"up": {"uv": [8.5, 3.875], "uv_size": [0.5, 0.25]},
								"down": {"uv": [8.5, 4.375], "uv_size": [0.5, -0.25]}
							}
						},
						{
							"origin": [6.31956, 12.46353, 8.85687],
							"size": [3.8, 1.6223, 1.84141],
							"pivot": [7.12229, 12.72301, 8.27758],
							"rotation": [-27.5, 0, -5],
							"uv": {
								"north": {"uv": [9.125, 2.125], "uv_size": [0.5, 0.25]},
								"east": {"uv": [10, 7.125], "uv_size": [0.25, 0.25]},
								"south": {"uv": [9.125, 2.375], "uv_size": [0.5, 0.25]},
								"west": {"uv": [7.25, 10], "uv_size": [0.25, 0.25]},
								"up": {"uv": [8.5, 5.625], "uv_size": [0.5, 0.25]},
								"down": {"uv": [8.5, 6.125], "uv_size": [0.5, -0.25]}
							}
						},
						{
							"origin": [6.33642, 13.22721, 6.93507],
							"size": [3.8, 0.6223, 0.84141],
							"pivot": [6.13914, 12.48669, 9.35577],
							"rotation": [27.5, 0, -5],
							"uv": {
								"north": {"uv": [10.125, 5.25], "uv_size": [0.5, 0.125]},
								"east": {"uv": [10.625, 8.125], "uv_size": [0.125, 0.125]},
								"south": {"uv": [10.125, 7.625], "uv_size": [0.5, 0.125]},
								"west": {"uv": [8.25, 10.625], "uv_size": [0.125, 0.125]},
								"up": {"uv": [9.875, 9.75], "uv_size": [0.5, 0.125]},
								"down": {"uv": [0.25, 10.125], "uv_size": [0.5, -0.125]}
							}
						},
						{
							"origin": [6.33642, 13.22721, 10.22352],
							"size": [3.8, 0.6223, 0.84141],
							"pivot": [6.13914, 12.48669, 8.64423],
							"rotation": [-27.5, 0, -5],
							"uv": {
								"north": {"uv": [10.125, 7.75], "uv_size": [0.5, 0.125]},
								"east": {"uv": [10.625, 8.25], "uv_size": [0.125, 0.125]},
								"south": {"uv": [10.125, 8.625], "uv_size": [0.5, 0.125]},
								"west": {"uv": [8.375, 10.625], "uv_size": [0.125, 0.125]},
								"up": {"uv": [1.375, 10], "uv_size": [0.5, 0.125]},
								"down": {"uv": [2.375, 10.125], "uv_size": [0.5, -0.125]}
							}
						},
						{
							"origin": [9.71444, 5.44992, 6.5793],
							"size": [1.5, 3, 4.84141],
							"pivot": [5.86396, -14.81016, 9],
							"rotation": [0, 0, -5],
							"uv": {
								"north": {"uv": [5.875, 9.25], "uv_size": [0.25, 0.375]},
								"east": {"uv": [4.625, 5.75], "uv_size": [0.625, 0.375]},
								"south": {"uv": [0.375, 9.375], "uv_size": [0.25, 0.375]},
								"west": {"uv": [0.5, 5.875], "uv_size": [0.625, 0.375]},
								"up": {"uv": [0.5, 8.5], "uv_size": [0.25, 0.625]},
								"down": {"uv": [0.75, 9.125], "uv_size": [0.25, -0.625]}
							}
						},
						{
							"origin": [9.61155, 6.07804, 6.5793],
							"size": [0.7, 1, 4.84141],
							"pivot": [9.77612, 6.38942, 9],
							"rotation": [0, 0, -30],
							"uv": {
								"north": {"uv": [9.375, 10.5], "uv_size": [0.125, 0.125]},
								"east": {"uv": [9.25, 5.25], "uv_size": [0.625, 0.125]},
								"south": {"uv": [9.5, 10.5], "uv_size": [0.125, 0.125]},
								"west": {"uv": [9.25, 6], "uv_size": [0.625, 0.125]},
								"up": {"uv": [3.625, 9.625], "uv_size": [0.125, 0.625]},
								"down": {"uv": [7.875, 10.25], "uv_size": [0.125, -0.625]}
							}
						},
						{
							"origin": [9.27735, 5.77972, 6.5793],
							"size": [0.5, 1, 4.84141],
							"pivot": [9.24192, 6.0911, 9],
							"rotation": [0, 0, -30],
							"uv": {
								"north": {"uv": [6.875, 10.625], "uv_size": [0.125, 0.125]},
								"east": {"uv": [9.25, 6.125], "uv_size": [0.625, 0.125]},
								"south": {"uv": [10.625, 6.875], "uv_size": [0.125, 0.125]},
								"west": {"uv": [9.25, 6.25], "uv_size": [0.625, 0.125]},
								"up": {"uv": [7.75, 9.875], "uv_size": [0.125, 0.625]},
								"down": {"uv": [3.375, 10.625], "uv_size": [0.125, -0.625]}
							}
						},
						{
							"origin": [8.7106, 6.53806, 6.5793],
							"size": [1.51131, 2, 4.84141],
							"pivot": [6.87143, -14.72202, 9],
							"rotation": [0, 0, -5],
							"uv": {
								"north": {"uv": [7.5, 9.875], "uv_size": [0.25, 0.25]},
								"east": {"uv": [7, 5.375], "uv_size": [0.625, 0.25]},
								"south": {"uv": [8.875, 9.875], "uv_size": [0.25, 0.25]},
								"west": {"uv": [7, 6.375], "uv_size": [0.625, 0.25]},
								"up": {"uv": [1.5, 8.5], "uv_size": [0.25, 0.625]},
								"down": {"uv": [1.75, 9.125], "uv_size": [0.25, -0.625]}
							}
						},
						{
							"origin": [24.86544, 9.5048, 6.5793],
							"size": [1.51131, 1, 4.84141],
							"pivot": [20.02627, -10.75528, 9],
							"rotation": [0, 0, -50],
							"uv": {
								"north": {"uv": [10.375, 4.375], "uv_size": [0.25, 0.125]},
								"east": {"uv": [9.25, 6.375], "uv_size": [0.625, 0.125]},
								"south": {"uv": [10.375, 4.5], "uv_size": [0.25, 0.125]},
								"west": {"uv": [9.25, 6.5], "uv_size": [0.625, 0.125]},
								"up": {"uv": [2, 8.5], "uv_size": [0.25, 0.625]},
								"down": {"uv": [3, 9.125], "uv_size": [0.25, -0.625]}
							}
						},
						{
							"origin": [25.18274, 9.23855, 6.5793],
							"size": [0.51131, 1, 4.84141],
							"pivot": [20.34357, -11.02153, 9],
							"rotation": [0, 0, -50],
							"uv": {
								"north": {"uv": [7, 10.625], "uv_size": [0.125, 0.125]},
								"east": {"uv": [9.25, 6.625], "uv_size": [0.625, 0.125]},
								"south": {"uv": [10.625, 7], "uv_size": [0.125, 0.125]},
								"west": {"uv": [9.25, 6.75], "uv_size": [0.625, 0.125]},
								"up": {"uv": [10.125, 0.625], "uv_size": [0.125, 0.625]},
								"down": {"uv": [1.125, 10.75], "uv_size": [0.125, -0.625]}
							}
						},
						{
							"origin": [10.02191, 6, 6.5793],
							"size": [2.2, 2.8, 4.84141],
							"pivot": [6.87143, -14.72202, 9],
							"rotation": [0, 0, -5],
							"uv": {
								"north": {"uv": [2.5, 8.75], "uv_size": [0.375, 0.375]},
								"east": {"uv": [5.875, 2.625], "uv_size": [0.625, 0.375]},
								"south": {"uv": [8.75, 2.75], "uv_size": [0.375, 0.375]},
								"west": {"uv": [6, 0], "uv_size": [0.625, 0.375]},
								"up": {"uv": [6.625, 4.375], "uv_size": [0.375, 0.625]},
								"down": {"uv": [4.75, 7.25], "uv_size": [0.375, -0.625]}
							}
						},
						{
							"origin": [3.33671, 12.89682, 6.5793],
							"size": [0.51131, 1.2, 4.84141],
							"pivot": [-1.50246, -8.36326, 9],
							"rotation": [0, 0, 17.5],
							"uv": {
								"north": {"uv": [5, 10.625], "uv_size": [0.125, 0.25]},
								"east": {"uv": [9, 7.125], "uv_size": [0.625, 0.25]},
								"south": {"uv": [5.125, 10.625], "uv_size": [0.125, 0.25]},
								"west": {"uv": [9, 7.375], "uv_size": [0.625, 0.25]},
								"up": {"uv": [1.25, 10.125], "uv_size": [0.125, 0.625]},
								"down": {"uv": [1.375, 10.75], "uv_size": [0.125, -0.625]}
							}
						}
					]
				},
				{
					"name": "fg_group1",
					"parent": "arm1_p2_fp",
					"pivot": [8, 13, 9]
				},
				{
					"name": "fg1",
					"parent": "fg_group1",
					"pivot": [8, 13, 9],
					"rotation": [0, 0, 5],
					"cubes": [
						{
							"origin": [6.42098, 7.13704, 7.42482],
							"size": [0.864, 1.3, 0.9],
							"pivot": [-0.28759, -7.90281, 13.16772],
							"rotation": [5.44993, -1.98423, 11.77509],
							"uv": {
								"north": {"uv": [8, 10.5], "uv_size": [0.125, 0.25]},
								"east": {"uv": [9, 10.375], "uv_size": [0.125, 0.25]},
								"south": {"uv": [10.5, 8.125], "uv_size": [0.125, 0.25]},
								"west": {"uv": [9.625, 10.375], "uv_size": [0.125, 0.25]},
								"up": {"uv": [10.5, 9.625], "uv_size": [0.125, 0.125]},
								"down": {"uv": [9.75, 10.625], "uv_size": [0.125, -0.125]}
							}
						},
						{
							"origin": [16.136, 2.5, 1.2571],
							"size": [0.864, 1.5, 0.9],
							"pivot": [9.42743, -11.71985, 9],
							"rotation": [-17.04589, -2.99318, -22.25002],
							"uv": {
								"north": {"uv": [10.5, 1.625], "uv_size": [0.125, 0.25]},
								"east": {"uv": [4.625, 10.375], "uv_size": [0.125, 0.25]},
								"south": {"uv": [2.375, 10.5], "uv_size": [0.125, 0.25]},
								"west": {"uv": [10.375, 4.625], "uv_size": [0.125, 0.25]},
								"up": {"uv": [10.5, 9.75], "uv_size": [0.125, 0.125]},
								"down": {"uv": [9.875, 10.625], "uv_size": [0.125, -0.125]}
							}
						}
					]
				},
				{
					"name": "fg2",
					"parent": "fg_group1",
					"pivot": [7.5, 6.2, 8],
					"rotation": [0, 0, -17.5],
					"cubes": [
						{
							"origin": [7.136, 5, 7],
							"size": [0.864, 1.7, 0.9],
							"uv": {
								"north": {"uv": [7.375, 10.375], "uv_size": [0.125, 0.25]},
								"east": {"uv": [3.75, 6.625], "uv_size": [0.125, 0.25]},
								"south": {"uv": [7.625, 10.375], "uv_size": [0.125, 0.25]},
								"west": {"uv": [0.5, 7.125], "uv_size": [0.125, 0.25]},
								"up": {"uv": [10.5, 9.875], "uv_size": [0.125, 0.125]},
								"down": {"uv": [10.125, 10.625], "uv_size": [0.125, -0.125]}
							}
						},
						{
							"origin": [12.70942, 5.52021, 7],
							"size": [0.864, 1.5, 0.9],
							"pivot": [15.00085, -7.99964, 9],
							"rotation": [0, 0, -22.5],
							"uv": {
								"north": {"uv": [2.5, 10.5], "uv_size": [0.125, 0.25]},
								"east": {"uv": [4.75, 10.375], "uv_size": [0.125, 0.25]},
								"south": {"uv": [10.5, 2.5], "uv_size": [0.125, 0.25]},
								"west": {"uv": [4.875, 10.375], "uv_size": [0.125, 0.25]},
								"up": {"uv": [10.25, 10.5], "uv_size": [0.125, 0.125]},
								"down": {"uv": [10.5, 10.375], "uv_size": [0.125, -0.125]}
							}
						}
					]
				},
				{
					"name": "fg3",
					"parent": "fg_group1",
					"pivot": [7.5, 6.2, 11],
					"rotation": [0, 0, -17.5],
					"cubes": [
						{
							"origin": [7.136, 5, 10.1],
							"size": [0.864, 1.7, 0.9],
							"uv": {
								"north": {"uv": [8.125, 10.375], "uv_size": [0.125, 0.25]},
								"east": {"uv": [3.625, 7.5], "uv_size": [0.125, 0.25]},
								"south": {"uv": [10.375, 8.125], "uv_size": [0.125, 0.25]},
								"west": {"uv": [7.75, 8.125], "uv_size": [0.125, 0.25]},
								"up": {"uv": [10.375, 10.5], "uv_size": [0.125, 0.125]},
								"down": {"uv": [10.5, 10.625], "uv_size": [0.125, -0.125]}
							}
						},
						{
							"origin": [12.70942, 5.52021, 10.1],
							"size": [0.864, 1.5, 0.9],
							"pivot": [15.00085, -7.99964, 12],
							"rotation": [0, 0, -22.5],
							"uv": {
								"north": {"uv": [2.625, 10.5], "uv_size": [0.125, 0.25]},
								"east": {"uv": [10.375, 4.875], "uv_size": [0.125, 0.25]},
								"south": {"uv": [2.75, 10.5], "uv_size": [0.125, 0.25]},
								"west": {"uv": [5, 10.375], "uv_size": [0.125, 0.25]},
								"up": {"uv": [0, 10.625], "uv_size": [0.125, 0.125]},
								"down": {"uv": [0.125, 10.75], "uv_size": [0.125, -0.125]}
							}
						}
					]
				},
				{
					"name": "fg4",
					"parent": "fg_group1",
					"pivot": [7.5, 6.2, 9],
					"rotation": [0, 0, -17],
					"cubes": [
						{
							"origin": [7.136, 4.7, 8.55],
							"size": [0.864, 1.9, 0.9],
							"uv": {
								"north": {"uv": [5.125, 10.375], "uv_size": [0.125, 0.25]},
								"east": {"uv": [3.25, 2.5], "uv_size": [0.125, 0.25]},
								"south": {"uv": [5.25, 10.375], "uv_size": [0.125, 0.25]},
								"west": {"uv": [0.375, 6], "uv_size": [0.125, 0.25]},
								"up": {"uv": [0.25, 10.625], "uv_size": [0.125, 0.125]},
								"down": {"uv": [0.375, 10.75], "uv_size": [0.125, -0.125]}
							}
						},
						{
							"origin": [12.70942, 5.22021, 8.55],
							"size": [0.864, 1.5, 0.9],
							"pivot": [15.00085, -8.29964, 11],
							"rotation": [0, 0, -22.5],
							"uv": {
								"north": {"uv": [10.5, 2.875], "uv_size": [0.125, 0.25]},
								"east": {"uv": [5.375, 10.375], "uv_size": [0.125, 0.25]},
								"south": {"uv": [3, 10.5], "uv_size": [0.125, 0.25]},
								"west": {"uv": [5.5, 10.375], "uv_size": [0.125, 0.25]},
								"up": {"uv": [10.625, 0.375], "uv_size": [0.125, 0.125]},
								"down": {"uv": [0.5, 10.75], "uv_size": [0.125, -0.125]}
							}
						}
					]
				}
			]
		}
	]
}