{
	"format_version": "1.12.0",
	"minecraft:geometry": [
		{
			"description": {
				"identifier": "geometry.heatblast_fp",
				"texture_width": 16,
				"texture_height": 16,
				"visible_bounds_width": 4,
				"visible_bounds_height": 4.5,
				"visible_bounds_offset": [0, 0.75, 0]
			},
			"bones": [
				{
					"name": "fp",
					"pivot": [10, 18, 5],
					"rotation": [77.5, 7.5, 150]
				},
				{
					"name": "arms_fp",
					"parent": "fp",
					"pivot": [28.88989, 21.69447, 14.51436]
				},
				{
					"name": "rightarm_fp",
					"parent": "arms_fp",
					"pivot": [9, 20, 8],
					"rotation": [-34.1773, -56.01061, 22.9378],
					"cubes": [
						{
							"origin": [5.60467, 20.12948, 6.112],
							"size": [2.6845, 2.006, 3.481],
							"pivot": [17.64067, 1.60348, 8],
							"rotation": [0, 0, 2.5],
							"uv": {
								"north": {"uv": [4, 10], "uv_size": [-2, 2]},
								"east": {"uv": [4, 10], "uv_size": [-2, 2]},
								"south": {"uv": [4, 10], "uv_size": [-2, 2]},
								"west": {"uv": [4, 10], "uv_size": [-2, 2]},
								"up": {"uv": [2, 12], "uv_size": [2, -2]},
								"down": {"uv": [2, 12], "uv_size": [2, -2]}
							}
						},
						{
							"origin": [5.60467, 18.65448, 6.112],
							"size": [1.357, 3.481, 3.481],
							"pivot": [17.64067, 1.60348, 8],
							"rotation": [0, 0, 2.5],
							"uv": {
								"north": {"uv": [4, 10], "uv_size": [-2, 2]},
								"east": {"uv": [4, 10], "uv_size": [-2, 2]},
								"south": {"uv": [4, 10], "uv_size": [-2, 2]},
								"west": {"uv": [4, 10], "uv_size": [-2, 2]},
								"up": {"uv": [2, 12], "uv_size": [2, -2]},
								"down": {"uv": [2, 12], "uv_size": [2, -2]}
							}
						},
						{
							"origin": [29.32267, 18.00548, 6.112],
							"size": [2.6845, 1.18, 3.481],
							"pivot": [17.64067, 1.60348, 8],
							"rotation": [0, 0, -65],
							"uv": {
								"north": {"uv": [4, 10], "uv_size": [-2, 2]},
								"east": {"uv": [4, 10], "uv_size": [-2, 2]},
								"south": {"uv": [4, 10], "uv_size": [-2, 2]},
								"west": {"uv": [4, 10], "uv_size": [-2, 2]},
								"up": {"uv": [2, 12], "uv_size": [2, -2]},
								"down": {"uv": [2, 12], "uv_size": [2, -2]}
							}
						},
						{
							"origin": [5.5365, 11.281, 6.466],
							"size": [2.537, 8.26, 2.773],
							"pivot": [13.531, -3.41, 8],
							"rotation": [0, 0, 2.5],
							"uv": {
								"north": {"uv": [14, 9], "uv_size": [-2, 2]},
								"east": {"uv": [14, 9], "uv_size": [-2, 2]},
								"south": {"uv": [14, 9], "uv_size": [-2, 2]},
								"west": {"uv": [14, 9], "uv_size": [-2, 2]},
								"up": {"uv": [12, 11], "uv_size": [2, -2]},
								"down": {"uv": [12, 11], "uv_size": [2, -2]}
							}
						},
						{
							"origin": [5.448, 18.951, 6.23],
							"size": [2.714, 3.245, 3.245],
							"pivot": [13.531, -3.41, 8],
							"rotation": [0, 0, 2.5],
							"uv": {
								"north": {"uv": [4, 10], "uv_size": [-2, 2]},
								"east": {"uv": [4, 10], "uv_size": [-2, 2]},
								"south": {"uv": [4, 10], "uv_size": [-2, 2]},
								"west": {"uv": [4, 10], "uv_size": [-2, 2]},
								"up": {"uv": [2, 12], "uv_size": [2, -2]},
								"down": {"uv": [2, 12], "uv_size": [2, -2]}
							}
						},
						{
							"origin": [6.90267, 13.22648, 6.348],
							"size": [1.593, 3.481, 3.009],
							"pivot": [17.64067, 1.60348, 8],
							"rotation": [0, 0, 2.5],
							"uv": {
								"north": {"uv": [4, 10], "uv_size": [-2, 2]},
								"east": {"uv": [4, 10], "uv_size": [-2, 2]},
								"south": {"uv": [4, 10], "uv_size": [-2, 2]},
								"west": {"uv": [4, 10], "uv_size": [-2, 2]},
								"up": {"uv": [2, 12], "uv_size": [2, -2]},
								"down": {"uv": [2, 12], "uv_size": [2, -2]}
							}
						},
						{
							"origin": [5.66367, 13.75748, 6.348],
							"size": [1.475, 2.537, 3.009],
							"pivot": [17.64067, 1.60348, 8],
							"rotation": [0, 0, 2.5],
							"uv": {
								"north": {"uv": [4, 10], "uv_size": [-2, 2]},
								"east": {"uv": [4, 10], "uv_size": [-2, 2]},
								"south": {"uv": [4, 10], "uv_size": [-2, 2]},
								"west": {"uv": [4, 10], "uv_size": [-2, 2]},
								"up": {"uv": [2, 12], "uv_size": [2, -2]},
								"down": {"uv": [2, 12], "uv_size": [2, -2]}
							}
						}
					]
				},
				{
					"name": "rightarm_p3",
					"parent": "rightarm_fp",
					"pivot": [8, 13, 8],
					"cubes": [
						{
							"origin": [6.00025, 5.70818, 6.23],
							"size": [3.009, 7.08, 3.245],
							"uv": {
								"north": {"uv": [14, 9], "uv_size": [-2, 2]},
								"east": {"uv": [14, 9], "uv_size": [-2, 2]},
								"south": {"uv": [14, 9], "uv_size": [-2, 2]},
								"west": {"uv": [14, 9], "uv_size": [-2, 2]},
								"up": {"uv": [12, 11], "uv_size": [2, -2]},
								"down": {"uv": [12, 11], "uv_size": [2, -2]}
							}
						},
						{
							"origin": [5.84067, 7.44448, 6.112],
							"size": [1.18, 4.307, 3.481],
							"uv": {
								"north": {"uv": [4, 10], "uv_size": [-2, 2]},
								"east": {"uv": [4, 10], "uv_size": [-2, 2]},
								"south": {"uv": [4, 10], "uv_size": [-2, 2]},
								"west": {"uv": [4, 10], "uv_size": [-2, 2]},
								"up": {"uv": [2, 12], "uv_size": [2, -2]},
								"down": {"uv": [2, 12], "uv_size": [2, -2]}
							}
						},
						{
							"origin": [7.49267, 8.27048, 6.112],
							"size": [1.593, 4.189, 3.481],
							"uv": {
								"north": {"uv": [4, 10], "uv_size": [-2, 2]},
								"east": {"uv": [4, 10], "uv_size": [-2, 2]},
								"south": {"uv": [4, 10], "uv_size": [-2, 2]},
								"west": {"uv": [4, 10], "uv_size": [-2, 2]},
								"up": {"uv": [2, 12], "uv_size": [2, -2]},
								"down": {"uv": [2, 12], "uv_size": [2, -2]}
							}
						},
						{
							"origin": [6.78467, 6.26448, 6.112],
							"size": [0.826, 0.767, 3.481],
							"uv": {
								"north": {"uv": [4, 10], "uv_size": [-2, 2]},
								"east": {"uv": [4, 10], "uv_size": [-2, 2]},
								"south": {"uv": [4, 10], "uv_size": [-2, 2]},
								"west": {"uv": [4, 10], "uv_size": [-2, 2]},
								"up": {"uv": [2, 12], "uv_size": [2, -2]},
								"down": {"uv": [2, 12], "uv_size": [2, -2]}
							}
						}
					]
				},
				{
					"name": "rightarm_fingers2",
					"parent": "rightarm_p3",
					"pivot": [7.33163, 5.90134, 8]
				},
				{
					"name": "rightarm_finger8",
					"parent": "rightarm_fingers2",
					"pivot": [8.5, 6.1, 6.8],
					"rotation": [0, 0, -7.5],
					"cubes": [
						{
							"origin": [3.80193, 1.8538, 6.23],
							"size": [1.062, 1.18, 0.885],
							"pivot": [10.23293, -5.7572, 8],
							"rotation": [0, 0, 22.5],
							"uv": {
								"north": {"uv": [14, 9], "uv_size": [-2, 2]},
								"east": {"uv": [14, 9], "uv_size": [-2, 2]},
								"south": {"uv": [14, 9], "uv_size": [-2, 2]},
								"west": {"uv": [14, 9], "uv_size": [-2, 2]},
								"up": {"uv": [12, 11], "uv_size": [2, -2]},
								"down": {"uv": [12, 11], "uv_size": [2, -2]}
							}
						},
						{
							"origin": [6.88204, 3.77459, 6.23],
							"size": [1.062, 1.652, 0.885],
							"pivot": [15.67304, -3.83641, 8],
							"rotation": [0, 0, 5],
							"uv": {
								"north": {"uv": [14, 9], "uv_size": [-2, 2]},
								"east": {"uv": [14, 9], "uv_size": [-2, 2]},
								"south": {"uv": [14, 9], "uv_size": [-2, 2]},
								"west": {"uv": [14, 9], "uv_size": [-2, 2]},
								"up": {"uv": [12, 11], "uv_size": [2, -2]},
								"down": {"uv": [12, 11], "uv_size": [2, -2]}
							}
						}
					]
				},
				{
					"name": "rightarm_finger7",
					"parent": "rightarm_fingers2",
					"pivot": [6.1, 5.9, 6.8],
					"cubes": [
						{
							"origin": [6.392, 4.27283, 6.23],
							"size": [1.062, 2.36, 0.885],
							"pivot": [13.84384, -2.15817, 8],
							"rotation": [0, 0, -2.5],
							"uv": {
								"north": {"uv": [14, 9], "uv_size": [-2, 2]},
								"east": {"uv": [14, 9], "uv_size": [-2, 2]},
								"south": {"uv": [14, 9], "uv_size": [-2, 2]},
								"west": {"uv": [14, 9], "uv_size": [-2, 2]},
								"up": {"uv": [12, 11], "uv_size": [2, -2]},
								"down": {"uv": [12, 11], "uv_size": [2, -2]}
							}
						},
						{
							"origin": [8.21033, 6.77837, 6.23],
							"size": [1.062, 1.77, 0.885],
							"pivot": [17.55422, 1.52737, 8],
							"rotation": [0, 0, -25],
							"uv": {
								"north": {"uv": [14, 9], "uv_size": [-2, 2]},
								"east": {"uv": [14, 9], "uv_size": [-2, 2]},
								"south": {"uv": [14, 9], "uv_size": [-2, 2]},
								"west": {"uv": [14, 9], "uv_size": [-2, 2]},
								"up": {"uv": [12, 11], "uv_size": [2, -2]},
								"down": {"uv": [12, 11], "uv_size": [2, -2]}
							}
						}
					]
				},
				{
					"name": "rightarm_finger6",
					"parent": "rightarm_fingers2",
					"pivot": [6.1, 5.9, 7.8],
					"cubes": [
						{
							"origin": [6.03543, 3.93149, 7.41],
							"size": [1.062, 2.36, 0.885],
							"pivot": [5.84384, 5.84183, 8.18],
							"rotation": [0, 0, -2.5],
							"uv": {
								"north": {"uv": [14, 9], "uv_size": [-2, 2]},
								"east": {"uv": [14, 9], "uv_size": [-2, 2]},
								"south": {"uv": [14, 9], "uv_size": [-2, 2]},
								"west": {"uv": [14, 9], "uv_size": [-2, 2]},
								"up": {"uv": [12, 11], "uv_size": [2, -2]},
								"down": {"uv": [12, 11], "uv_size": [2, -2]}
							}
						},
						{
							"origin": [7.81137, 6.45393, 7.41],
							"size": [1.062, 2.006, 0.885],
							"pivot": [17.15526, 2.38293, 9.18],
							"rotation": [0, 0, -25],
							"uv": {
								"north": {"uv": [14, 9], "uv_size": [-2, 2]},
								"east": {"uv": [14, 9], "uv_size": [-2, 2]},
								"south": {"uv": [14, 9], "uv_size": [-2, 2]},
								"west": {"uv": [14, 9], "uv_size": [-2, 2]},
								"up": {"uv": [12, 11], "uv_size": [2, -2]},
								"down": {"uv": [12, 11], "uv_size": [2, -2]}
							}
						}
					]
				},
				{
					"name": "rightarm_finger5",
					"parent": "rightarm_fingers2",
					"pivot": [6.1, 5.9, 8.8],
					"cubes": [
						{
							"origin": [6.392, 4.27283, 8.6],
							"size": [1.062, 2.36, 0.885],
							"pivot": [13.84384, -2.15817, 10],
							"rotation": [0, 0, -2.5],
							"uv": {
								"north": {"uv": [14, 9], "uv_size": [-2, 2]},
								"east": {"uv": [14, 9], "uv_size": [-2, 2]},
								"south": {"uv": [14, 9], "uv_size": [-2, 2]},
								"west": {"uv": [14, 9], "uv_size": [-2, 2]},
								"up": {"uv": [12, 11], "uv_size": [2, -2]},
								"down": {"uv": [12, 11], "uv_size": [2, -2]}
							}
						},
						{
							"origin": [8.21033, 6.77837, 8.6],
							"size": [1.062, 1.77, 0.885],
							"pivot": [17.55422, 1.52737, 10],
							"rotation": [0, 0, -25],
							"uv": {
								"north": {"uv": [14, 9], "uv_size": [-2, 2]},
								"east": {"uv": [14, 9], "uv_size": [-2, 2]},
								"south": {"uv": [14, 9], "uv_size": [-2, 2]},
								"west": {"uv": [14, 9], "uv_size": [-2, 2]},
								"up": {"uv": [12, 11], "uv_size": [2, -2]},
								"down": {"uv": [12, 11], "uv_size": [2, -2]}
							}
						}
					]
				}
			]
		}
	]
}