{
	"format_version": "1.12.0",
	"minecraft:geometry": [
		{
			"description": {
				"identifier": "geometry.heatblast",
				"texture_width": 16,
				"texture_height": 16,
				"visible_bounds_width": 4,
				"visible_bounds_height": 4.5,
				"visible_bounds_offset": [0, 0.75, 0]
			},
			"bones": [
				{
					"name": "fullbody",
					"pivot": [0, 14, 0]
				},
				{
					"name": "upperbody",
					"parent": "fullbody",
					"pivot": [0, 14, 0]
				},
				{
					"name": "hb_leftarm",
					"parent": "upperbody",
					"pivot": [4, 24, 0],
					"cubes": [
						{
							"origin": [4.71083, 24.12948, -1.888],
							"size": [2.6845, 2.006, 3.481],
							"pivot": [-4.64067, 5.60348, 0],
							"rotation": [0, 0, -2.5],
							"uv": {
								"north": {"uv": [2, 10], "uv_size": [2, 2]},
								"east": {"uv": [2, 10], "uv_size": [2, 2]},
								"south": {"uv": [2, 10], "uv_size": [2, 2]},
								"west": {"uv": [2, 10], "uv_size": [2, 2]},
								"up": {"uv": [4, 12], "uv_size": [-2, -2]},
								"down": {"uv": [4, 12], "uv_size": [-2, -2]}
							}
						},
						{
							"origin": [6.03833, 22.65448, -1.888],
							"size": [1.357, 3.481, 3.481],
							"pivot": [-4.64067, 5.60348, 0],
							"rotation": [0, 0, -2.5],
							"uv": {
								"north": {"uv": [2, 10], "uv_size": [2, 2]},
								"east": {"uv": [2, 10], "uv_size": [2, 2]},
								"south": {"uv": [2, 10], "uv_size": [2, 2]},
								"west": {"uv": [2, 10], "uv_size": [2, 2]},
								"up": {"uv": [4, 12], "uv_size": [-2, -2]},
								"down": {"uv": [4, 12], "uv_size": [-2, -2]}
							}
						},
						{
							"origin": [-19.00717, 22.00548, -1.888],
							"size": [2.6845, 1.18, 3.481],
							"pivot": [-4.64067, 5.60348, 0],
							"rotation": [0, 0, 65],
							"uv": {
								"north": {"uv": [2, 10], "uv_size": [2, 2]},
								"east": {"uv": [2, 10], "uv_size": [2, 2]},
								"south": {"uv": [2, 10], "uv_size": [2, 2]},
								"west": {"uv": [2, 10], "uv_size": [2, 2]},
								"up": {"uv": [4, 12], "uv_size": [-2, -2]},
								"down": {"uv": [4, 12], "uv_size": [-2, -2]}
							}
						},
						{
							"origin": [4.9265, 15.281, -1.534],
							"size": [2.537, 8.26, 2.773],
							"pivot": [-0.531, 0.59, 0],
							"rotation": [0, 0, -2.5],
							"uv": {
								"north": {"uv": [12, 9], "uv_size": [2, 2]},
								"east": {"uv": [12, 9], "uv_size": [2, 2]},
								"south": {"uv": [12, 9], "uv_size": [2, 2]},
								"west": {"uv": [12, 9], "uv_size": [2, 2]},
								"up": {"uv": [14, 11], "uv_size": [-2, -2]},
								"down": {"uv": [14, 11], "uv_size": [-2, -2]}
							}
						},
						{
							"origin": [4.838, 22.951, -1.77],
							"size": [2.714, 3.245, 3.245],
							"pivot": [-0.531, 0.59, 0],
							"rotation": [0, 0, -2.5],
							"uv": {
								"north": {"uv": [2, 10], "uv_size": [2, 2]},
								"east": {"uv": [2, 10], "uv_size": [2, 2]},
								"south": {"uv": [2, 10], "uv_size": [2, 2]},
								"west": {"uv": [2, 10], "uv_size": [2, 2]},
								"up": {"uv": [4, 12], "uv_size": [-2, -2]},
								"down": {"uv": [4, 12], "uv_size": [-2, -2]}
							}
						},
						{
							"origin": [4.50433, 17.22648, -1.652],
							"size": [1.593, 3.481, 3.009],
							"pivot": [-4.64067, 5.60348, 0],
							"rotation": [0, 0, -2.5],
							"uv": {
								"north": {"uv": [2, 10], "uv_size": [2, 2]},
								"east": {"uv": [2, 10], "uv_size": [2, 2]},
								"south": {"uv": [2, 10], "uv_size": [2, 2]},
								"west": {"uv": [2, 10], "uv_size": [2, 2]},
								"up": {"uv": [4, 12], "uv_size": [-2, -2]},
								"down": {"uv": [4, 12], "uv_size": [-2, -2]}
							}
						},
						{
							"origin": [5.86133, 17.75748, -1.652],
							"size": [1.475, 2.537, 3.009],
							"pivot": [-4.64067, 5.60348, 0],
							"rotation": [0, 0, -2.5],
							"uv": {
								"north": {"uv": [2, 10], "uv_size": [2, 2]},
								"east": {"uv": [2, 10], "uv_size": [2, 2]},
								"south": {"uv": [2, 10], "uv_size": [2, 2]},
								"west": {"uv": [2, 10], "uv_size": [2, 2]},
								"up": {"uv": [4, 12], "uv_size": [-2, -2]},
								"down": {"uv": [4, 12], "uv_size": [-2, -2]}
							}
						}
					]
				},
				{
					"name": "leftarm_p2",
					"parent": "hb_leftarm",
					"pivot": [5, 17, 0],
					"cubes": [
						{
							"origin": [3.99075, 9.70818, -1.77],
							"size": [3.009, 7.08, 3.245],
							"uv": {
								"north": {"uv": [12, 9], "uv_size": [2, 2]},
								"east": {"uv": [12, 9], "uv_size": [2, 2]},
								"south": {"uv": [12, 9], "uv_size": [2, 2]},
								"west": {"uv": [12, 9], "uv_size": [2, 2]},
								"up": {"uv": [14, 11], "uv_size": [-2, -2]},
								"down": {"uv": [14, 11], "uv_size": [-2, -2]}
							}
						},
						{
							"origin": [5.97933, 11.44448, -1.888],
							"size": [1.18, 4.307, 3.481],
							"uv": {
								"north": {"uv": [2, 10], "uv_size": [2, 2]},
								"east": {"uv": [2, 10], "uv_size": [2, 2]},
								"south": {"uv": [2, 10], "uv_size": [2, 2]},
								"west": {"uv": [2, 10], "uv_size": [2, 2]},
								"up": {"uv": [4, 12], "uv_size": [-2, -2]},
								"down": {"uv": [4, 12], "uv_size": [-2, -2]}
							}
						},
						{
							"origin": [3.91433, 12.27048, -1.888],
							"size": [1.593, 4.189, 3.481],
							"uv": {
								"north": {"uv": [2, 10], "uv_size": [2, 2]},
								"east": {"uv": [2, 10], "uv_size": [2, 2]},
								"south": {"uv": [2, 10], "uv_size": [2, 2]},
								"west": {"uv": [2, 10], "uv_size": [2, 2]},
								"up": {"uv": [4, 12], "uv_size": [-2, -2]},
								"down": {"uv": [4, 12], "uv_size": [-2, -2]}
							}
						},
						{
							"origin": [5.38933, 10.26448, -1.888],
							"size": [0.826, 0.767, 3.481],
							"uv": {
								"north": {"uv": [2, 10], "uv_size": [2, 2]},
								"east": {"uv": [2, 10], "uv_size": [2, 2]},
								"south": {"uv": [2, 10], "uv_size": [2, 2]},
								"west": {"uv": [2, 10], "uv_size": [2, 2]},
								"up": {"uv": [4, 12], "uv_size": [-2, -2]},
								"down": {"uv": [4, 12], "uv_size": [-2, -2]}
							}
						}
					]
				},
				{
					"name": "leftarm_fingers",
					"parent": "leftarm_p2",
					"pivot": [5.66837, 9.90134, 0]
				},
				{
					"name": "leftarm_finger1",
					"parent": "leftarm_fingers",
					"pivot": [4.5, 10.1, -1.2],
					"rotation": [0, 0, 7.5],
					"cubes": [
						{
							"origin": [8.13607, 5.8538, -1.77],
							"size": [1.062, 1.18, 0.885],
							"pivot": [2.76707, -1.7572, 0],
							"rotation": [0, 0, -22.5],
							"uv": {
								"north": {"uv": [12, 9], "uv_size": [2, 2]},
								"east": {"uv": [12, 9], "uv_size": [2, 2]},
								"south": {"uv": [12, 9], "uv_size": [2, 2]},
								"west": {"uv": [12, 9], "uv_size": [2, 2]},
								"up": {"uv": [14, 11], "uv_size": [-2, -2]},
								"down": {"uv": [14, 11], "uv_size": [-2, -2]}
							}
						},
						{
							"origin": [5.05596, 7.77459, -1.77],
							"size": [1.062, 1.652, 0.885],
							"pivot": [-2.67304, 0.16359, 0],
							"rotation": [0, 0, -5],
							"uv": {
								"north": {"uv": [12, 9], "uv_size": [2, 2]},
								"east": {"uv": [12, 9], "uv_size": [2, 2]},
								"south": {"uv": [12, 9], "uv_size": [2, 2]},
								"west": {"uv": [12, 9], "uv_size": [2, 2]},
								"up": {"uv": [14, 11], "uv_size": [-2, -2]},
								"down": {"uv": [14, 11], "uv_size": [-2, -2]}
							}
						}
					]
				},
				{
					"name": "leftarm_finger2",
					"parent": "leftarm_fingers",
					"pivot": [6.9, 9.9, -1.2],
					"cubes": [
						{
							"origin": [5.546, 8.27283, -1.77],
							"size": [1.062, 2.36, 0.885],
							"pivot": [-0.84384, 1.84183, 0],
							"rotation": [0, 0, 2.5],
							"uv": {
								"north": {"uv": [12, 9], "uv_size": [2, 2]},
								"east": {"uv": [12, 9], "uv_size": [2, 2]},
								"south": {"uv": [12, 9], "uv_size": [2, 2]},
								"west": {"uv": [12, 9], "uv_size": [2, 2]},
								"up": {"uv": [14, 11], "uv_size": [-2, -2]},
								"down": {"uv": [14, 11], "uv_size": [-2, -2]}
							}
						},
						{
							"origin": [3.72767, 10.77837, -1.77],
							"size": [1.062, 1.77, 0.885],
							"pivot": [-4.55422, 5.52737, 0],
							"rotation": [0, 0, 25],
							"uv": {
								"north": {"uv": [12, 9], "uv_size": [2, 2]},
								"east": {"uv": [12, 9], "uv_size": [2, 2]},
								"south": {"uv": [12, 9], "uv_size": [2, 2]},
								"west": {"uv": [12, 9], "uv_size": [2, 2]},
								"up": {"uv": [14, 11], "uv_size": [-2, -2]},
								"down": {"uv": [14, 11], "uv_size": [-2, -2]}
							}
						}
					]
				},
				{
					"name": "leftarm_finger3",
					"parent": "leftarm_fingers",
					"pivot": [6.9, 9.9, -0.2],
					"cubes": [
						{
							"origin": [5.90257, 7.93149, -0.59],
							"size": [1.062, 2.36, 0.885],
							"pivot": [7.15616, 9.84183, 0.18],
							"rotation": [0, 0, 2.5],
							"uv": {
								"north": {"uv": [12, 9], "uv_size": [2, 2]},
								"east": {"uv": [12, 9], "uv_size": [2, 2]},
								"south": {"uv": [12, 9], "uv_size": [2, 2]},
								"west": {"uv": [12, 9], "uv_size": [2, 2]},
								"up": {"uv": [14, 11], "uv_size": [-2, -2]},
								"down": {"uv": [14, 11], "uv_size": [-2, -2]}
							}
						},
						{
							"origin": [4.12663, 10.45393, -0.59],
							"size": [1.062, 2.006, 0.885],
							"pivot": [-4.15526, 6.38293, 1.18],
							"rotation": [0, 0, 25],
							"uv": {
								"north": {"uv": [12, 9], "uv_size": [2, 2]},
								"east": {"uv": [12, 9], "uv_size": [2, 2]},
								"south": {"uv": [12, 9], "uv_size": [2, 2]},
								"west": {"uv": [12, 9], "uv_size": [2, 2]},
								"up": {"uv": [14, 11], "uv_size": [-2, -2]},
								"down": {"uv": [14, 11], "uv_size": [-2, -2]}
							}
						}
					]
				},
				{
					"name": "leftarm_finger4",
					"parent": "leftarm_fingers",
					"pivot": [6.9, 9.9, 0.8],
					"cubes": [
						{
							"origin": [5.546, 8.27283, 0.6],
							"size": [1.062, 2.36, 0.885],
							"pivot": [-0.84384, 1.84183, 2],
							"rotation": [0, 0, 2.5],
							"uv": {
								"north": {"uv": [12, 9], "uv_size": [2, 2]},
								"east": {"uv": [12, 9], "uv_size": [2, 2]},
								"south": {"uv": [12, 9], "uv_size": [2, 2]},
								"west": {"uv": [12, 9], "uv_size": [2, 2]},
								"up": {"uv": [14, 11], "uv_size": [-2, -2]},
								"down": {"uv": [14, 11], "uv_size": [-2, -2]}
							}
						},
						{
							"origin": [3.72767, 10.77837, 0.6],
							"size": [1.062, 1.77, 0.885],
							"pivot": [-4.55422, 5.52737, 2],
							"rotation": [0, 0, 25],
							"uv": {
								"north": {"uv": [12, 9], "uv_size": [2, 2]},
								"east": {"uv": [12, 9], "uv_size": [2, 2]},
								"south": {"uv": [12, 9], "uv_size": [2, 2]},
								"west": {"uv": [12, 9], "uv_size": [2, 2]},
								"up": {"uv": [14, 11], "uv_size": [-2, -2]},
								"down": {"uv": [14, 11], "uv_size": [-2, -2]}
							}
						}
					]
				},
				{
					"name": "hb_rightarm",
					"parent": "upperbody",
					"pivot": [-4, 24, 0],
					"cubes": [
						{
							"origin": [-7.39533, 24.12948, -1.888],
							"size": [2.6845, 2.006, 3.481],
							"pivot": [4.64067, 5.60348, 0],
							"rotation": [0, 0, 2.5],
							"uv": {
								"north": {"uv": [4, 10], "uv_size": [-2, 2]},
								"east": {"uv": [4, 10], "uv_size": [-2, 2]},
								"south": {"uv": [4, 10], "uv_size": [-2, 2]},
								"west": {"uv": [4, 10], "uv_size": [-2, 2]},
								"up": {"uv": [2, 12], "uv_size": [2, -2]},
								"down": {"uv": [2, 12], "uv_size": [2, -2]}
							}
						},
						{
							"origin": [-7.39533, 22.65448, -1.888],
							"size": [1.357, 3.481, 3.481],
							"pivot": [4.64067, 5.60348, 0],
							"rotation": [0, 0, 2.5],
							"uv": {
								"north": {"uv": [4, 10], "uv_size": [-2, 2]},
								"east": {"uv": [4, 10], "uv_size": [-2, 2]},
								"south": {"uv": [4, 10], "uv_size": [-2, 2]},
								"west": {"uv": [4, 10], "uv_size": [-2, 2]},
								"up": {"uv": [2, 12], "uv_size": [2, -2]},
								"down": {"uv": [2, 12], "uv_size": [2, -2]}
							}
						},
						{
							"origin": [16.32267, 22.00548, -1.888],
							"size": [2.6845, 1.18, 3.481],
							"pivot": [4.64067, 5.60348, 0],
							"rotation": [0, 0, -65],
							"uv": {
								"north": {"uv": [4, 10], "uv_size": [-2, 2]},
								"east": {"uv": [4, 10], "uv_size": [-2, 2]},
								"south": {"uv": [4, 10], "uv_size": [-2, 2]},
								"west": {"uv": [4, 10], "uv_size": [-2, 2]},
								"up": {"uv": [2, 12], "uv_size": [2, -2]},
								"down": {"uv": [2, 12], "uv_size": [2, -2]}
							}
						},
						{
							"origin": [-7.4635, 15.281, -1.534],
							"size": [2.537, 8.26, 2.773],
							"pivot": [0.531, 0.59, 0],
							"rotation": [0, 0, 2.5],
							"uv": {
								"north": {"uv": [14, 9], "uv_size": [-2, 2]},
								"east": {"uv": [14, 9], "uv_size": [-2, 2]},
								"south": {"uv": [14, 9], "uv_size": [-2, 2]},
								"west": {"uv": [14, 9], "uv_size": [-2, 2]},
								"up": {"uv": [12, 11], "uv_size": [2, -2]},
								"down": {"uv": [12, 11], "uv_size": [2, -2]}
							}
						},
						{
							"origin": [-7.552, 22.951, -1.77],
							"size": [2.714, 3.245, 3.245],
							"pivot": [0.531, 0.59, 0],
							"rotation": [0, 0, 2.5],
							"uv": {
								"north": {"uv": [4, 10], "uv_size": [-2, 2]},
								"east": {"uv": [4, 10], "uv_size": [-2, 2]},
								"south": {"uv": [4, 10], "uv_size": [-2, 2]},
								"west": {"uv": [4, 10], "uv_size": [-2, 2]},
								"up": {"uv": [2, 12], "uv_size": [2, -2]},
								"down": {"uv": [2, 12], "uv_size": [2, -2]}
							}
						},
						{
							"origin": [-6.09733, 17.22648, -1.652],
							"size": [1.593, 3.481, 3.009],
							"pivot": [4.64067, 5.60348, 0],
							"rotation": [0, 0, 2.5],
							"uv": {
								"north": {"uv": [4, 10], "uv_size": [-2, 2]},
								"east": {"uv": [4, 10], "uv_size": [-2, 2]},
								"south": {"uv": [4, 10], "uv_size": [-2, 2]},
								"west": {"uv": [4, 10], "uv_size": [-2, 2]},
								"up": {"uv": [2, 12], "uv_size": [2, -2]},
								"down": {"uv": [2, 12], "uv_size": [2, -2]}
							}
						},
						{
							"origin": [-7.33633, 17.75748, -1.652],
							"size": [1.475, 2.537, 3.009],
							"pivot": [4.64067, 5.60348, 0],
							"rotation": [0, 0, 2.5],
							"uv": {
								"north": {"uv": [4, 10], "uv_size": [-2, 2]},
								"east": {"uv": [4, 10], "uv_size": [-2, 2]},
								"south": {"uv": [4, 10], "uv_size": [-2, 2]},
								"west": {"uv": [4, 10], "uv_size": [-2, 2]},
								"up": {"uv": [2, 12], "uv_size": [2, -2]},
								"down": {"uv": [2, 12], "uv_size": [2, -2]}
							}
						}
					]
				},
				{
					"name": "rightarm_p2",
					"parent": "hb_rightarm",
					"pivot": [-5, 17, 0],
					"cubes": [
						{
							"origin": [-6.99975, 9.70818, -1.77],
							"size": [3.009, 7.08, 3.245],
							"uv": {
								"north": {"uv": [14, 9], "uv_size": [-2, 2]},
								"east": {"uv": [14, 9], "uv_size": [-2, 2]},
								"south": {"uv": [14, 9], "uv_size": [-2, 2]},
								"west": {"uv": [14, 9], "uv_size": [-2, 2]},
								"up": {"uv": [12, 11], "uv_size": [2, -2]},
								"down": {"uv": [12, 11], "uv_size": [2, -2]}
							}
						},
						{
							"origin": [-7.15933, 11.44448, -1.888],
							"size": [1.18, 4.307, 3.481],
							"uv": {
								"north": {"uv": [4, 10], "uv_size": [-2, 2]},
								"east": {"uv": [4, 10], "uv_size": [-2, 2]},
								"south": {"uv": [4, 10], "uv_size": [-2, 2]},
								"west": {"uv": [4, 10], "uv_size": [-2, 2]},
								"up": {"uv": [2, 12], "uv_size": [2, -2]},
								"down": {"uv": [2, 12], "uv_size": [2, -2]}
							}
						},
						{
							"origin": [-5.50733, 12.27048, -1.888],
							"size": [1.593, 4.189, 3.481],
							"uv": {
								"north": {"uv": [4, 10], "uv_size": [-2, 2]},
								"east": {"uv": [4, 10], "uv_size": [-2, 2]},
								"south": {"uv": [4, 10], "uv_size": [-2, 2]},
								"west": {"uv": [4, 10], "uv_size": [-2, 2]},
								"up": {"uv": [2, 12], "uv_size": [2, -2]},
								"down": {"uv": [2, 12], "uv_size": [2, -2]}
							}
						},
						{
							"origin": [-6.21533, 10.26448, -1.888],
							"size": [0.826, 0.767, 3.481],
							"uv": {
								"north": {"uv": [4, 10], "uv_size": [-2, 2]},
								"east": {"uv": [4, 10], "uv_size": [-2, 2]},
								"south": {"uv": [4, 10], "uv_size": [-2, 2]},
								"west": {"uv": [4, 10], "uv_size": [-2, 2]},
								"up": {"uv": [2, 12], "uv_size": [2, -2]},
								"down": {"uv": [2, 12], "uv_size": [2, -2]}
							}
						}
					]
				},
				{
					"name": "rightarm_fingers",
					"parent": "rightarm_p2",
					"pivot": [-5.66837, 9.90134, 0]
				},
				{
					"name": "rightarm_finger1",
					"parent": "rightarm_fingers",
					"pivot": [-4.5, 10.1, -1.2],
					"rotation": [0, 0, -7.5],
					"cubes": [
						{
							"origin": [-9.19807, 5.8538, -1.77],
							"size": [1.062, 1.18, 0.885],
							"pivot": [-2.76707, -1.7572, 0],
							"rotation": [0, 0, 22.5],
							"uv": {
								"north": {"uv": [14, 9], "uv_size": [-2, 2]},
								"east": {"uv": [14, 9], "uv_size": [-2, 2]},
								"south": {"uv": [14, 9], "uv_size": [-2, 2]},
								"west": {"uv": [14, 9], "uv_size": [-2, 2]},
								"up": {"uv": [12, 11], "uv_size": [2, -2]},
								"down": {"uv": [12, 11], "uv_size": [2, -2]}
							}
						},
						{
							"origin": [-6.11796, 7.77459, -1.77],
							"size": [1.062, 1.652, 0.885],
							"pivot": [2.67304, 0.16359, 0],
							"rotation": [0, 0, 5],
							"uv": {
								"north": {"uv": [14, 9], "uv_size": [-2, 2]},
								"east": {"uv": [14, 9], "uv_size": [-2, 2]},
								"south": {"uv": [14, 9], "uv_size": [-2, 2]},
								"west": {"uv": [14, 9], "uv_size": [-2, 2]},
								"up": {"uv": [12, 11], "uv_size": [2, -2]},
								"down": {"uv": [12, 11], "uv_size": [2, -2]}
							}
						}
					]
				},
				{
					"name": "rightarm_finger2",
					"parent": "rightarm_fingers",
					"pivot": [-6.9, 9.9, -1.2],
					"cubes": [
						{
							"origin": [-6.608, 8.27283, -1.77],
							"size": [1.062, 2.36, 0.885],
							"pivot": [0.84384, 1.84183, 0],
							"rotation": [0, 0, -2.5],
							"uv": {
								"north": {"uv": [14, 9], "uv_size": [-2, 2]},
								"east": {"uv": [14, 9], "uv_size": [-2, 2]},
								"south": {"uv": [14, 9], "uv_size": [-2, 2]},
								"west": {"uv": [14, 9], "uv_size": [-2, 2]},
								"up": {"uv": [12, 11], "uv_size": [2, -2]},
								"down": {"uv": [12, 11], "uv_size": [2, -2]}
							}
						},
						{
							"origin": [-4.78967, 10.77837, -1.77],
							"size": [1.062, 1.77, 0.885],
							"pivot": [4.55422, 5.52737, 0],
							"rotation": [0, 0, -25],
							"uv": {
								"north": {"uv": [14, 9], "uv_size": [-2, 2]},
								"east": {"uv": [14, 9], "uv_size": [-2, 2]},
								"south": {"uv": [14, 9], "uv_size": [-2, 2]},
								"west": {"uv": [14, 9], "uv_size": [-2, 2]},
								"up": {"uv": [12, 11], "uv_size": [2, -2]},
								"down": {"uv": [12, 11], "uv_size": [2, -2]}
							}
						}
					]
				},
				{
					"name": "rightarm_finger3",
					"parent": "rightarm_fingers",
					"pivot": [-6.9, 9.9, -0.2],
					"cubes": [
						{
							"origin": [-6.96457, 7.93149, -0.59],
							"size": [1.062, 2.36, 0.885],
							"pivot": [-7.15616, 9.84183, 0.18],
							"rotation": [0, 0, -2.5],
							"uv": {
								"north": {"uv": [14, 9], "uv_size": [-2, 2]},
								"east": {"uv": [14, 9], "uv_size": [-2, 2]},
								"south": {"uv": [14, 9], "uv_size": [-2, 2]},
								"west": {"uv": [14, 9], "uv_size": [-2, 2]},
								"up": {"uv": [12, 11], "uv_size": [2, -2]},
								"down": {"uv": [12, 11], "uv_size": [2, -2]}
							}
						},
						{
							"origin": [-5.18863, 10.45393, -0.59],
							"size": [1.062, 2.006, 0.885],
							"pivot": [4.15526, 6.38293, 1.18],
							"rotation": [0, 0, -25],
							"uv": {
								"north": {"uv": [14, 9], "uv_size": [-2, 2]},
								"east": {"uv": [14, 9], "uv_size": [-2, 2]},
								"south": {"uv": [14, 9], "uv_size": [-2, 2]},
								"west": {"uv": [14, 9], "uv_size": [-2, 2]},
								"up": {"uv": [12, 11], "uv_size": [2, -2]},
								"down": {"uv": [12, 11], "uv_size": [2, -2]}
							}
						}
					]
				},
				{
					"name": "rightarm_finger4",
					"parent": "rightarm_fingers",
					"pivot": [-6.9, 9.9, 0.8],
					"cubes": [
						{
							"origin": [-6.608, 8.27283, 0.6],
							"size": [1.062, 2.36, 0.885],
							"pivot": [0.84384, 1.84183, 2],
							"rotation": [0, 0, -2.5],
							"uv": {
								"north": {"uv": [14, 9], "uv_size": [-2, 2]},
								"east": {"uv": [14, 9], "uv_size": [-2, 2]},
								"south": {"uv": [14, 9], "uv_size": [-2, 2]},
								"west": {"uv": [14, 9], "uv_size": [-2, 2]},
								"up": {"uv": [12, 11], "uv_size": [2, -2]},
								"down": {"uv": [12, 11], "uv_size": [2, -2]}
							}
						},
						{
							"origin": [-4.78967, 10.77837, 0.6],
							"size": [1.062, 1.77, 0.885],
							"pivot": [4.55422, 5.52737, 2],
							"rotation": [0, 0, -25],
							"uv": {
								"north": {"uv": [14, 9], "uv_size": [-2, 2]},
								"east": {"uv": [14, 9], "uv_size": [-2, 2]},
								"south": {"uv": [14, 9], "uv_size": [-2, 2]},
								"west": {"uv": [14, 9], "uv_size": [-2, 2]},
								"up": {"uv": [12, 11], "uv_size": [2, -2]},
								"down": {"uv": [12, 11], "uv_size": [2, -2]}
							}
						}
					]
				},
				{
					"name": "hb_body",
					"parent": "upperbody",
					"pivot": [0, 14, 0],
					"cubes": [
						{
							"origin": [-3.422, 13.452, -1.888],
							"size": [6.785, 8.26, 3.481],
							"uv": {
								"north": {"uv": [11, 9], "uv_size": [3, 2]},
								"east": {"uv": [11, 9], "uv_size": [3, 2]},
								"south": {"uv": [11, 9], "uv_size": [3, 2]},
								"west": {"uv": [11, 9], "uv_size": [3, 2]},
								"up": {"uv": [14, 11], "uv_size": [-3, -2]},
								"down": {"uv": [14, 11], "uv_size": [-3, -2]}
							}
						},
						{
							"origin": [-1.888, 21.594, -2.1535],
							"size": [3.658, 4.484, 0],
							"uv": {
								"north": {"uv": [5.59652, 9.7881], "uv_size": [4.45864, 5.19013]},
								"east": {"uv": [11, 9], "uv_size": [3, 2]},
								"south": {"uv": [12, 2], "uv_size": [3, 2]},
								"west": {"uv": [11, 9], "uv_size": [3, 2]},
								"up": {"uv": [14, 11], "uv_size": [-3, -2]},
								"down": {"uv": [14, 11], "uv_size": [-3, -2]}
							}
						},
						{
							"origin": [-1.34101, 22.82229, -1.888],
							"size": [4.071, 1.711, 3.481],
							"pivot": [-1.16401, 11.14029, 0],
							"rotation": [0, 0, 5],
							"uv": {
								"north": {"uv": [11, 9], "uv_size": [3, 2]},
								"east": {"uv": [11, 9], "uv_size": [3, 2]},
								"south": {"uv": [11, 9], "uv_size": [3, 2]},
								"west": {"uv": [11, 9], "uv_size": [3, 2]},
								"up": {"uv": [14, 11], "uv_size": [-3, -2]},
								"down": {"uv": [14, 11], "uv_size": [-3, -2]}
							}
						},
						{
							"origin": [-2.78899, 22.82229, -1.888],
							"size": [4.071, 1.711, 3.481],
							"pivot": [1.10501, 11.14029, 0],
							"rotation": [0, 0, -5],
							"uv": {
								"north": {"uv": [11, 9], "uv_size": [3, 2]},
								"east": {"uv": [11, 9], "uv_size": [3, 2]},
								"south": {"uv": [11, 9], "uv_size": [3, 2]},
								"west": {"uv": [11, 9], "uv_size": [3, 2]},
								"up": {"uv": [14, 11], "uv_size": [-3, -2]},
								"down": {"uv": [14, 11], "uv_size": [-3, -2]}
							}
						},
						{
							"origin": [-0.27705, 24.14293, -1.888],
							"size": [4.1595, 2.301, 3.481],
							"uv": {
								"north": {"uv": [11, 9], "uv_size": [3, 2]},
								"east": {"uv": [11, 9], "uv_size": [3, 2]},
								"south": {"uv": [11, 9], "uv_size": [3, 2]},
								"west": {"uv": [11, 9], "uv_size": [3, 2]},
								"up": {"uv": [14, 11], "uv_size": [-3, -2]},
								"down": {"uv": [14, 11], "uv_size": [-3, -2]}
							}
						},
						{
							"origin": [-1.99188, 26.41778, -1.888],
							"size": [4.1595, 0.649, 3.481],
							"pivot": [-1.72638, 13.67378, 0],
							"rotation": [0, 0, 7.5],
							"uv": {
								"north": {"uv": [11, 9], "uv_size": [3, 2]},
								"east": {"uv": [11, 9], "uv_size": [3, 2]},
								"south": {"uv": [11, 9], "uv_size": [3, 2]},
								"west": {"uv": [11, 9], "uv_size": [3, 2]},
								"up": {"uv": [14, 11], "uv_size": [-3, -2]},
								"down": {"uv": [14, 11], "uv_size": [-3, -2]}
							}
						},
						{
							"origin": [-2.22662, 26.41778, -1.888],
							"size": [3.8645, 0.649, 3.481],
							"pivot": [1.37238, 13.67378, 0],
							"rotation": [0, 0, -7.5],
							"uv": {
								"north": {"uv": [11, 9], "uv_size": [3, 2]},
								"east": {"uv": [11, 9], "uv_size": [3, 2]},
								"south": {"uv": [11, 9], "uv_size": [3, 2]},
								"west": {"uv": [11, 9], "uv_size": [3, 2]},
								"up": {"uv": [14, 11], "uv_size": [-3, -2]},
								"down": {"uv": [14, 11], "uv_size": [-3, -2]}
							}
						},
						{
							"origin": [-3.94145, 24.14293, -1.888],
							"size": [4.1595, 2.301, 3.481],
							"uv": {
								"north": {"uv": [11, 9], "uv_size": [3, 2]},
								"east": {"uv": [11, 9], "uv_size": [3, 2]},
								"south": {"uv": [11, 9], "uv_size": [3, 2]},
								"west": {"uv": [11, 9], "uv_size": [3, 2]},
								"up": {"uv": [14, 11], "uv_size": [-3, -2]},
								"down": {"uv": [14, 11], "uv_size": [-3, -2]}
							}
						},
						{
							"origin": [-3.11465, 21.88773, -1.888],
							"size": [4.0415, 1.711, 3.481],
							"pivot": [-2.96715, 10.20573, 0],
							"rotation": [0, 0, 12.5],
							"uv": {
								"north": {"uv": [11, 9], "uv_size": [3, 2]},
								"east": {"uv": [11, 9], "uv_size": [3, 2]},
								"south": {"uv": [11, 9], "uv_size": [3, 2]},
								"west": {"uv": [11, 9], "uv_size": [3, 2]},
								"up": {"uv": [14, 11], "uv_size": [-3, -2]},
								"down": {"uv": [14, 11], "uv_size": [-3, -2]}
							}
						},
						{
							"origin": [-0.98585, 21.88773, -1.888],
							"size": [4.0415, 1.711, 3.481],
							"pivot": [2.90815, 10.20573, 0],
							"rotation": [0, 0, -12.5],
							"uv": {
								"north": {"uv": [11, 9], "uv_size": [3, 2]},
								"east": {"uv": [11, 9], "uv_size": [3, 2]},
								"south": {"uv": [11, 9], "uv_size": [3, 2]},
								"west": {"uv": [11, 9], "uv_size": [3, 2]},
								"up": {"uv": [14, 11], "uv_size": [-3, -2]},
								"down": {"uv": [14, 11], "uv_size": [-3, -2]}
							}
						},
						{
							"origin": [0.15459, 15.06767, -2.006],
							"size": [1.239, 2.36, 3.717],
							"pivot": [3.57659, 6.45367, 0],
							"rotation": [0, 0, -20],
							"uv": {
								"north": {"uv": [1, 10], "uv_size": [3, 2]},
								"east": {"uv": [1, 10], "uv_size": [3, 2]},
								"south": {"uv": [1, 10], "uv_size": [3, 2]},
								"west": {"uv": [1, 10], "uv_size": [3, 2]},
								"up": {"uv": [4, 12], "uv_size": [-3, -2]},
								"down": {"uv": [4, 12], "uv_size": [-3, -2]}
							}
						},
						{
							"origin": [-4.17875, 13.62812, -2.006],
							"size": [1.298, 2.3305, 3.717],
							"pivot": [0.18725, 0.17612, 0],
							"rotation": [0, 0, 2.5],
							"uv": {
								"north": {"uv": [1, 10], "uv_size": [3, 2]},
								"east": {"uv": [1, 10], "uv_size": [3, 2]},
								"south": {"uv": [1, 10], "uv_size": [3, 2]},
								"west": {"uv": [1, 10], "uv_size": [3, 2]},
								"up": {"uv": [4, 12], "uv_size": [-3, -2]},
								"down": {"uv": [4, 12], "uv_size": [-3, -2]}
							}
						},
						{
							"origin": [-2.22167, 15.39748, -2.006],
							"size": [1.947, 1.534, 3.717],
							"pivot": [-4.64067, 5.60348, 0],
							"rotation": [0, 0, 20],
							"uv": {
								"north": {"uv": [1, 10], "uv_size": [3, 2]},
								"east": {"uv": [1, 10], "uv_size": [3, 2]},
								"south": {"uv": [1, 10], "uv_size": [3, 2]},
								"west": {"uv": [1, 10], "uv_size": [3, 2]},
								"up": {"uv": [4, 12], "uv_size": [-3, -2]},
								"down": {"uv": [4, 12], "uv_size": [-3, -2]}
							}
						},
						{
							"origin": [1.55433, 13.74548, -2.006],
							"size": [1.947, 1.652, 3.717],
							"uv": {
								"north": {"uv": [1, 10], "uv_size": [3, 2]},
								"east": {"uv": [1, 10], "uv_size": [3, 2]},
								"south": {"uv": [1, 10], "uv_size": [3, 2]},
								"west": {"uv": [1, 10], "uv_size": [3, 2]},
								"up": {"uv": [4, 12], "uv_size": [-3, -2]},
								"down": {"uv": [4, 12], "uv_size": [-3, -2]}
							}
						},
						{
							"origin": [1.08233, 16.34148, -2.006],
							"size": [2.419, 2.006, 3.717],
							"uv": {
								"north": {"uv": [1, 10], "uv_size": [3, 2]},
								"east": {"uv": [1, 10], "uv_size": [3, 2]},
								"south": {"uv": [1, 10], "uv_size": [3, 2]},
								"west": {"uv": [1, 10], "uv_size": [3, 2]},
								"up": {"uv": [4, 12], "uv_size": [-3, -2]},
								"down": {"uv": [4, 12], "uv_size": [-3, -2]}
							}
						},
						{
							"origin": [1.79033, 18.81948, -2.006],
							"size": [1.711, 2.006, 3.717],
							"uv": {
								"north": {"uv": [1, 10], "uv_size": [3, 2]},
								"east": {"uv": [1, 10], "uv_size": [3, 2]},
								"south": {"uv": [1, 10], "uv_size": [3, 2]},
								"west": {"uv": [1, 10], "uv_size": [3, 2]},
								"up": {"uv": [4, 12], "uv_size": [-3, -2]},
								"down": {"uv": [4, 12], "uv_size": [-3, -2]}
							}
						},
						{
							"origin": [0.68093, 19.70484, -2.006],
							"size": [1.711, 2.006, 3.717],
							"uv": {
								"north": {"uv": [1, 10], "uv_size": [3, 2]},
								"east": {"uv": [1, 10], "uv_size": [3, 2]},
								"south": {"uv": [1, 10], "uv_size": [3, 2]},
								"west": {"uv": [1, 10], "uv_size": [3, 2]},
								"up": {"uv": [4, 12], "uv_size": [-3, -2]},
								"down": {"uv": [4, 12], "uv_size": [-3, -2]}
							}
						},
						{
							"origin": [11.18293, 11.91684, -2.006],
							"size": [1.475, 0.5015, 3.717],
							"pivot": [-4.68807, 5.54484, 0],
							"rotation": [0, 0, -45],
							"uv": {
								"north": {"uv": [1, 10], "uv_size": [3, 2]},
								"east": {"uv": [1, 10], "uv_size": [3, 2]},
								"south": {"uv": [1, 10], "uv_size": [3, 2]},
								"west": {"uv": [1, 10], "uv_size": [3, 2]},
								"up": {"uv": [4, 12], "uv_size": [-3, -2]},
								"down": {"uv": [4, 12], "uv_size": [-3, -2]}
							}
						},
						{
							"origin": [-1.32507, 21.82884, -2.006],
							"size": [1.357, 2.006, 3.717],
							"pivot": [-4.68807, 5.54484, 0],
							"rotation": [0, 0, 12.5],
							"uv": {
								"north": {"uv": [1, 10], "uv_size": [3, 2]},
								"east": {"uv": [1, 10], "uv_size": [3, 2]},
								"south": {"uv": [1, 10], "uv_size": [3, 2]},
								"west": {"uv": [1, 10], "uv_size": [3, 2]},
								"up": {"uv": [4, 12], "uv_size": [-3, -2]},
								"down": {"uv": [4, 12], "uv_size": [-3, -2]}
							}
						},
						{
							"origin": [1.02613, 23.05294, -2.006],
							"size": [1.357, 1.77, 3.717],
							"pivot": [-4.57887, 5.58894, 0],
							"rotation": [0, 0, 5],
							"uv": {
								"north": {"uv": [1, 10], "uv_size": [3, 2]},
								"east": {"uv": [1, 10], "uv_size": [3, 2]},
								"south": {"uv": [1, 10], "uv_size": [3, 2]},
								"west": {"uv": [1, 10], "uv_size": [3, 2]},
								"up": {"uv": [4, 12], "uv_size": [-3, -2]},
								"down": {"uv": [4, 12], "uv_size": [-3, -2]}
							}
						},
						{
							"origin": [-3.90037, 22.87594, -2.006],
							"size": [4.3955, 2.301, 3.717],
							"pivot": [-4.54937, 5.23494, 0],
							"rotation": [0, 0, 5],
							"uv": {
								"north": {"uv": [1, 10], "uv_size": [3, 2]},
								"east": {"uv": [1, 10], "uv_size": [3, 2]},
								"south": {"uv": [1, 10], "uv_size": [3, 2]},
								"west": {"uv": [1, 10], "uv_size": [3, 2]},
								"up": {"uv": [4, 12], "uv_size": [-3, -2]},
								"down": {"uv": [4, 12], "uv_size": [-3, -2]}
							}
						},
						{
							"origin": [-12.04237, 22.46294, -2.006],
							"size": [3.835, 1.77, 3.717],
							"pivot": [-4.54937, 5.23494, 0],
							"rotation": [0, 0, 27.5],
							"uv": {
								"north": {"uv": [1, 10], "uv_size": [3, 2]},
								"east": {"uv": [1, 10], "uv_size": [3, 2]},
								"south": {"uv": [1, 10], "uv_size": [3, 2]},
								"west": {"uv": [1, 10], "uv_size": [3, 2]},
								"up": {"uv": [4, 12], "uv_size": [-3, -2]},
								"down": {"uv": [4, 12], "uv_size": [-3, -2]}
							}
						},
						{
							"origin": [5.30363, 20.69294, -2.006],
							"size": [1.121, 0.236, 3.717],
							"pivot": [-4.54937, 5.23494, 0],
							"rotation": [0, 0, -30],
							"uv": {
								"north": {"uv": [1, 10], "uv_size": [3, 2]},
								"east": {"uv": [1, 10], "uv_size": [3, 2]},
								"south": {"uv": [1, 10], "uv_size": [3, 2]},
								"west": {"uv": [1, 10], "uv_size": [3, 2]},
								"up": {"uv": [4, 12], "uv_size": [-3, -2]},
								"down": {"uv": [4, 12], "uv_size": [-3, -2]}
							}
						},
						{
							"origin": [-7.81778, 26.4392, -2.006],
							"size": [1.357, 0.472, 3.717],
							"pivot": [-11.41678, 7.3232, 0],
							"rotation": [0, 0, 27.5],
							"uv": {
								"north": {"uv": [1, 10], "uv_size": [3, 2]},
								"east": {"uv": [1, 10], "uv_size": [3, 2]},
								"south": {"uv": [1, 10], "uv_size": [3, 2]},
								"west": {"uv": [1, 10], "uv_size": [3, 2]},
								"up": {"uv": [4, 12], "uv_size": [-3, -2]},
								"down": {"uv": [4, 12], "uv_size": [-3, -2]}
							}
						},
						{
							"origin": [-26.73302, 17.45076, -2.006],
							"size": [1.239, 2.242, 3.717],
							"pivot": [-10.74402, 7.77476, 0],
							"rotation": [0, 0, 92.5],
							"uv": {
								"north": {"uv": [1, 10], "uv_size": [3, 2]},
								"east": {"uv": [1, 10], "uv_size": [3, 2]},
								"south": {"uv": [1, 10], "uv_size": [3, 2]},
								"west": {"uv": [1, 10], "uv_size": [3, 2]},
								"up": {"uv": [4, 12], "uv_size": [-3, -2]},
								"down": {"uv": [4, 12], "uv_size": [-3, -2]}
							}
						},
						{
							"origin": [-27.51076, 14.24831, -2.006],
							"size": [1.239, 1.77, 3.717],
							"pivot": [-10.69576, 7.72881, 0],
							"rotation": [0, 0, 97.5],
							"uv": {
								"north": {"uv": [1, 10], "uv_size": [3, 2]},
								"east": {"uv": [1, 10], "uv_size": [3, 2]},
								"south": {"uv": [1, 10], "uv_size": [3, 2]},
								"west": {"uv": [1, 10], "uv_size": [3, 2]},
								"up": {"uv": [4, 12], "uv_size": [-3, -2]},
								"down": {"uv": [4, 12], "uv_size": [-3, -2]}
							}
						},
						{
							"origin": [-26.71663, 12.57524, -2.006],
							"size": [1.711, 2.065, 3.717],
							"pivot": [-9.42963, 6.35074, 0],
							"rotation": [0, 0, 87.5],
							"uv": {
								"north": {"uv": [1, 10], "uv_size": [3, 2]},
								"east": {"uv": [1, 10], "uv_size": [3, 2]},
								"south": {"uv": [1, 10], "uv_size": [3, 2]},
								"west": {"uv": [1, 10], "uv_size": [3, 2]},
								"up": {"uv": [4, 12], "uv_size": [-3, -2]},
								"down": {"uv": [4, 12], "uv_size": [-3, -2]}
							}
						},
						{
							"origin": [-2.51667, 26.48948, -2.006],
							"size": [4.956, 0.826, 3.717],
							"uv": {
								"north": {"uv": [1, 10], "uv_size": [3, 2]},
								"east": {"uv": [1, 10], "uv_size": [3, 2]},
								"south": {"uv": [1, 10], "uv_size": [3, 2]},
								"west": {"uv": [1, 10], "uv_size": [3, 2]},
								"up": {"uv": [4, 12], "uv_size": [-3, -2]},
								"down": {"uv": [4, 12], "uv_size": [-3, -2]}
							}
						},
						{
							"origin": [-4.119, 20.24137, -2.006],
							"size": [1.357, 2.006, 3.717],
							"pivot": [-4.06, 8.08737, 0],
							"rotation": [0, 0, 22.5],
							"uv": {
								"north": {"uv": [1, 10], "uv_size": [3, 2]},
								"east": {"uv": [1, 10], "uv_size": [3, 2]},
								"south": {"uv": [1, 10], "uv_size": [3, 2]},
								"west": {"uv": [1, 10], "uv_size": [3, 2]},
								"up": {"uv": [4, 12], "uv_size": [-3, -2]},
								"down": {"uv": [4, 12], "uv_size": [-3, -2]}
							}
						},
						{
							"origin": [-5.28967, 17.75748, -2.006],
							"size": [1.947, 2.006, 3.717],
							"pivot": [-4.64067, 5.60348, 0],
							"rotation": [0, 0, 22.5],
							"uv": {
								"north": {"uv": [1, 10], "uv_size": [3, 2]},
								"east": {"uv": [1, 10], "uv_size": [3, 2]},
								"south": {"uv": [1, 10], "uv_size": [3, 2]},
								"west": {"uv": [1, 10], "uv_size": [3, 2]},
								"up": {"uv": [4, 12], "uv_size": [-3, -2]},
								"down": {"uv": [4, 12], "uv_size": [-3, -2]}
							}
						},
						{
							"origin": [-12.25167, 16.45948, -2.006],
							"size": [1.947, 2.006, 3.717],
							"pivot": [-4.64067, 5.60348, 0],
							"rotation": [0, 0, 45],
							"uv": {
								"north": {"uv": [1, 10], "uv_size": [3, 2]},
								"east": {"uv": [1, 10], "uv_size": [3, 2]},
								"south": {"uv": [1, 10], "uv_size": [3, 2]},
								"west": {"uv": [1, 10], "uv_size": [3, 2]},
								"up": {"uv": [4, 12], "uv_size": [-3, -2]},
								"down": {"uv": [4, 12], "uv_size": [-3, -2]}
							}
						},
						{
							"origin": [-9.44767, 18.51337, -2.006],
							"size": [0.649, 2.006, 3.717],
							"pivot": [-3.13467, 7.65737, 0],
							"rotation": [0, 0, 45],
							"uv": {
								"north": {"uv": [1, 10], "uv_size": [3, 2]},
								"east": {"uv": [1, 10], "uv_size": [3, 2]},
								"south": {"uv": [1, 10], "uv_size": [3, 2]},
								"west": {"uv": [1, 10], "uv_size": [3, 2]},
								"up": {"uv": [4, 12], "uv_size": [-3, -2]},
								"down": {"uv": [4, 12], "uv_size": [-3, -2]}
							}
						},
						{
							"origin": [-3.47893, 18.40178, -2.006],
							"size": [0.649, 2.006, 3.717],
							"pivot": [2.83407, 7.54578, 0],
							"rotation": [0, 0, 17.5],
							"uv": {
								"north": {"uv": [1, 10], "uv_size": [3, 2]},
								"east": {"uv": [1, 10], "uv_size": [3, 2]},
								"south": {"uv": [1, 10], "uv_size": [3, 2]},
								"west": {"uv": [1, 10], "uv_size": [3, 2]},
								"up": {"uv": [4, 12], "uv_size": [-3, -2]},
								"down": {"uv": [4, 12], "uv_size": [-3, -2]}
							}
						},
						{
							"origin": [-21.21967, 6.07548, -2.006],
							"size": [2.655, 2.006, 3.717],
							"pivot": [-4.64067, 5.60348, 0],
							"rotation": [0, 0, 97.5],
							"uv": {
								"north": {"uv": [1, 10], "uv_size": [3, 2]},
								"east": {"uv": [1, 10], "uv_size": [3, 2]},
								"south": {"uv": [1, 10], "uv_size": [3, 2]},
								"west": {"uv": [1, 10], "uv_size": [3, 2]},
								"up": {"uv": [4, 12], "uv_size": [-3, -2]},
								"down": {"uv": [4, 12], "uv_size": [-3, -2]}
							}
						},
						{
							"origin": [-0.56967, 13.39148, -2.006],
							"size": [1.121, 1.416, 3.717],
							"uv": {
								"north": {"uv": [1, 10], "uv_size": [3, 2]},
								"east": {"uv": [1, 10], "uv_size": [3, 2]},
								"south": {"uv": [1, 10], "uv_size": [3, 2]},
								"west": {"uv": [1, 10], "uv_size": [3, 2]},
								"up": {"uv": [4, 12], "uv_size": [-3, -2]},
								"down": {"uv": [4, 12], "uv_size": [-3, -2]}
							}
						},
						{
							"origin": [-2.01517, 25.60448, -2.006],
							"size": [3.717, 1.711, 3.717],
							"uv": {
								"north": {"uv": [1, 10], "uv_size": [3, 2]},
								"east": {"uv": [1, 10], "uv_size": [3, 2]},
								"south": {"uv": [1, 10], "uv_size": [3, 2]},
								"west": {"uv": [1, 10], "uv_size": [3, 2]},
								"up": {"uv": [4, 12], "uv_size": [-3, -2]},
								"down": {"uv": [4, 12], "uv_size": [-3, -2]}
							}
						},
						{
							"origin": [-21.39667, 49.38148, -2.006],
							"size": [0.236, 0.826, 3.717],
							"pivot": [-23.40267, 28.49548, 0],
							"rotation": [0, 0, 90],
							"uv": {
								"north": {"uv": [1, 10], "uv_size": [3, 2]},
								"east": {"uv": [1, 10], "uv_size": [3, 2]},
								"south": {"uv": [1, 10], "uv_size": [3, 2]},
								"west": {"uv": [1, 10], "uv_size": [3, 2]},
								"up": {"uv": [4, 12], "uv_size": [-3, -2]},
								"down": {"uv": [4, 12], "uv_size": [-3, -2]}
							}
						},
						{
							"origin": [21.07217, 49.38148, -2.006],
							"size": [0.236, 0.826, 3.717],
							"pivot": [23.31417, 28.49548, 0],
							"rotation": [0, 0, -90],
							"uv": {
								"north": {"uv": [1, 10], "uv_size": [3, 2]},
								"east": {"uv": [1, 10], "uv_size": [3, 2]},
								"south": {"uv": [1, 10], "uv_size": [3, 2]},
								"west": {"uv": [1, 10], "uv_size": [3, 2]},
								"up": {"uv": [4, 12], "uv_size": [-3, -2]},
								"down": {"uv": [4, 12], "uv_size": [-3, -2]}
							}
						},
						{
							"origin": [-20.57448, 41.00006, -2.006],
							"size": [0.236, 0.826, 3.717],
							"pivot": [-22.58048, 20.11406, 0],
							"rotation": [0, 0, 67.5],
							"uv": {
								"north": {"uv": [1, 10], "uv_size": [3, 2]},
								"east": {"uv": [1, 10], "uv_size": [3, 2]},
								"south": {"uv": [1, 10], "uv_size": [3, 2]},
								"west": {"uv": [1, 10], "uv_size": [3, 2]},
								"up": {"uv": [4, 12], "uv_size": [-3, -2]},
								"down": {"uv": [4, 12], "uv_size": [-3, -2]}
							}
						},
						{
							"origin": [20.24998, 41.00006, -2.006],
							"size": [0.236, 0.826, 3.717],
							"pivot": [22.49198, 20.11406, 0],
							"rotation": [0, 0, -67.5],
							"uv": {
								"north": {"uv": [1, 10], "uv_size": [3, 2]},
								"east": {"uv": [1, 10], "uv_size": [3, 2]},
								"south": {"uv": [1, 10], "uv_size": [3, 2]},
								"west": {"uv": [1, 10], "uv_size": [3, 2]},
								"up": {"uv": [4, 12], "uv_size": [-3, -2]},
								"down": {"uv": [4, 12], "uv_size": [-3, -2]}
							}
						},
						{
							"origin": [-16.60744, 33.57127, -2.006],
							"size": [0.59, 0.826, 3.717],
							"pivot": [-18.61344, 12.68527, 0],
							"rotation": [0, 0, 45],
							"uv": {
								"north": {"uv": [1, 10], "uv_size": [3, 2]},
								"east": {"uv": [1, 10], "uv_size": [3, 2]},
								"south": {"uv": [1, 10], "uv_size": [3, 2]},
								"west": {"uv": [1, 10], "uv_size": [3, 2]},
								"up": {"uv": [4, 12], "uv_size": [-3, -2]},
								"down": {"uv": [4, 12], "uv_size": [-3, -2]}
							}
						},
						{
							"origin": [16.04694, 33.57127, -2.006],
							"size": [0.472, 0.826, 3.717],
							"pivot": [18.52494, 12.68527, 0],
							"rotation": [0, 0, -45],
							"uv": {
								"north": {"uv": [1, 10], "uv_size": [3, 2]},
								"east": {"uv": [1, 10], "uv_size": [3, 2]},
								"south": {"uv": [1, 10], "uv_size": [3, 2]},
								"west": {"uv": [1, 10], "uv_size": [3, 2]},
								"up": {"uv": [4, 12], "uv_size": [-3, -2]},
								"down": {"uv": [4, 12], "uv_size": [-3, -2]}
							}
						},
						{
							"origin": [3.23583, 24.48348, -2.006],
							"size": [0.7375, 2.0355, 3.717],
							"uv": {
								"north": {"uv": [1, 10], "uv_size": [3, 2]},
								"east": {"uv": [1, 10], "uv_size": [3, 2]},
								"south": {"uv": [1, 10], "uv_size": [3, 2]},
								"west": {"uv": [1, 10], "uv_size": [3, 2]},
								"up": {"uv": [4, 12], "uv_size": [-3, -2]},
								"down": {"uv": [4, 12], "uv_size": [-3, -2]}
							}
						},
						{
							"origin": [-4.08017, 24.60148, -2.006],
							"size": [0.5015, 2.006, 3.717],
							"uv": {
								"north": {"uv": [1, 10], "uv_size": [3, 2]},
								"east": {"uv": [1, 10], "uv_size": [3, 2]},
								"south": {"uv": [1, 10], "uv_size": [3, 2]},
								"west": {"uv": [1, 10], "uv_size": [3, 2]},
								"up": {"uv": [4, 12], "uv_size": [-3, -2]},
								"down": {"uv": [4, 12], "uv_size": [-3, -2]}
							}
						},
						{
							"origin": [-3.84417, 25.30948, -2.006],
							"size": [1.0915, 1.298, 3.717],
							"uv": {
								"north": {"uv": [1, 10], "uv_size": [3, 2]},
								"east": {"uv": [1, 10], "uv_size": [3, 2]},
								"south": {"uv": [1, 10], "uv_size": [3, 2]},
								"west": {"uv": [1, 10], "uv_size": [3, 2]},
								"up": {"uv": [4, 12], "uv_size": [-3, -2]},
								"down": {"uv": [4, 12], "uv_size": [-3, -2]}
							}
						},
						{
							"origin": [-17.20274, 30.91681, -2.006],
							"size": [0.5015, 1.062, 3.717],
							"pivot": [-17.76324, 11.91881, 0],
							"rotation": [0, 0, 45],
							"uv": {
								"north": {"uv": [1, 10], "uv_size": [3, 2]},
								"east": {"uv": [1, 10], "uv_size": [3, 2]},
								"south": {"uv": [1, 10], "uv_size": [3, 2]},
								"west": {"uv": [1, 10], "uv_size": [3, 2]},
								"up": {"uv": [4, 12], "uv_size": [-3, -2]},
								"down": {"uv": [4, 12], "uv_size": [-3, -2]}
							}
						},
						{
							"origin": [2.46883, 24.48348, -2.006],
							"size": [1.5045, 1.18, 3.717],
							"uv": {
								"north": {"uv": [1, 10], "uv_size": [3, 2]},
								"east": {"uv": [1, 10], "uv_size": [3, 2]},
								"south": {"uv": [1, 10], "uv_size": [3, 2]},
								"west": {"uv": [1, 10], "uv_size": [3, 2]},
								"up": {"uv": [4, 12], "uv_size": [-3, -2]},
								"down": {"uv": [4, 12], "uv_size": [-3, -2]}
							}
						},
						{
							"origin": [-9.03007, 37.10574, -2.006],
							"size": [0.6195, 1.239, 3.717],
							"pivot": [-17.14257, 17.42924, 0],
							"rotation": [0, 0, 45],
							"uv": {
								"north": {"uv": [1, 10], "uv_size": [3, 2]},
								"east": {"uv": [1, 10], "uv_size": [3, 2]},
								"south": {"uv": [1, 10], "uv_size": [3, 2]},
								"west": {"uv": [1, 10], "uv_size": [3, 2]},
								"up": {"uv": [4, 12], "uv_size": [-3, -2]},
								"down": {"uv": [4, 12], "uv_size": [-3, -2]}
							}
						},
						{
							"origin": [-3.34012, 20.80509, -2.006],
							"size": [1.357, 1.18, 3.717],
							"uv": {
								"north": {"uv": [1, 10], "uv_size": [3, 2]},
								"east": {"uv": [1, 10], "uv_size": [3, 2]},
								"south": {"uv": [1, 10], "uv_size": [3, 2]},
								"west": {"uv": [1, 10], "uv_size": [3, 2]},
								"up": {"uv": [4, 12], "uv_size": [-3, -2]},
								"down": {"uv": [4, 12], "uv_size": [-3, -2]}
							}
						},
						{
							"origin": [-0.3515, 20.02748, -2.006],
							"size": [0.472, 1.18, 3.717],
							"pivot": [-5.2485, 5.89698, 0],
							"rotation": [0, 0, -12.5],
							"uv": {
								"north": {"uv": [1, 10], "uv_size": [3, 2]},
								"east": {"uv": [1, 10], "uv_size": [3, 2]},
								"south": {"uv": [1, 10], "uv_size": [3, 2]},
								"west": {"uv": [1, 10], "uv_size": [3, 2]},
								"up": {"uv": [4, 12], "uv_size": [-3, -2]},
								"down": {"uv": [4, 12], "uv_size": [-3, -2]}
							}
						},
						{
							"origin": [-3.51967, 16.69548, -2.006],
							"size": [1.947, 4.248, 3.717],
							"uv": {
								"north": {"uv": [1, 10], "uv_size": [3, 2]},
								"east": {"uv": [1, 10], "uv_size": [3, 2]},
								"south": {"uv": [1, 10], "uv_size": [3, 2]},
								"west": {"uv": [1, 10], "uv_size": [3, 2]},
								"up": {"uv": [4, 12], "uv_size": [-3, -2]},
								"down": {"uv": [4, 12], "uv_size": [-3, -2]}
							}
						},
						{
							"origin": [-4.34567, 15.16148, -2.006],
							"size": [1.121, 1.416, 3.717],
							"pivot": [-4.64067, 5.13148, 0],
							"rotation": [0, 0, 22.5],
							"uv": {
								"north": {"uv": [1, 10], "uv_size": [3, 2]},
								"east": {"uv": [1, 10], "uv_size": [3, 2]},
								"south": {"uv": [1, 10], "uv_size": [3, 2]},
								"west": {"uv": [1, 10], "uv_size": [3, 2]},
								"up": {"uv": [4, 12], "uv_size": [-3, -2]},
								"down": {"uv": [4, 12], "uv_size": [-3, -2]}
							}
						},
						{
							"origin": [2.98867, 14.80748, -2.006],
							"size": [1.121, 4.012, 3.717],
							"pivot": [4.64067, 5.13148, 0],
							"rotation": [0, 0, -22.5],
							"uv": {
								"north": {"uv": [1, 10], "uv_size": [3, 2]},
								"east": {"uv": [1, 10], "uv_size": [3, 2]},
								"south": {"uv": [1, 10], "uv_size": [3, 2]},
								"west": {"uv": [1, 10], "uv_size": [3, 2]},
								"up": {"uv": [4, 12], "uv_size": [-3, -2]},
								"down": {"uv": [4, 12], "uv_size": [-3, -2]}
							}
						},
						{
							"origin": [7.23667, 16.81348, -2.006],
							"size": [2.537, 2.124, 3.717],
							"pivot": [4.64067, 6.19348, 0],
							"rotation": [0, 0, -45],
							"uv": {
								"north": {"uv": [1, 10], "uv_size": [3, 2]},
								"east": {"uv": [1, 10], "uv_size": [3, 2]},
								"south": {"uv": [1, 10], "uv_size": [3, 2]},
								"west": {"uv": [1, 10], "uv_size": [3, 2]},
								"up": {"uv": [4, 12], "uv_size": [-3, -2]},
								"down": {"uv": [4, 12], "uv_size": [-3, -2]}
							}
						},
						{
							"origin": [14.43467, 13.74548, -2.006],
							"size": [1.121, 1.416, 3.717],
							"pivot": [4.64067, 6.19348, 0],
							"rotation": [0, 0, -85],
							"uv": {
								"north": {"uv": [1, 10], "uv_size": [3, 2]},
								"east": {"uv": [1, 10], "uv_size": [3, 2]},
								"south": {"uv": [1, 10], "uv_size": [3, 2]},
								"west": {"uv": [1, 10], "uv_size": [3, 2]},
								"up": {"uv": [4, 12], "uv_size": [-3, -2]},
								"down": {"uv": [4, 12], "uv_size": [-3, -2]}
							}
						},
						{
							"origin": [-7.4588, 18.2773, -2.006],
							"size": [1.829, 2.242, 3.717],
							"pivot": [-7.0458, 9.0733, 0],
							"rotation": [0, 0, 45],
							"uv": {
								"north": {"uv": [1, 10], "uv_size": [3, 2]},
								"east": {"uv": [1, 10], "uv_size": [3, 2]},
								"south": {"uv": [1, 10], "uv_size": [3, 2]},
								"west": {"uv": [1, 10], "uv_size": [3, 2]},
								"up": {"uv": [4, 12], "uv_size": [-3, -2]},
								"down": {"uv": [4, 12], "uv_size": [-3, -2]}
							}
						},
						{
							"origin": [-10.8808, 18.9853, -2.006],
							"size": [1.121, 2.596, 3.717],
							"pivot": [-7.0458, 9.0733, 0],
							"rotation": [0, 0, 67.5],
							"uv": {
								"north": {"uv": [1, 10], "uv_size": [3, 2]},
								"east": {"uv": [1, 10], "uv_size": [3, 2]},
								"south": {"uv": [1, 10], "uv_size": [3, 2]},
								"west": {"uv": [1, 10], "uv_size": [3, 2]},
								"up": {"uv": [4, 12], "uv_size": [-3, -2]},
								"down": {"uv": [4, 12], "uv_size": [-3, -2]}
							}
						}
					]
				},
				{
					"name": "head",
					"parent": "upperbody",
					"pivot": [0, 27.52919, -0.5],
					"cubes": [
						{
							"origin": [-5.841, 26.786, -1.77],
							"size": [0.885, 4.897, 3.245],
							"pivot": [-0.826, 0, 0],
							"rotation": [0, 0, 15],
							"uv": {
								"north": {"uv": [11, 9], "uv_size": [3, 2]},
								"east": {"uv": [11, 9], "uv_size": [3, 2]},
								"south": {"uv": [11, 9], "uv_size": [3, 2]},
								"west": {"uv": [11, 9], "uv_size": [3, 2]},
								"up": {"uv": [14, 11], "uv_size": [-3, -2]},
								"down": {"uv": [14, 11], "uv_size": [-3, -2]}
							}
						},
						{
							"origin": [-5.723, 31.388, -1.652],
							"size": [0.649, 0.413, 3.009],
							"pivot": [-0.826, 0, 0],
							"rotation": [0, 0, 15],
							"uv": {
								"north": {"uv": [11, 9], "uv_size": [3, 2]},
								"east": {"uv": [11, 9], "uv_size": [3, 2]},
								"south": {"uv": [11, 9], "uv_size": [3, 2]},
								"west": {"uv": [11, 9], "uv_size": [3, 2]},
								"up": {"uv": [14, 11], "uv_size": [-3, -2]},
								"down": {"uv": [14, 11], "uv_size": [-3, -2]}
							}
						},
						{
							"origin": [5.074, 31.388, -1.652],
							"size": [0.649, 0.413, 3.009],
							"pivot": [0.826, 0, 0],
							"rotation": [0, 0, -15],
							"uv": {
								"north": {"uv": [11, 9], "uv_size": [3, 2]},
								"east": {"uv": [11, 9], "uv_size": [3, 2]},
								"south": {"uv": [11, 9], "uv_size": [3, 2]},
								"west": {"uv": [11, 9], "uv_size": [3, 2]},
								"up": {"uv": [14, 11], "uv_size": [-3, -2]},
								"down": {"uv": [14, 11], "uv_size": [-3, -2]}
							}
						},
						{
							"origin": [-16.107, 22.42, -1.652],
							"size": [0.885, 3.245, 3.009],
							"pivot": [-0.826, 0, 0],
							"rotation": [0, 0, 37.5],
							"uv": {
								"north": {"uv": [11, 9], "uv_size": [3, 2]},
								"east": {"uv": [11, 9], "uv_size": [3, 2]},
								"south": {"uv": [11, 9], "uv_size": [3, 2]},
								"west": {"uv": [11, 9], "uv_size": [3, 2]},
								"up": {"uv": [14, 11], "uv_size": [-3, -2]},
								"down": {"uv": [14, 11], "uv_size": [-3, -2]}
							}
						},
						{
							"origin": [15.222, 22.42, -1.652],
							"size": [0.885, 3.245, 3.009],
							"pivot": [0.826, 0, 0],
							"rotation": [0, 0, -37.5],
							"uv": {
								"north": {"uv": [11, 9], "uv_size": [3, 2]},
								"east": {"uv": [11, 9], "uv_size": [3, 2]},
								"south": {"uv": [11, 9], "uv_size": [3, 2]},
								"west": {"uv": [11, 9], "uv_size": [3, 2]},
								"up": {"uv": [14, 11], "uv_size": [-3, -2]},
								"down": {"uv": [14, 11], "uv_size": [-3, -2]}
							}
						},
						{
							"origin": [-15.989, 25.37, -1.534],
							"size": [0.649, 0.413, 2.773],
							"pivot": [-0.826, 0, 0],
							"rotation": [0, 0, 37.5],
							"uv": {
								"north": {"uv": [11, 9], "uv_size": [3, 2]},
								"east": {"uv": [11, 9], "uv_size": [3, 2]},
								"south": {"uv": [11, 9], "uv_size": [3, 2]},
								"west": {"uv": [11, 9], "uv_size": [3, 2]},
								"up": {"uv": [14, 11], "uv_size": [-3, -2]},
								"down": {"uv": [14, 11], "uv_size": [-3, -2]}
							}
						},
						{
							"origin": [15.34, 25.37, -1.534],
							"size": [0.649, 0.413, 2.773],
							"pivot": [0.826, 0, 0],
							"rotation": [0, 0, -37.5],
							"uv": {
								"north": {"uv": [11, 9], "uv_size": [3, 2]},
								"east": {"uv": [11, 9], "uv_size": [3, 2]},
								"south": {"uv": [11, 9], "uv_size": [3, 2]},
								"west": {"uv": [11, 9], "uv_size": [3, 2]},
								"up": {"uv": [14, 11], "uv_size": [-3, -2]},
								"down": {"uv": [14, 11], "uv_size": [-3, -2]}
							}
						},
						{
							"origin": [-26.55, 17.11, -1.77],
							"size": [1.2095, 1.534, 3.245],
							"pivot": [-0.826, 0, 0],
							"rotation": [0, 0, 60],
							"uv": {
								"north": {"uv": [11, 9], "uv_size": [3, 2]},
								"east": {"uv": [11, 9], "uv_size": [3, 2]},
								"south": {"uv": [11, 9], "uv_size": [3, 2]},
								"west": {"uv": [11, 9], "uv_size": [3, 2]},
								"up": {"uv": [14, 11], "uv_size": [-3, -2]},
								"down": {"uv": [14, 11], "uv_size": [-3, -2]}
							}
						},
						{
							"origin": [25.3405, 17.11, -1.77],
							"size": [1.2095, 1.534, 3.245],
							"pivot": [0.826, 0, 0],
							"rotation": [0, 0, -60],
							"uv": {
								"north": {"uv": [11, 9], "uv_size": [3, 2]},
								"east": {"uv": [11, 9], "uv_size": [3, 2]},
								"south": {"uv": [11, 9], "uv_size": [3, 2]},
								"west": {"uv": [11, 9], "uv_size": [3, 2]},
								"up": {"uv": [14, 11], "uv_size": [-3, -2]},
								"down": {"uv": [14, 11], "uv_size": [-3, -2]}
							}
						},
						{
							"origin": [4.956, 26.786, -1.77],
							"size": [0.885, 4.897, 3.245],
							"pivot": [0.826, 0, 0],
							"rotation": [0, 0, -15],
							"uv": {
								"north": {"uv": [11, 9], "uv_size": [3, 2]},
								"east": {"uv": [11, 9], "uv_size": [3, 2]},
								"south": {"uv": [11, 9], "uv_size": [3, 2]},
								"west": {"uv": [11, 9], "uv_size": [3, 2]},
								"up": {"uv": [14, 11], "uv_size": [-3, -2]},
								"down": {"uv": [14, 11], "uv_size": [-3, -2]}
							}
						},
						{
							"origin": [-1.652, 26.786, -1.888],
							"size": [1.357, 6.844, 3.481],
							"pivot": [-0.531, 0, 0],
							"rotation": [0, 0, 5],
							"uv": {
								"north": {"uv": [11, 9], "uv_size": [3, 2]},
								"east": {"uv": [11, 9], "uv_size": [3, 2]},
								"south": {"uv": [11, 9], "uv_size": [3, 2]},
								"west": {"uv": [11, 9], "uv_size": [3, 2]},
								"up": {"uv": [14, 11], "uv_size": [-3, -2]},
								"down": {"uv": [14, 11], "uv_size": [-3, -2]}
							}
						},
						{
							"origin": [-1.534, 33.04, -1.77],
							"size": [1.121, 0.944, 3.245],
							"pivot": [-0.531, 0, 0],
							"rotation": [0, 0, 5],
							"uv": {
								"north": {"uv": [11, 9], "uv_size": [3, 2]},
								"east": {"uv": [11, 9], "uv_size": [3, 2]},
								"south": {"uv": [11, 9], "uv_size": [3, 2]},
								"west": {"uv": [11, 9], "uv_size": [3, 2]},
								"up": {"uv": [14, 11], "uv_size": [-3, -2]},
								"down": {"uv": [14, 11], "uv_size": [-3, -2]}
							}
						},
						{
							"origin": [0.413, 33.04, -1.77],
							"size": [1.121, 0.944, 3.245],
							"pivot": [0.531, 0, 0],
							"rotation": [0, 0, -5],
							"uv": {
								"north": {"uv": [11, 9], "uv_size": [3, 2]},
								"east": {"uv": [11, 9], "uv_size": [3, 2]},
								"south": {"uv": [11, 9], "uv_size": [3, 2]},
								"west": {"uv": [11, 9], "uv_size": [3, 2]},
								"up": {"uv": [14, 11], "uv_size": [-3, -2]},
								"down": {"uv": [14, 11], "uv_size": [-3, -2]}
							}
						},
						{
							"origin": [0.295, 26.786, -1.888],
							"size": [1.357, 6.844, 3.481],
							"pivot": [0.531, 0, 0],
							"rotation": [0, 0, -5],
							"uv": {
								"north": {"uv": [11, 9], "uv_size": [3, 2]},
								"east": {"uv": [11, 9], "uv_size": [3, 2]},
								"south": {"uv": [11, 9], "uv_size": [3, 2]},
								"west": {"uv": [11, 9], "uv_size": [3, 2]},
								"up": {"uv": [14, 11], "uv_size": [-3, -2]},
								"down": {"uv": [14, 11], "uv_size": [-3, -2]}
							}
						},
						{
							"origin": [-1.298, 26.786, -1.888],
							"size": [2.478, 7.139, 3.481],
							"uv": {
								"north": {"uv": [11, 9], "uv_size": [3, 2]},
								"east": {"uv": [11, 9], "uv_size": [3, 2]},
								"south": {"uv": [11, 9], "uv_size": [3, 2]},
								"west": {"uv": [11, 9], "uv_size": [3, 2]},
								"up": {"uv": [14, 11], "uv_size": [-3, -2]},
								"down": {"uv": [14, 11], "uv_size": [-3, -2]}
							}
						},
						{
							"origin": [-3.186, 26.55, -1.9175],
							"size": [6.254, 6.844, 0],
							"uv": {
								"north": {"uv": [4.81858, 0.47605], "uv_size": [6.17707, 7.44267]},
								"east": {"uv": [11, 9], "uv_size": [3, 2]},
								"south": {"uv": [12, 2], "uv_size": [3, 2]},
								"west": {"uv": [11, 9], "uv_size": [3, 2]},
								"up": {"uv": [14, 11], "uv_size": [-3, -2]},
								"down": {"uv": [14, 11], "uv_size": [-3, -2]}
							}
						},
						{
							"origin": [-0.472, 33.925, -1.888],
							"size": [0.826, 1.888, 3.481],
							"uv": {
								"north": {"uv": [11, 9], "uv_size": [3, 2]},
								"east": {"uv": [11, 9], "uv_size": [3, 2]},
								"south": {"uv": [11, 9], "uv_size": [3, 2]},
								"west": {"uv": [11, 9], "uv_size": [3, 2]},
								"up": {"uv": [14, 11], "uv_size": [-3, -2]},
								"down": {"uv": [14, 11], "uv_size": [-3, -2]}
							}
						},
						{
							"origin": [-0.7965, 33.925, -1.888],
							"size": [1.475, 0.767, 3.481],
							"uv": {
								"north": {"uv": [11, 9], "uv_size": [3, 2]},
								"east": {"uv": [11, 9], "uv_size": [3, 2]},
								"south": {"uv": [11, 9], "uv_size": [3, 2]},
								"west": {"uv": [11, 9], "uv_size": [3, 2]},
								"up": {"uv": [14, 11], "uv_size": [-3, -2]},
								"down": {"uv": [14, 11], "uv_size": [-3, -2]}
							}
						},
						{
							"origin": [11.0888, 35.30919, -1.888],
							"size": [0.472, 2.655, 3.481],
							"pivot": [9.8498, 8.52319, 0],
							"rotation": [0, 0, -22.5],
							"uv": {
								"north": {"uv": [11, 9], "uv_size": [3, 2]},
								"east": {"uv": [11, 9], "uv_size": [3, 2]},
								"south": {"uv": [11, 9], "uv_size": [3, 2]},
								"west": {"uv": [11, 9], "uv_size": [3, 2]},
								"up": {"uv": [14, 11], "uv_size": [-3, -2]},
								"down": {"uv": [14, 11], "uv_size": [-3, -2]}
							}
						},
						{
							"origin": [-11.60694, 35.67044, -1.888],
							"size": [0.472, 2.655, 3.481],
							"pivot": [-10.83994, 8.88444, 0],
							"rotation": [0, 0, 22.5],
							"uv": {
								"north": {"uv": [11, 9], "uv_size": [3, 2]},
								"east": {"uv": [11, 9], "uv_size": [3, 2]},
								"south": {"uv": [11, 9], "uv_size": [3, 2]},
								"west": {"uv": [11, 9], "uv_size": [3, 2]},
								"up": {"uv": [14, 11], "uv_size": [-3, -2]},
								"down": {"uv": [14, 11], "uv_size": [-3, -2]}
							}
						}
					]
				},
				{
					"name": "lowerbody",
					"parent": "fullbody",
					"pivot": [0, 14, 0]
				},
				{
					"name": "hb_leftleg",
					"parent": "lowerbody",
					"pivot": [1.75, 14, 0],
					"cubes": [
						{
							"origin": [2.23175, 8.43611, -2.006],
							"size": [1.947, 5.192, 3.717],
							"pivot": [-0.18725, -0.17788, 0],
							"rotation": [0, 0, -2.5],
							"uv": {
								"north": {"uv": [1, 9], "uv_size": [3, 3]},
								"east": {"uv": [1, 9], "uv_size": [3, 3]},
								"south": {"uv": [1, 9], "uv_size": [3, 3]},
								"west": {"uv": [1, 9], "uv_size": [3, 3]},
								"up": {"uv": [4, 12], "uv_size": [-3, -3]},
								"down": {"uv": [4, 12], "uv_size": [-3, -3]}
							}
						},
						{
							"origin": [1.10076, 9.47247, -2.006],
							"size": [1.947, 3.304, 3.717],
							"pivot": [-1.31824, 0.85847, 0],
							"rotation": [0, 0, -2.5],
							"uv": {
								"north": {"uv": [1, 9], "uv_size": [3, 3]},
								"east": {"uv": [1, 9], "uv_size": [3, 3]},
								"south": {"uv": [1, 9], "uv_size": [3, 3]},
								"west": {"uv": [1, 9], "uv_size": [3, 3]},
								"up": {"uv": [4, 12], "uv_size": [-3, -3]},
								"down": {"uv": [4, 12], "uv_size": [-3, -3]}
							}
						},
						{
							"origin": [-2.22167, 14.21748, -2.006],
							"size": [1.947, 1.18, 3.717],
							"pivot": [-4.64067, 5.60348, 0],
							"rotation": [0, 0, 20],
							"uv": {
								"north": {"uv": [1, 9], "uv_size": [3, 3]},
								"east": {"uv": [1, 9], "uv_size": [3, 3]},
								"south": {"uv": [1, 9], "uv_size": [3, 3]},
								"west": {"uv": [1, 9], "uv_size": [3, 3]},
								"up": {"uv": [4, 12], "uv_size": [-3, -3]},
								"down": {"uv": [4, 12], "uv_size": [-3, -3]}
							}
						},
						{
							"origin": [8.98937, 9.54443, -2.006],
							"size": [1.947, 1.534, 3.717],
							"pivot": [6.57037, 0.93043, 0],
							"rotation": [0, 0, -47.5],
							"uv": {
								"north": {"uv": [1, 9], "uv_size": [3, 3]},
								"east": {"uv": [1, 9], "uv_size": [3, 3]},
								"south": {"uv": [1, 9], "uv_size": [3, 3]},
								"west": {"uv": [1, 9], "uv_size": [3, 3]},
								"up": {"uv": [4, 12], "uv_size": [-3, -3]},
								"down": {"uv": [4, 12], "uv_size": [-3, -3]}
							}
						},
						{
							"origin": [1.22875, 7.61012, -1.888],
							"size": [2.891, 5.9, 3.481],
							"pivot": [-0.12825, -0.17788, 0],
							"rotation": [0, 0, -2.5],
							"uv": {
								"north": {"uv": [11, 9], "uv_size": [3, 3]},
								"east": {"uv": [11, 9], "uv_size": [3, 3]},
								"south": {"uv": [11, 9], "uv_size": [3, 3]},
								"west": {"uv": [11, 9], "uv_size": [3, 3]},
								"up": {"uv": [14, 12], "uv_size": [-3, -3]},
								"down": {"uv": [14, 12], "uv_size": [-3, -3]}
							}
						}
					]
				},
				{
					"name": "leftleg_p2",
					"parent": "hb_leftleg",
					"pivot": [2, 8, 0],
					"cubes": [
						{
							"origin": [0.9735, 0, -1.652],
							"size": [2.714, 1.888, 3.009],
							"uv": {
								"north": {"uv": [11, 9], "uv_size": [3, 3]},
								"east": {"uv": [11, 9], "uv_size": [3, 3]},
								"south": {"uv": [11, 9], "uv_size": [3, 3]},
								"west": {"uv": [11, 9], "uv_size": [3, 3]},
								"up": {"uv": [14, 12], "uv_size": [-3, -3]},
								"down": {"uv": [14, 12], "uv_size": [-3, -3]}
							}
						},
						{
							"origin": [0.944, 0, -2.714],
							"size": [2.773, 0.826, 4.366],
							"uv": {
								"north": {"uv": [11, 9], "uv_size": [3, 3]},
								"east": {"uv": [11, 9], "uv_size": [3, 3]},
								"south": {"uv": [11, 9], "uv_size": [3, 3]},
								"west": {"uv": [11, 9], "uv_size": [3, 3]},
								"up": {"uv": [14, 12], "uv_size": [-3, -3]},
								"down": {"uv": [14, 12], "uv_size": [-3, -3]}
							}
						},
						{
							"origin": [3.41783, 0, -4.60686],
							"size": [1.239, 0.826, 0.944],
							"pivot": [0.61533, 0, -5.31486],
							"rotation": [0, -22.5, 0],
							"uv": {
								"north": {"uv": [11, 9], "uv_size": [3, 3]},
								"east": {"uv": [11, 9], "uv_size": [3, 3]},
								"south": {"uv": [11, 9], "uv_size": [3, 3]},
								"west": {"uv": [11, 9], "uv_size": [3, 3]},
								"up": {"uv": [14, 12], "uv_size": [-3, -3]},
								"down": {"uv": [14, 12], "uv_size": [-3, -3]}
							}
						},
						{
							"origin": [0.00417, 0, -4.60686],
							"size": [1.239, 0.826, 0.944],
							"pivot": [4.04567, 0, -5.31486],
							"rotation": [0, 22.5, 0],
							"uv": {
								"north": {"uv": [11, 9], "uv_size": [3, 3]},
								"east": {"uv": [11, 9], "uv_size": [3, 3]},
								"south": {"uv": [11, 9], "uv_size": [3, 3]},
								"west": {"uv": [11, 9], "uv_size": [3, 3]},
								"up": {"uv": [14, 12], "uv_size": [-3, -3]},
								"down": {"uv": [14, 12], "uv_size": [-3, -3]}
							}
						},
						{
							"origin": [2.83926, 0, -4.05814],
							"size": [1.239, 0.826, 0.944],
							"uv": {
								"north": {"uv": [11, 9], "uv_size": [3, 3]},
								"east": {"uv": [11, 9], "uv_size": [3, 3]},
								"south": {"uv": [11, 9], "uv_size": [3, 3]},
								"west": {"uv": [11, 9], "uv_size": [3, 3]},
								"up": {"uv": [14, 12], "uv_size": [-3, -3]},
								"down": {"uv": [14, 12], "uv_size": [-3, -3]}
							}
						},
						{
							"origin": [0.58274, 0, -4.05814],
							"size": [1.239, 0.826, 0.944],
							"uv": {
								"north": {"uv": [11, 9], "uv_size": [3, 3]},
								"east": {"uv": [11, 9], "uv_size": [3, 3]},
								"south": {"uv": [11, 9], "uv_size": [3, 3]},
								"west": {"uv": [11, 9], "uv_size": [3, 3]},
								"up": {"uv": [14, 12], "uv_size": [-3, -3]},
								"down": {"uv": [14, 12], "uv_size": [-3, -3]}
							}
						},
						{
							"origin": [2.5147, 0, -3.32977],
							"size": [1.239, 0.826, 0.944],
							"pivot": [-0.2878, 0, -4.03777],
							"rotation": [0, 22.5, 0],
							"uv": {
								"north": {"uv": [11, 9], "uv_size": [3, 3]},
								"east": {"uv": [11, 9], "uv_size": [3, 3]},
								"south": {"uv": [11, 9], "uv_size": [3, 3]},
								"west": {"uv": [11, 9], "uv_size": [3, 3]},
								"up": {"uv": [14, 12], "uv_size": [-3, -3]},
								"down": {"uv": [14, 12], "uv_size": [-3, -3]}
							}
						},
						{
							"origin": [0.9073, 0, -3.32977],
							"size": [1.239, 0.826, 0.944],
							"pivot": [4.9488, 0, -4.03777],
							"rotation": [0, -22.5, 0],
							"uv": {
								"north": {"uv": [11, 9], "uv_size": [3, 3]},
								"east": {"uv": [11, 9], "uv_size": [3, 3]},
								"south": {"uv": [11, 9], "uv_size": [3, 3]},
								"west": {"uv": [11, 9], "uv_size": [3, 3]},
								"up": {"uv": [14, 12], "uv_size": [-3, -3]},
								"down": {"uv": [14, 12], "uv_size": [-3, -3]}
							}
						},
						{
							"origin": [2.301, 3.776, -2.006],
							"size": [1.534, 4.366, 3.658],
							"uv": {
								"north": {"uv": [1, 9], "uv_size": [3, 3]},
								"east": {"uv": [1, 9], "uv_size": [3, 3]},
								"south": {"uv": [1, 9], "uv_size": [3, 3]},
								"west": {"uv": [1, 9], "uv_size": [3, 3]},
								"up": {"uv": [4, 12], "uv_size": [-3, -3]},
								"down": {"uv": [4, 12], "uv_size": [-3, -3]}
							}
						},
						{
							"origin": [2.773, 1.652, -2.006],
							"size": [1.534, 0.826, 3.658],
							"pivot": [-0.531, 0.354, 0],
							"rotation": [0, 0, -12.5],
							"uv": {
								"north": {"uv": [1, 9], "uv_size": [3, 3]},
								"east": {"uv": [1, 9], "uv_size": [3, 3]},
								"south": {"uv": [1, 9], "uv_size": [3, 3]},
								"west": {"uv": [1, 9], "uv_size": [3, 3]},
								"up": {"uv": [4, 12], "uv_size": [-3, -3]},
								"down": {"uv": [4, 12], "uv_size": [-3, -3]}
							}
						},
						{
							"origin": [0.826, 3.776, -2.006],
							"size": [1.475, 3.894, 3.658],
							"uv": {
								"north": {"uv": [1, 9], "uv_size": [3, 3]},
								"east": {"uv": [1, 9], "uv_size": [3, 3]},
								"south": {"uv": [1, 9], "uv_size": [3, 3]},
								"west": {"uv": [1, 9], "uv_size": [3, 3]},
								"up": {"uv": [4, 12], "uv_size": [-3, -3]},
								"down": {"uv": [4, 12], "uv_size": [-3, -3]}
							}
						},
						{
							"origin": [4.01829, 7.14314, -2.006],
							"size": [1.298, 0.472, 3.658],
							"pivot": [2.48429, 0.29914, 0],
							"rotation": [0, 0, -22.5],
							"uv": {
								"north": {"uv": [1, 9], "uv_size": [3, 3]},
								"east": {"uv": [1, 9], "uv_size": [3, 3]},
								"south": {"uv": [1, 9], "uv_size": [3, 3]},
								"west": {"uv": [1, 9], "uv_size": [3, 3]},
								"up": {"uv": [4, 12], "uv_size": [-3, -3]},
								"down": {"uv": [4, 12], "uv_size": [-3, -3]}
							}
						},
						{
							"origin": [0.885, 1.888, -1.888],
							"size": [2.891, 7.08, 3.481],
							"uv": {
								"north": {"uv": [11, 9], "uv_size": [3, 3]},
								"east": {"uv": [11, 9], "uv_size": [3, 3]},
								"south": {"uv": [11, 9], "uv_size": [3, 3]},
								"west": {"uv": [11, 9], "uv_size": [3, 3]},
								"up": {"uv": [14, 12], "uv_size": [-3, -3]},
								"down": {"uv": [14, 12], "uv_size": [-3, -3]}
							}
						}
					]
				},
				{
					"name": "hb_rightleg",
					"parent": "lowerbody",
					"pivot": [-1.75, 14, 0],
					"cubes": [
						{
							"origin": [-4.17875, 8.43611, -2.006],
							"size": [1.947, 5.192, 3.717],
							"pivot": [0.18725, -0.17788, 0],
							"rotation": [0, 0, 2.5],
							"uv": {
								"north": {"uv": [4, 9], "uv_size": [-3, 3]},
								"east": {"uv": [4, 9], "uv_size": [-3, 3]},
								"south": {"uv": [4, 9], "uv_size": [-3, 3]},
								"west": {"uv": [4, 9], "uv_size": [-3, 3]},
								"up": {"uv": [1, 12], "uv_size": [3, -3]},
								"down": {"uv": [1, 12], "uv_size": [3, -3]}
							}
						},
						{
							"origin": [-3.04776, 9.47247, -2.006],
							"size": [1.947, 3.304, 3.717],
							"pivot": [1.31824, 0.85847, 0],
							"rotation": [0, 0, 2.5],
							"uv": {
								"north": {"uv": [4, 9], "uv_size": [-3, 3]},
								"east": {"uv": [4, 9], "uv_size": [-3, 3]},
								"south": {"uv": [4, 9], "uv_size": [-3, 3]},
								"west": {"uv": [4, 9], "uv_size": [-3, 3]},
								"up": {"uv": [1, 12], "uv_size": [3, -3]},
								"down": {"uv": [1, 12], "uv_size": [3, -3]}
							}
						},
						{
							"origin": [0.27467, 14.21748, -2.006],
							"size": [1.947, 1.18, 3.717],
							"pivot": [4.64067, 5.60348, 0],
							"rotation": [0, 0, -20],
							"uv": {
								"north": {"uv": [4, 9], "uv_size": [-3, 3]},
								"east": {"uv": [4, 9], "uv_size": [-3, 3]},
								"south": {"uv": [4, 9], "uv_size": [-3, 3]},
								"west": {"uv": [4, 9], "uv_size": [-3, 3]},
								"up": {"uv": [1, 12], "uv_size": [3, -3]},
								"down": {"uv": [1, 12], "uv_size": [3, -3]}
							}
						},
						{
							"origin": [-10.93637, 9.54443, -2.006],
							"size": [1.947, 1.534, 3.717],
							"pivot": [-6.57037, 0.93043, 0],
							"rotation": [0, 0, 47.5],
							"uv": {
								"north": {"uv": [4, 9], "uv_size": [-3, 3]},
								"east": {"uv": [4, 9], "uv_size": [-3, 3]},
								"south": {"uv": [4, 9], "uv_size": [-3, 3]},
								"west": {"uv": [4, 9], "uv_size": [-3, 3]},
								"up": {"uv": [1, 12], "uv_size": [3, -3]},
								"down": {"uv": [1, 12], "uv_size": [3, -3]}
							}
						},
						{
							"origin": [-4.11975, 7.61012, -1.888],
							"size": [2.891, 5.9, 3.481],
							"pivot": [0.12825, -0.17788, 0],
							"rotation": [0, 0, 2.5],
							"uv": {
								"north": {"uv": [14, 9], "uv_size": [-3, 3]},
								"east": {"uv": [14, 9], "uv_size": [-3, 3]},
								"south": {"uv": [14, 9], "uv_size": [-3, 3]},
								"west": {"uv": [14, 9], "uv_size": [-3, 3]},
								"up": {"uv": [11, 12], "uv_size": [3, -3]},
								"down": {"uv": [11, 12], "uv_size": [3, -3]}
							}
						}
					]
				},
				{
					"name": "rightleg_p2",
					"parent": "hb_rightleg",
					"pivot": [-2, 8, 0],
					"cubes": [
						{
							"origin": [-3.6875, 0, -1.652],
							"size": [2.714, 1.888, 3.009],
							"uv": {
								"north": {"uv": [14, 9], "uv_size": [-3, 3]},
								"east": {"uv": [14, 9], "uv_size": [-3, 3]},
								"south": {"uv": [14, 9], "uv_size": [-3, 3]},
								"west": {"uv": [14, 9], "uv_size": [-3, 3]},
								"up": {"uv": [11, 12], "uv_size": [3, -3]},
								"down": {"uv": [11, 12], "uv_size": [3, -3]}
							}
						},
						{
							"origin": [-3.717, 0, -2.714],
							"size": [2.773, 0.826, 4.366],
							"uv": {
								"north": {"uv": [14, 9], "uv_size": [-3, 3]},
								"east": {"uv": [14, 9], "uv_size": [-3, 3]},
								"south": {"uv": [14, 9], "uv_size": [-3, 3]},
								"west": {"uv": [14, 9], "uv_size": [-3, 3]},
								"up": {"uv": [11, 12], "uv_size": [3, -3]},
								"down": {"uv": [11, 12], "uv_size": [3, -3]}
							}
						},
						{
							"origin": [-4.65683, 0, -4.60686],
							"size": [1.239, 0.826, 0.944],
							"pivot": [-0.61533, 0, -5.31486],
							"rotation": [0, 22.5, 0],
							"uv": {
								"north": {"uv": [14, 9], "uv_size": [-3, 3]},
								"east": {"uv": [14, 9], "uv_size": [-3, 3]},
								"south": {"uv": [14, 9], "uv_size": [-3, 3]},
								"west": {"uv": [14, 9], "uv_size": [-3, 3]},
								"up": {"uv": [11, 12], "uv_size": [3, -3]},
								"down": {"uv": [11, 12], "uv_size": [3, -3]}
							}
						},
						{
							"origin": [-1.24317, 0, -4.60686],
							"size": [1.239, 0.826, 0.944],
							"pivot": [-4.04567, 0, -5.31486],
							"rotation": [0, -22.5, 0],
							"uv": {
								"north": {"uv": [14, 9], "uv_size": [-3, 3]},
								"east": {"uv": [14, 9], "uv_size": [-3, 3]},
								"south": {"uv": [14, 9], "uv_size": [-3, 3]},
								"west": {"uv": [14, 9], "uv_size": [-3, 3]},
								"up": {"uv": [11, 12], "uv_size": [3, -3]},
								"down": {"uv": [11, 12], "uv_size": [3, -3]}
							}
						},
						{
							"origin": [-4.07826, 0, -4.05814],
							"size": [1.239, 0.826, 0.944],
							"uv": {
								"north": {"uv": [14, 9], "uv_size": [-3, 3]},
								"east": {"uv": [14, 9], "uv_size": [-3, 3]},
								"south": {"uv": [14, 9], "uv_size": [-3, 3]},
								"west": {"uv": [14, 9], "uv_size": [-3, 3]},
								"up": {"uv": [11, 12], "uv_size": [3, -3]},
								"down": {"uv": [11, 12], "uv_size": [3, -3]}
							}
						},
						{
							"origin": [-1.82174, 0, -4.05814],
							"size": [1.239, 0.826, 0.944],
							"uv": {
								"north": {"uv": [14, 9], "uv_size": [-3, 3]},
								"east": {"uv": [14, 9], "uv_size": [-3, 3]},
								"south": {"uv": [14, 9], "uv_size": [-3, 3]},
								"west": {"uv": [14, 9], "uv_size": [-3, 3]},
								"up": {"uv": [11, 12], "uv_size": [3, -3]},
								"down": {"uv": [11, 12], "uv_size": [3, -3]}
							}
						},
						{
							"origin": [-3.7537, 0, -3.32977],
							"size": [1.239, 0.826, 0.944],
							"pivot": [0.2878, 0, -4.03777],
							"rotation": [0, -22.5, 0],
							"uv": {
								"north": {"uv": [14, 9], "uv_size": [-3, 3]},
								"east": {"uv": [14, 9], "uv_size": [-3, 3]},
								"south": {"uv": [14, 9], "uv_size": [-3, 3]},
								"west": {"uv": [14, 9], "uv_size": [-3, 3]},
								"up": {"uv": [11, 12], "uv_size": [3, -3]},
								"down": {"uv": [11, 12], "uv_size": [3, -3]}
							}
						},
						{
							"origin": [-2.1463, 0, -3.32977],
							"size": [1.239, 0.826, 0.944],
							"pivot": [-4.9488, 0, -4.03777],
							"rotation": [0, 22.5, 0],
							"uv": {
								"north": {"uv": [14, 9], "uv_size": [-3, 3]},
								"east": {"uv": [14, 9], "uv_size": [-3, 3]},
								"south": {"uv": [14, 9], "uv_size": [-3, 3]},
								"west": {"uv": [14, 9], "uv_size": [-3, 3]},
								"up": {"uv": [11, 12], "uv_size": [3, -3]},
								"down": {"uv": [11, 12], "uv_size": [3, -3]}
							}
						},
						{
							"origin": [-3.835, 3.776, -2.006],
							"size": [1.534, 4.366, 3.658],
							"uv": {
								"north": {"uv": [4, 9], "uv_size": [-3, 3]},
								"east": {"uv": [4, 9], "uv_size": [-3, 3]},
								"south": {"uv": [4, 9], "uv_size": [-3, 3]},
								"west": {"uv": [4, 9], "uv_size": [-3, 3]},
								"up": {"uv": [1, 12], "uv_size": [3, -3]},
								"down": {"uv": [1, 12], "uv_size": [3, -3]}
							}
						},
						{
							"origin": [-4.307, 1.652, -2.006],
							"size": [1.534, 0.826, 3.658],
							"pivot": [0.531, 0.354, 0],
							"rotation": [0, 0, 12.5],
							"uv": {
								"north": {"uv": [4, 9], "uv_size": [-3, 3]},
								"east": {"uv": [4, 9], "uv_size": [-3, 3]},
								"south": {"uv": [4, 9], "uv_size": [-3, 3]},
								"west": {"uv": [4, 9], "uv_size": [-3, 3]},
								"up": {"uv": [1, 12], "uv_size": [3, -3]},
								"down": {"uv": [1, 12], "uv_size": [3, -3]}
							}
						},
						{
							"origin": [-2.301, 3.776, -2.006],
							"size": [1.475, 3.894, 3.658],
							"uv": {
								"north": {"uv": [4, 9], "uv_size": [-3, 3]},
								"east": {"uv": [4, 9], "uv_size": [-3, 3]},
								"south": {"uv": [4, 9], "uv_size": [-3, 3]},
								"west": {"uv": [4, 9], "uv_size": [-3, 3]},
								"up": {"uv": [1, 12], "uv_size": [3, -3]},
								"down": {"uv": [1, 12], "uv_size": [3, -3]}
							}
						},
						{
							"origin": [-5.31629, 7.14314, -2.006],
							"size": [1.298, 0.472, 3.658],
							"pivot": [-2.48429, 0.29914, 0],
							"rotation": [0, 0, 22.5],
							"uv": {
								"north": {"uv": [4, 9], "uv_size": [-3, 3]},
								"east": {"uv": [4, 9], "uv_size": [-3, 3]},
								"south": {"uv": [4, 9], "uv_size": [-3, 3]},
								"west": {"uv": [4, 9], "uv_size": [-3, 3]},
								"up": {"uv": [1, 12], "uv_size": [3, -3]},
								"down": {"uv": [1, 12], "uv_size": [3, -3]}
							}
						},
						{
							"origin": [-3.776, 1.888, -1.888],
							"size": [2.891, 7.08, 3.481],
							"uv": {
								"north": {"uv": [14, 9], "uv_size": [-3, 3]},
								"east": {"uv": [14, 9], "uv_size": [-3, 3]},
								"south": {"uv": [14, 9], "uv_size": [-3, 3]},
								"west": {"uv": [14, 9], "uv_size": [-3, 3]},
								"up": {"uv": [11, 12], "uv_size": [3, -3]},
								"down": {"uv": [11, 12], "uv_size": [3, -3]}
							}
						}
					]
				}
			]
		}
	]
}