{
	"format_version": "1.12.0",
	"minecraft:geometry": [
		{
			"description": {
				"identifier": "geometry.wildmutt",
				"texture_width": 128,
				"texture_height": 128,
				"visible_bounds_width": 4,
				"visible_bounds_height": 5,
				"visible_bounds_offset": [0, 0.5, 0]
			},
			"bones": [
				{
					"name": "fullbody",
					"pivot": [0, 0, 0]
				},
				{
					"name": "upperbody",
					"parent": "fullbody",
					"pivot": [0, 10, 13]
				},
				{
					"name": "wm_body",
					"parent": "upperbody",
					"pivot": [0, 11, 14],
					"cubes": [
						{
							"origin": [-5, -6.28438, -12.81801],
							"size": [10, 4, 1],
							"pivot": [8, 6, 0],
							"rotation": [155, 0, 0],
							"uv": {
								"north": {"uv": [72, 49], "uv_size": [10, 4]},
								"east": {"uv": [71, 49], "uv_size": [1, 4]},
								"south": {"uv": [83, 49], "uv_size": [10, 4]},
								"west": {"uv": [82, 49], "uv_size": [1, 4]},
								"up": {"uv": [72, 48], "uv_size": [10, 1]},
								"down": {"uv": [82, 49], "uv_size": [10, -1]}
							}
						},
						{
							"origin": [-5, -8.34675, 4.71803],
							"size": [10, 2, 2],
							"pivot": [8, 6, 0],
							"rotation": [80, 0, 0],
							"uv": {
								"north": {"uv": [36, 2], "uv_size": [10, 2]},
								"east": {"uv": [34, 2], "uv_size": [2, 2]},
								"south": {"uv": [48, 2], "uv_size": [10, 2]},
								"west": {"uv": [46, 2], "uv_size": [2, 2]},
								"up": {"uv": [36, 0], "uv_size": [10, 2]},
								"down": {"uv": [46, 2], "uv_size": [10, -2]}
							}
						},
						{
							"origin": [-6, 15.17806, -4.50304],
							"size": [12, 8, 10],
							"pivot": [8, 6, 0],
							"rotation": [-20, 0, 0],
							"uv": {
								"north": {"uv": [10, 10], "uv_size": [12, 8]},
								"east": {"uv": [0, 10], "uv_size": [10, 8]},
								"south": {"uv": [32, 10], "uv_size": [12, 8]},
								"west": {"uv": [22, 10], "uv_size": [10, 8]},
								"up": {"uv": [10, 0], "uv_size": [12, 10]},
								"down": {"uv": [22, 10], "uv_size": [12, -10]}
							}
						},
						{
							"origin": [-6, 15.47168, -3.82138],
							"size": [12, 9, 7],
							"pivot": [8, 6, 0],
							"rotation": [5, 0, 0],
							"uv": {
								"north": {"uv": [7, 41], "uv_size": [12, 9]},
								"east": {"uv": [0, 41], "uv_size": [7, 9]},
								"south": {"uv": [26, 41], "uv_size": [12, 9]},
								"west": {"uv": [19, 41], "uv_size": [7, 9]},
								"up": {"uv": [7, 34], "uv_size": [12, 7]},
								"down": {"uv": [19, 41], "uv_size": [12, -7]}
							}
						},
						{
							"origin": [-4, 18.2421, -5.92886],
							"size": [8, 4, 7],
							"pivot": [8, 5.87453, -0.13691],
							"rotation": [20, 0, 0],
							"uv": {
								"north": {"uv": [7, 75], "uv_size": [8, 4]},
								"east": {"uv": [0, 75], "uv_size": [7, 4]},
								"south": {"uv": [22, 75], "uv_size": [8, 4]},
								"west": {"uv": [15, 75], "uv_size": [7, 4]},
								"up": {"uv": [7, 68], "uv_size": [8, 7]},
								"down": {"uv": [15, 75], "uv_size": [8, -7]}
							}
						},
						{
							"origin": [-0.03368, 18.2, -5.97878],
							"size": [4.06736, 4.03368, 7.05894],
							"pivot": [8.06736, 5.92399, -0.13806],
							"rotation": [20, 0, 0],
							"uv": {
								"north": {"uv": [7, 75], "uv_size": [8, 4]},
								"east": {"uv": [0, 75], "uv_size": [7, 4]},
								"south": {"uv": [22, 75], "uv_size": [8, 4]},
								"west": {"uv": [15, 75], "uv_size": [7, 4]},
								"up": {"uv": [7, 68], "uv_size": [8, 7]},
								"down": {"uv": [15, 75], "uv_size": [8, -7]}
							}
						},
						{
							"origin": [-4.03368, 18.2, -5.97878],
							"size": [4.06736, 4.03368, 7.05894],
							"pivot": [-8.06736, 5.92399, -0.13806],
							"rotation": [20, 0, 0],
							"uv": {
								"north": {"uv": [15, 75], "uv_size": [-8, 4]},
								"east": {"uv": [22, 75], "uv_size": [-7, 4]},
								"south": {"uv": [30, 75], "uv_size": [-8, 4]},
								"west": {"uv": [7, 75], "uv_size": [-7, 4]},
								"up": {"uv": [15, 68], "uv_size": [-8, 7]},
								"down": {"uv": [23, 75], "uv_size": [-8, -7]}
							}
						},
						{
							"origin": [-4, 20.36757, -8.79195],
							"size": [8, 5, 10],
							"pivot": [8, 6, 0],
							"rotation": [20, 0, 0],
							"uv": {
								"north": {"uv": [10, 63], "uv_size": [8, 5]},
								"east": {"uv": [0, 63], "uv_size": [10, 5]},
								"south": {"uv": [28, 63], "uv_size": [8, 5]},
								"west": {"uv": [18, 63], "uv_size": [10, 5]},
								"up": {"uv": [10, 53], "uv_size": [8, 10]},
								"down": {"uv": [18, 63], "uv_size": [8, -10]}
							}
						},
						{
							"origin": [-4, 18.91178, 4.47809],
							"size": [8, 7, 3],
							"pivot": [8, 6, 0],
							"rotation": [65, 0, 0],
							"uv": {
								"north": {"uv": [75, 59], "uv_size": [8, 7]},
								"east": {"uv": [72, 59], "uv_size": [3, 7]},
								"south": {"uv": [86, 59], "uv_size": [8, 7]},
								"west": {"uv": [83, 59], "uv_size": [3, 7]},
								"up": {"uv": [75, 56], "uv_size": [8, 3]},
								"down": {"uv": [83, 59], "uv_size": [8, -3]}
							}
						},
						{
							"origin": [-4, 14.00507, 10.83403],
							"size": [8, 7, 3],
							"pivot": [8, 6, 0],
							"rotation": [95, 0, 0],
							"uv": {
								"north": {"uv": [33, 73], "uv_size": [8, 7]},
								"east": {"uv": [30, 73], "uv_size": [3, 7]},
								"south": {"uv": [44, 73], "uv_size": [8, 7]},
								"west": {"uv": [41, 73], "uv_size": [3, 7]},
								"up": {"uv": [33, 70], "uv_size": [8, 3]},
								"down": {"uv": [41, 73], "uv_size": [8, -3]}
							}
						},
						{
							"origin": [-5.4036, 15.54119, -11.1],
							"size": [7.2072, 5.54054, 1.17117],
							"pivot": [-0.9009, 14.32145, -8.67487],
							"rotation": [80, 0, 180],
							"uv": {
								"north": {"uv": [27, 54], "uv_size": [8, 6]},
								"east": {"uv": [26, 54], "uv_size": [1, 6]},
								"south": {"uv": [36, 54], "uv_size": [8, 6]},
								"west": {"uv": [35, 54], "uv_size": [1, 6]},
								"up": {"uv": [27, 53], "uv_size": [8, 1]},
								"down": {"uv": [35, 54], "uv_size": [8, -1]}
							}
						},
						{
							"origin": [-5, 17.55055, -4.57454],
							"size": [10, 5, 11],
							"pivot": [8, 6, 0],
							"rotation": [-50, 0, 0],
							"uv": {
								"north": {"uv": [11, 29], "uv_size": [10, 5]},
								"east": {"uv": [0, 29], "uv_size": [11, 5]},
								"south": {"uv": [32, 29], "uv_size": [10, 5]},
								"west": {"uv": [21, 29], "uv_size": [11, 5]},
								"up": {"uv": [11, 18], "uv_size": [10, 11]},
								"down": {"uv": [21, 29], "uv_size": [10, -11]}
							}
						}
					]
				},
				{
					"name": "jaw",
					"parent": "wm_body",
					"pivot": [0, 16, -10],
					"rotation": [-7.5, 0, 0],
					"cubes": [
						{
							"origin": [-4, 15.65763, -10.81128],
							"size": [8, 6.15, 1.3],
							"pivot": [-1, 15.58719, -9.75068],
							"rotation": [100, 0, 0],
							"uv": {
								"north": {"uv": [1, 80], "uv_size": [8, 6]},
								"east": {"uv": [0, 80], "uv_size": [1, 6]},
								"south": {"uv": [10, 80], "uv_size": [8, 6]},
								"west": {"uv": [9, 80], "uv_size": [1, 6]},
								"up": {"uv": [1, 79], "uv_size": [8, 1]},
								"down": {"uv": [9, 80], "uv_size": [8, -1]}
							}
						},
						{
							"origin": [-4.004, 14.98323, -8.72],
							"size": [8.008, 6.15615, 1.3013],
							"pivot": [-1.001, 14.91272, -9.63875],
							"rotation": [100, 0, 0],
							"uv": {
								"north": {"uv": [27, 54], "uv_size": [8, 6]},
								"east": {"uv": [26, 54], "uv_size": [1, 6]},
								"south": {"uv": [36, 54], "uv_size": [8, 6]},
								"west": {"uv": [35, 54], "uv_size": [1, 6]},
								"up": {"uv": [27, 53], "uv_size": [8, 1]},
								"down": {"uv": [35, 54], "uv_size": [8, -1]}
							}
						},
						{
							"origin": [-4, 16.55901, -11.29737],
							"size": [8, 2.8, 1],
							"pivot": [-1, 16.48857, -10.23677],
							"rotation": [117.5, 0, 0],
							"uv": {
								"north": {"uv": [1, 51], "uv_size": [8, 2]},
								"east": {"uv": [0, 51], "uv_size": [1, 2]},
								"south": {"uv": [10, 51], "uv_size": [8, 2]},
								"west": {"uv": [9, 51], "uv_size": [1, 2]},
								"up": {"uv": [1, 50], "uv_size": [8, 1]},
								"down": {"uv": [9, 51], "uv_size": [8, -1]}
							}
						}
					]
				},
				{
					"name": "arm1",
					"parent": "upperbody",
					"pivot": [-6, 19, -2],
					"cubes": [
						{
							"origin": [-9.32058, 21.61819, -3],
							"size": [12, 4, 4],
							"pivot": [8, 6, 0],
							"rotation": [4.53359, 2.11089, -24.91643],
							"uv": {
								"north": {"uv": [75, 44], "uv_size": [12, 4]},
								"east": {"uv": [71, 44], "uv_size": [4, 4]},
								"south": {"uv": [91, 44], "uv_size": [12, 4]},
								"west": {"uv": [87, 44], "uv_size": [4, 4]},
								"up": {"uv": [75, 40], "uv_size": [12, 4]},
								"down": {"uv": [87, 44], "uv_size": [12, -4]}
							}
						},
						{
							"origin": [-14.19566, 15.03428, -10.05798],
							"size": [5, 3, 13],
							"pivot": [8, 6, 0],
							"rotation": [50.07673, 9.96156, 0.88045],
							"uv": {
								"north": {"uv": [61, 53], "uv_size": [5, 3]},
								"east": {"uv": [48, 53], "uv_size": [13, 3]},
								"south": {"uv": [79, 53], "uv_size": [5, 3]},
								"west": {"uv": [66, 53], "uv_size": [13, 3]},
								"up": {"uv": [61, 40], "uv_size": [5, 13]},
								"down": {"uv": [66, 53], "uv_size": [5, -13]}
							}
						},
						{
							"origin": [-16.3599, 10.70055, -5.72425],
							"size": [4, 3, 13],
							"pivot": [8, 6, 0],
							"rotation": [50.019, -4.98093, -0.43688],
							"uv": {
								"north": {"uv": [67, 29], "uv_size": [4, 3]},
								"east": {"uv": [54, 29], "uv_size": [13, 3]},
								"south": {"uv": [84, 29], "uv_size": [4, 3]},
								"west": {"uv": [71, 29], "uv_size": [13, 3]},
								"up": {"uv": [67, 16], "uv_size": [4, 13]},
								"down": {"uv": [71, 29], "uv_size": [4, -13]}
							}
						},
						{
							"origin": [-14.19566, 12.4079, -11.67146],
							"size": [5, 3, 13],
							"pivot": [8, 6, 0],
							"rotation": [40.07673, 9.96156, 0.88045],
							"uv": {
								"north": {"uv": [38, 50], "uv_size": [5, 3]},
								"east": {"uv": [25, 50], "uv_size": [13, 3]},
								"south": {"uv": [56, 50], "uv_size": [5, 3]},
								"west": {"uv": [43, 50], "uv_size": [13, 3]},
								"up": {"uv": [38, 37], "uv_size": [5, 13]},
								"down": {"uv": [43, 50], "uv_size": [5, -13]}
							}
						},
						{
							"origin": [-16.48373, 15.23123, -6.19763],
							"size": [5, 3, 6],
							"pivot": [8, 6, 0],
							"rotation": [85, 0, 0],
							"uv": {
								"north": {"uv": [74, 80], "uv_size": [5, 3]},
								"east": {"uv": [68, 80], "uv_size": [6, 3]},
								"south": {"uv": [85, 80], "uv_size": [5, 3]},
								"west": {"uv": [79, 80], "uv_size": [6, 3]},
								"up": {"uv": [74, 74], "uv_size": [5, 6]},
								"down": {"uv": [79, 80], "uv_size": [5, -6]}
							}
						},
						{
							"origin": [-16.48373, 14.02998, -7.53281],
							"size": [5, 1, 6],
							"pivot": [8, 6, 0],
							"rotation": [75, 0, 0],
							"uv": {
								"north": {"uv": [81, 22], "uv_size": [5, 1]},
								"east": {"uv": [75, 22], "uv_size": [6, 1]},
								"south": {"uv": [92, 22], "uv_size": [5, 1]},
								"west": {"uv": [86, 22], "uv_size": [6, 1]},
								"up": {"uv": [81, 16], "uv_size": [5, 6]},
								"down": {"uv": [86, 22], "uv_size": [5, -6]}
							}
						},
						{
							"origin": [-10.92197, 4.95122, -24.40677],
							"size": [2, 2, 4],
							"pivot": [8, 6, 0],
							"rotation": [15.3191, 19.92066, 1.81693],
							"uv": {
								"north": {"uv": [68, 87], "uv_size": [2, 2]},
								"east": {"uv": [64, 87], "uv_size": [4, 2]},
								"south": {"uv": [74, 87], "uv_size": [2, 2]},
								"west": {"uv": [70, 87], "uv_size": [4, 2]},
								"up": {"uv": [68, 83], "uv_size": [2, 4]},
								"down": {"uv": [70, 87], "uv_size": [2, -4]}
							}
						},
						{
							"origin": [-15.16856, 3.73401, -17.50366],
							"size": [2, 2, 4],
							"pivot": [8, 6, 0],
							"rotation": [15, 0, 0],
							"uv": {
								"north": {"uv": [56, 87], "uv_size": [2, 2]},
								"east": {"uv": [52, 87], "uv_size": [4, 2]},
								"south": {"uv": [62, 87], "uv_size": [2, 2]},
								"west": {"uv": [58, 87], "uv_size": [4, 2]},
								"up": {"uv": [56, 83], "uv_size": [2, 4]},
								"down": {"uv": [58, 87], "uv_size": [2, -4]}
							}
						},
						{
							"origin": [-16.48373, 1.32586, -13.18239],
							"size": [5, 2, 3],
							"pivot": [8, 6, 0],
							"rotation": [5, 0, 0],
							"uv": {
								"north": {"uv": [78, 26], "uv_size": [5, 2]},
								"east": {"uv": [75, 26], "uv_size": [3, 2]},
								"south": {"uv": [86, 26], "uv_size": [5, 2]},
								"west": {"uv": [83, 26], "uv_size": [3, 2]},
								"up": {"uv": [78, 23], "uv_size": [5, 3]},
								"down": {"uv": [83, 26], "uv_size": [5, -3]}
							}
						},
						{
							"origin": [-16.4245, 2.338, -9.58651],
							"size": [2, 2, 4],
							"pivot": [8, 6, 0],
							"rotation": [15.3191, -19.92066, -1.81693],
							"uv": {
								"north": {"uv": [44, 87], "uv_size": [2, 2]},
								"east": {"uv": [40, 87], "uv_size": [4, 2]},
								"south": {"uv": [50, 87], "uv_size": [2, 2]},
								"west": {"uv": [46, 87], "uv_size": [4, 2]},
								"up": {"uv": [44, 83], "uv_size": [2, 4]},
								"down": {"uv": [46, 87], "uv_size": [2, -4]}
							}
						},
						{
							"origin": [-5.07247, -6.85489, 11.97526],
							"size": [2, 2, 4],
							"pivot": [8, 6, 0],
							"rotation": [65.10257, -84.26912, -34.89743],
							"uv": {
								"north": {"uv": [86, 70], "uv_size": [2, 2]},
								"east": {"uv": [82, 70], "uv_size": [4, 2]},
								"south": {"uv": [92, 70], "uv_size": [2, 2]},
								"west": {"uv": [88, 70], "uv_size": [4, 2]},
								"up": {"uv": [86, 66], "uv_size": [2, 4]},
								"down": {"uv": [88, 70], "uv_size": [2, -4]}
							}
						}
					]
				},
				{
					"name": "arm2",
					"parent": "upperbody",
					"pivot": [6, 19, -2],
					"cubes": [
						{
							"origin": [-2.67942, 21.61819, -3],
							"size": [12, 4, 4],
							"pivot": [-8, 6, 0],
							"rotation": [4.53359, -2.11089, 24.91643],
							"uv": {
								"north": {"uv": [71, 36], "uv_size": [12, 4]},
								"east": {"uv": [67, 36], "uv_size": [4, 4]},
								"south": {"uv": [87, 36], "uv_size": [12, 4]},
								"west": {"uv": [83, 36], "uv_size": [4, 4]},
								"up": {"uv": [71, 32], "uv_size": [12, 4]},
								"down": {"uv": [83, 36], "uv_size": [12, -4]}
							}
						},
						{
							"origin": [0.36867, 25.7, -2.3],
							"size": [2.3, 1.45, 2.3],
							"pivot": [-9.2, 6.9, 0],
							"rotation": [4.53359, -2.11089, 24.91643],
							"uv": {
								"north": {"uv": [2, 8], "uv_size": [2, 1]},
								"east": {"uv": [0, 8], "uv_size": [2, 1]},
								"south": {"uv": [6, 8], "uv_size": [2, 1]},
								"west": {"uv": [4, 8], "uv_size": [2, 1]},
								"up": {"uv": [2, 6], "uv_size": [2, 2]},
								"down": {"uv": [4, 8], "uv_size": [2, -2]}
							}
						},
						{
							"origin": [-0.2153, 23.94183, -3.6],
							"size": [3.4, 2.8, 4.8],
							"pivot": [-9.6, 7.2, 0],
							"rotation": [4.53359, -2.11089, 24.91643],
							"uv": {
								"north": {"uv": [22, 83], "uv_size": [3, 2]},
								"east": {"uv": [18, 83], "uv_size": [4, 2]},
								"south": {"uv": [29, 83], "uv_size": [3, 2]},
								"west": {"uv": [25, 83], "uv_size": [4, 2]},
								"up": {"uv": [22, 79], "uv_size": [3, 4]},
								"down": {"uv": [25, 83], "uv_size": [3, -4]}
							}
						},
						{
							"origin": [3.49448, 24.73615, -3.66949],
							"size": [1.4, 2.2, 4.8],
							"pivot": [-9.89021, 7.99432, -0.06949],
							"rotation": [4.53359, -2.11089, 24.91643],
							"uv": {
								"north": {"uv": [4, 4], "uv_size": [1, 2]},
								"east": {"uv": [0, 4], "uv_size": [4, 2]},
								"south": {"uv": [9, 4], "uv_size": [1, 2]},
								"west": {"uv": [5, 4], "uv_size": [4, 2]},
								"up": {"uv": [4, 0], "uv_size": [1, 4]},
								"down": {"uv": [5, 4], "uv_size": [1, -4]}
							}
						},
						{
							"origin": [5.11974, 25.3499, -3.72319],
							"size": [1.4, 1.8, 4.8],
							"pivot": [-10.26495, 8.60807, -0.12319],
							"rotation": [4.53359, -2.11089, 24.91643],
							"uv": {
								"north": {"uv": [4, 28], "uv_size": [1, 1]},
								"east": {"uv": [0, 28], "uv_size": [4, 1]},
								"south": {"uv": [9, 28], "uv_size": [1, 1]},
								"west": {"uv": [5, 28], "uv_size": [4, 1]},
								"up": {"uv": [4, 24], "uv_size": [1, 4]},
								"down": {"uv": [5, 28], "uv_size": [1, -4]}
							}
						},
						{
							"origin": [9.19566, 15.03428, -10.05798],
							"size": [5, 3, 13],
							"pivot": [-8, 6, 0],
							"rotation": [50.07673, -9.96156, -0.88045],
							"uv": {
								"north": {"uv": [44, 34], "uv_size": [5, 3]},
								"east": {"uv": [31, 34], "uv_size": [13, 3]},
								"south": {"uv": [62, 34], "uv_size": [5, 3]},
								"west": {"uv": [49, 34], "uv_size": [13, 3]},
								"up": {"uv": [44, 21], "uv_size": [5, 13]},
								"down": {"uv": [49, 34], "uv_size": [5, -13]}
							}
						},
						{
							"origin": [12.3599, 10.70055, -5.72425],
							"size": [4, 3, 13],
							"pivot": [-8, 6, 0],
							"rotation": [50.019, 4.98093, 0.43688],
							"uv": {
								"north": {"uv": [67, 13], "uv_size": [4, 3]},
								"east": {"uv": [54, 13], "uv_size": [13, 3]},
								"south": {"uv": [84, 13], "uv_size": [4, 3]},
								"west": {"uv": [71, 13], "uv_size": [13, 3]},
								"up": {"uv": [67, 0], "uv_size": [4, 13]},
								"down": {"uv": [71, 13], "uv_size": [4, -13]}
							}
						},
						{
							"origin": [9.19566, 12.4079, -11.67146],
							"size": [5, 3, 13],
							"pivot": [-8, 6, 0],
							"rotation": [40.07673, -9.96156, -0.88045],
							"uv": {
								"north": {"uv": [44, 18], "uv_size": [5, 3]},
								"east": {"uv": [31, 18], "uv_size": [13, 3]},
								"south": {"uv": [62, 18], "uv_size": [5, 3]},
								"west": {"uv": [49, 18], "uv_size": [13, 3]},
								"up": {"uv": [44, 5], "uv_size": [5, 13]},
								"down": {"uv": [49, 18], "uv_size": [5, -13]}
							}
						},
						{
							"origin": [11.48373, 15.23123, -6.19763],
							"size": [5, 3, 6],
							"pivot": [-8, 6, 0],
							"rotation": [85, 0, 0],
							"uv": {
								"north": {"uv": [52, 80], "uv_size": [5, 3]},
								"east": {"uv": [46, 80], "uv_size": [6, 3]},
								"south": {"uv": [63, 80], "uv_size": [5, 3]},
								"west": {"uv": [57, 80], "uv_size": [6, 3]},
								"up": {"uv": [52, 74], "uv_size": [5, 6]},
								"down": {"uv": [57, 80], "uv_size": [5, -6]}
							}
						},
						{
							"origin": [11.48373, 14.02998, -7.53281],
							"size": [5, 1, 6],
							"pivot": [-8, 6, 0],
							"rotation": [75, 0, 0],
							"uv": {
								"north": {"uv": [81, 6], "uv_size": [5, 1]},
								"east": {"uv": [75, 6], "uv_size": [6, 1]},
								"south": {"uv": [92, 6], "uv_size": [5, 1]},
								"west": {"uv": [86, 6], "uv_size": [6, 1]},
								"up": {"uv": [81, 0], "uv_size": [5, 6]},
								"down": {"uv": [86, 6], "uv_size": [5, -6]}
							}
						},
						{
							"origin": [8.92197, 4.95122, -24.40677],
							"size": [2, 2, 4],
							"pivot": [-8, 6, 0],
							"rotation": [15.3191, -19.92066, -1.81693],
							"uv": {
								"north": {"uv": [36, 84], "uv_size": [2, 2]},
								"east": {"uv": [32, 84], "uv_size": [4, 2]},
								"south": {"uv": [42, 84], "uv_size": [2, 2]},
								"west": {"uv": [38, 84], "uv_size": [4, 2]},
								"up": {"uv": [36, 80], "uv_size": [2, 4]},
								"down": {"uv": [38, 84], "uv_size": [2, -4]}
							}
						},
						{
							"origin": [13.16856, 3.73401, -17.50366],
							"size": [2, 2, 4],
							"pivot": [-8, 6, 0],
							"rotation": [15, 0, 0],
							"uv": {
								"north": {"uv": [66, 78], "uv_size": [2, 2]},
								"east": {"uv": [62, 78], "uv_size": [4, 2]},
								"south": {"uv": [72, 78], "uv_size": [2, 2]},
								"west": {"uv": [68, 78], "uv_size": [4, 2]},
								"up": {"uv": [66, 74], "uv_size": [2, 4]},
								"down": {"uv": [68, 78], "uv_size": [2, -4]}
							}
						},
						{
							"origin": [11.48373, 1.32586, -13.18239],
							"size": [5, 2, 3],
							"pivot": [-8, 6, 0],
							"rotation": [5, 0, 0],
							"uv": {
								"north": {"uv": [78, 10], "uv_size": [5, 2]},
								"east": {"uv": [75, 10], "uv_size": [3, 2]},
								"south": {"uv": [86, 10], "uv_size": [5, 2]},
								"west": {"uv": [83, 10], "uv_size": [3, 2]},
								"up": {"uv": [78, 7], "uv_size": [5, 3]},
								"down": {"uv": [83, 10], "uv_size": [5, -3]}
							}
						},
						{
							"origin": [14.4245, 2.338, -9.58651],
							"size": [2, 2, 4],
							"pivot": [-8, 6, 0],
							"rotation": [15.3191, 19.92066, 1.81693],
							"uv": {
								"north": {"uv": [58, 25], "uv_size": [2, 2]},
								"east": {"uv": [54, 25], "uv_size": [4, 2]},
								"south": {"uv": [64, 25], "uv_size": [2, 2]},
								"west": {"uv": [60, 25], "uv_size": [4, 2]},
								"up": {"uv": [58, 21], "uv_size": [2, 4]},
								"down": {"uv": [60, 25], "uv_size": [2, -4]}
							}
						},
						{
							"origin": [3.07247, -6.85489, 11.97526],
							"size": [2, 2, 4],
							"pivot": [-8, 6, 0],
							"rotation": [65.10257, 84.26912, 34.89743],
							"uv": {
								"north": {"uv": [35, 25], "uv_size": [2, 2]},
								"east": {"uv": [31, 25], "uv_size": [4, 2]},
								"south": {"uv": [41, 25], "uv_size": [2, 2]},
								"west": {"uv": [37, 25], "uv_size": [4, 2]},
								"up": {"uv": [35, 21], "uv_size": [2, 4]},
								"down": {"uv": [37, 25], "uv_size": [2, -4]}
							}
						}
					]
				},
				{
					"name": "lowerbody",
					"parent": "fullbody",
					"pivot": [0, 10, 13]
				},
				{
					"name": "leg1",
					"parent": "lowerbody",
					"pivot": [-4, 10, 14],
					"cubes": [
						{
							"origin": [-12.21011, 5.89572, -4.01923],
							"size": [4, 4, 10],
							"pivot": [8, 6, -1],
							"rotation": [16.0963, 34.84748, 3.49226],
							"uv": {
								"north": {"uv": [64, 70], "uv_size": [4, 4]},
								"east": {"uv": [54, 70], "uv_size": [10, 4]},
								"south": {"uv": [78, 70], "uv_size": [4, 4]},
								"west": {"uv": [68, 70], "uv_size": [10, 4]},
								"up": {"uv": [64, 60], "uv_size": [4, 10]},
								"down": {"uv": [68, 70], "uv_size": [4, -10]}
							}
						},
						{
							"origin": [-8.75278, -9.12409, 5.63089],
							"size": [3, 8, 3],
							"pivot": [8, 6, -1],
							"rotation": [55.019, -4.98093, -0.43688],
							"uv": {
								"north": {"uv": [58, 4], "uv_size": [3, 8]},
								"east": {"uv": [55, 4], "uv_size": [3, 8]},
								"south": {"uv": [64, 4], "uv_size": [3, 8]},
								"west": {"uv": [61, 4], "uv_size": [3, 8]},
								"up": {"uv": [58, 1], "uv_size": [3, 3]},
								"down": {"uv": [61, 4], "uv_size": [3, -3]}
							}
						},
						{
							"origin": [-11.7316, -3.3932, -13.60333],
							"size": [3, 4, 2],
							"pivot": [8, 6, -1],
							"rotation": [130.019, 4.98093, 0.43688],
							"uv": {
								"north": {"uv": [36, 6], "uv_size": [3, 4]},
								"east": {"uv": [34, 6], "uv_size": [2, 4]},
								"south": {"uv": [41, 6], "uv_size": [3, 4]},
								"west": {"uv": [39, 6], "uv_size": [2, 4]},
								"up": {"uv": [36, 4], "uv_size": [3, 2]},
								"down": {"uv": [39, 6], "uv_size": [3, -2]}
							}
						},
						{
							"origin": [-14.59029, 1.15168, -9.42097],
							"size": [3, 4, 1],
							"pivot": [8, 6, -1],
							"rotation": [130.3191, 19.92066, 1.81693],
							"uv": {
								"north": {"uv": [55, 57], "uv_size": [3, 4]},
								"east": {"uv": [54, 57], "uv_size": [1, 4]},
								"south": {"uv": [59, 57], "uv_size": [3, 4]},
								"west": {"uv": [58, 57], "uv_size": [1, 4]},
								"up": {"uv": [55, 56], "uv_size": [3, 1]},
								"down": {"uv": [58, 57], "uv_size": [3, -1]}
							}
						},
						{
							"origin": [-4.40998, -9.04507, -11.24906],
							"size": [1, 4, 1],
							"pivot": [8, 6, -1],
							"rotation": [110.17544, -14.94159, -1.3378],
							"uv": {
								"north": {"uv": [30, 69], "uv_size": [1, 4]},
								"east": {"uv": [29, 69], "uv_size": [1, 4]},
								"south": {"uv": [32, 69], "uv_size": [1, 4]},
								"west": {"uv": [31, 69], "uv_size": [1, 4]},
								"up": {"uv": [30, 68], "uv_size": [1, 1]},
								"down": {"uv": [31, 69], "uv_size": [1, -1]}
							}
						},
						{
							"origin": [-13.14093, 0.28114, -9.32196],
							"size": [2, 4, 1],
							"pivot": [8, 6, -1],
							"rotation": [110.17544, 14.94159, 1.3378],
							"uv": {
								"north": {"uv": [24, 69], "uv_size": [2, 4]},
								"east": {"uv": [23, 69], "uv_size": [1, 4]},
								"south": {"uv": [27, 69], "uv_size": [2, 4]},
								"west": {"uv": [26, 69], "uv_size": [1, 4]},
								"up": {"uv": [24, 68], "uv_size": [2, 1]},
								"down": {"uv": [26, 69], "uv_size": [2, -1]}
							}
						},
						{
							"origin": [-15.67563, 6.68402, -7.33836],
							"size": [1, 4, 1],
							"pivot": [8, 6, -1],
							"rotation": [111.0963, 34.84748, 3.49226],
							"uv": {
								"north": {"uv": [61, 62], "uv_size": [1, 4]},
								"east": {"uv": [60, 62], "uv_size": [1, 4]},
								"south": {"uv": [63, 62], "uv_size": [1, 4]},
								"west": {"uv": [62, 62], "uv_size": [1, 4]},
								"up": {"uv": [61, 61], "uv_size": [1, 1]},
								"down": {"uv": [62, 62], "uv_size": [1, -1]}
							}
						},
						{
							"origin": [-9.08169, -9.77868, -11.03472],
							"size": [2, 4, 1],
							"pivot": [8, 6, -1],
							"rotation": [120, 0, 0],
							"uv": {
								"north": {"uv": [1, 69], "uv_size": [2, 4]},
								"east": {"uv": [0, 69], "uv_size": [1, 4]},
								"south": {"uv": [4, 69], "uv_size": [2, 4]},
								"west": {"uv": [3, 69], "uv_size": [1, 4]},
								"up": {"uv": [1, 68], "uv_size": [2, 1]},
								"down": {"uv": [3, 69], "uv_size": [2, -1]}
							}
						},
						{
							"origin": [-13.44834, -5.77795, -9.16915],
							"size": [2, 4, 1],
							"pivot": [8, 6, -1],
							"rotation": [120.17544, 14.94159, 1.3378],
							"uv": {
								"north": {"uv": [55, 62], "uv_size": [2, 4]},
								"east": {"uv": [54, 62], "uv_size": [1, 4]},
								"south": {"uv": [58, 62], "uv_size": [2, 4]},
								"west": {"uv": [57, 62], "uv_size": [1, 4]},
								"up": {"uv": [55, 61], "uv_size": [2, 1]},
								"down": {"uv": [57, 62], "uv_size": [2, -1]}
							}
						},
						{
							"origin": [-9.08169, -5.04412, -16.02514],
							"size": [2, 3, 1],
							"pivot": [8, 6, -1],
							"rotation": [140, 0, 0],
							"uv": {
								"north": {"uv": [63, 57], "uv_size": [2, 3]},
								"east": {"uv": [62, 57], "uv_size": [1, 3]},
								"south": {"uv": [66, 57], "uv_size": [2, 3]},
								"west": {"uv": [65, 57], "uv_size": [1, 3]},
								"up": {"uv": [63, 56], "uv_size": [2, 1]},
								"down": {"uv": [65, 57], "uv_size": [2, -1]}
							}
						},
						{
							"origin": [-16.54979, 4.32798, -6.65304],
							"size": [1, 3, 1],
							"pivot": [8, 6, -1],
							"rotation": [141.0963, 34.84748, 3.49226],
							"uv": {
								"north": {"uv": [7, 1], "uv_size": [1, 3]},
								"east": {"uv": [6, 1], "uv_size": [1, 3]},
								"south": {"uv": [9, 1], "uv_size": [1, 3]},
								"west": {"uv": [8, 1], "uv_size": [1, 3]},
								"up": {"uv": [7, 0], "uv_size": [1, 1]},
								"down": {"uv": [8, 1], "uv_size": [1, -1]}
							}
						}
					]
				},
				{
					"name": "leg2",
					"parent": "lowerbody",
					"pivot": [4, 10, 14],
					"cubes": [
						{
							"origin": [8.21011, 5.89572, -4.01923],
							"size": [4, 4, 10],
							"pivot": [-8, 6, -1],
							"rotation": [16.0963, -34.84748, -3.49226],
							"uv": {
								"north": {"uv": [46, 66], "uv_size": [4, 4]},
								"east": {"uv": [36, 66], "uv_size": [10, 4]},
								"south": {"uv": [60, 66], "uv_size": [4, 4]},
								"west": {"uv": [50, 66], "uv_size": [10, 4]},
								"up": {"uv": [46, 56], "uv_size": [4, 10]},
								"down": {"uv": [50, 66], "uv_size": [4, -10]}
							}
						},
						{
							"origin": [5.75278, -9.12409, 5.63089],
							"size": [3, 8, 3],
							"pivot": [-8, 6, -1],
							"rotation": [55.019, 4.98093, 0.43688],
							"uv": {
								"north": {"uv": [51, 40], "uv_size": [3, 8]},
								"east": {"uv": [48, 40], "uv_size": [3, 8]},
								"south": {"uv": [57, 40], "uv_size": [3, 8]},
								"west": {"uv": [54, 40], "uv_size": [3, 8]},
								"up": {"uv": [51, 37], "uv_size": [3, 3]},
								"down": {"uv": [54, 40], "uv_size": [3, -3]}
							}
						},
						{
							"origin": [8.7316, -3.3932, -13.60333],
							"size": [3, 4, 2],
							"pivot": [-8, 6, -1],
							"rotation": [130.019, -4.98093, -0.43688],
							"uv": {
								"north": {"uv": [2, 20], "uv_size": [3, 4]},
								"east": {"uv": [0, 20], "uv_size": [2, 4]},
								"south": {"uv": [7, 20], "uv_size": [3, 4]},
								"west": {"uv": [5, 20], "uv_size": [2, 4]},
								"up": {"uv": [2, 18], "uv_size": [3, 2]},
								"down": {"uv": [5, 20], "uv_size": [3, -2]}
							}
						},
						{
							"origin": [11.59029, 1.15168, -9.42097],
							"size": [3, 4, 1],
							"pivot": [-8, 6, -1],
							"rotation": [130.3191, -19.92066, -1.81693],
							"uv": {
								"north": {"uv": [1, 54], "uv_size": [3, 4]},
								"east": {"uv": [0, 54], "uv_size": [1, 4]},
								"south": {"uv": [5, 54], "uv_size": [3, 4]},
								"west": {"uv": [4, 54], "uv_size": [1, 4]},
								"up": {"uv": [1, 53], "uv_size": [3, 1]},
								"down": {"uv": [4, 54], "uv_size": [3, -1]}
							}
						},
						{
							"origin": [3.40998, -9.04507, -11.24906],
							"size": [1, 4, 1],
							"pivot": [-8, 6, -1],
							"rotation": [110.17544, 14.94159, 1.3378],
							"uv": {
								"north": {"uv": [43, 61], "uv_size": [1, 4]},
								"east": {"uv": [42, 61], "uv_size": [1, 4]},
								"south": {"uv": [45, 61], "uv_size": [1, 4]},
								"west": {"uv": [44, 61], "uv_size": [1, 4]},
								"up": {"uv": [43, 60], "uv_size": [1, 1]},
								"down": {"uv": [44, 61], "uv_size": [1, -1]}
							}
						},
						{
							"origin": [11.14093, 0.28114, -9.32196],
							"size": [2, 4, 1],
							"pivot": [-8, 6, -1],
							"rotation": [110.17544, -14.94159, -1.3378],
							"uv": {
								"north": {"uv": [37, 61], "uv_size": [2, 4]},
								"east": {"uv": [36, 61], "uv_size": [1, 4]},
								"south": {"uv": [40, 61], "uv_size": [2, 4]},
								"west": {"uv": [39, 61], "uv_size": [1, 4]},
								"up": {"uv": [37, 60], "uv_size": [2, 1]},
								"down": {"uv": [39, 61], "uv_size": [2, -1]}
							}
						},
						{
							"origin": [14.67563, 6.68402, -7.33836],
							"size": [1, 4, 1],
							"pivot": [-8, 6, -1],
							"rotation": [111.0963, -34.84748, -3.49226],
							"uv": {
								"north": {"uv": [7, 59], "uv_size": [1, 4]},
								"east": {"uv": [6, 59], "uv_size": [1, 4]},
								"south": {"uv": [9, 59], "uv_size": [1, 4]},
								"west": {"uv": [8, 59], "uv_size": [1, 4]},
								"up": {"uv": [7, 58], "uv_size": [1, 1]},
								"down": {"uv": [8, 59], "uv_size": [1, -1]}
							}
						},
						{
							"origin": [7.08169, -9.77868, -11.03472],
							"size": [2, 4, 1],
							"pivot": [-8, 6, -1],
							"rotation": [120, 0, 0],
							"uv": {
								"north": {"uv": [1, 59], "uv_size": [2, 4]},
								"east": {"uv": [0, 59], "uv_size": [1, 4]},
								"south": {"uv": [4, 59], "uv_size": [2, 4]},
								"west": {"uv": [3, 59], "uv_size": [1, 4]},
								"up": {"uv": [1, 58], "uv_size": [2, 1]},
								"down": {"uv": [3, 59], "uv_size": [2, -1]}
							}
						},
						{
							"origin": [11.44834, -5.77795, -9.16915],
							"size": [2, 4, 1],
							"pivot": [-8, 6, -1],
							"rotation": [120.17544, -14.94159, -1.3378],
							"uv": {
								"north": {"uv": [1, 35], "uv_size": [2, 4]},
								"east": {"uv": [0, 35], "uv_size": [1, 4]},
								"south": {"uv": [4, 35], "uv_size": [2, 4]},
								"west": {"uv": [3, 35], "uv_size": [1, 4]},
								"up": {"uv": [1, 34], "uv_size": [2, 1]},
								"down": {"uv": [3, 35], "uv_size": [2, -1]}
							}
						},
						{
							"origin": [7.08169, -5.04412, -16.02514],
							"size": [2, 3, 1],
							"pivot": [-8, 6, -1],
							"rotation": [140, 0, 0],
							"uv": {
								"north": {"uv": [32, 38], "uv_size": [2, 3]},
								"east": {"uv": [31, 38], "uv_size": [1, 3]},
								"south": {"uv": [35, 38], "uv_size": [2, 3]},
								"west": {"uv": [34, 38], "uv_size": [1, 3]},
								"up": {"uv": [32, 37], "uv_size": [2, 1]},
								"down": {"uv": [34, 38], "uv_size": [2, -1]}
							}
						},
						{
							"origin": [15.54979, 4.32798, -6.65304],
							"size": [1, 3, 1],
							"pivot": [-8, 6, -1],
							"rotation": [141.0963, -34.84748, -3.49226],
							"uv": {
								"north": {"uv": [1, 1], "uv_size": [1, 3]},
								"east": {"uv": [0, 1], "uv_size": [1, 3]},
								"south": {"uv": [3, 1], "uv_size": [1, 3]},
								"west": {"uv": [2, 1], "uv_size": [1, 3]},
								"up": {"uv": [1, 0], "uv_size": [1, 1]},
								"down": {"uv": [2, 1], "uv_size": [1, -1]}
							}
						}
					]
				}
			]
		}
	]
}