{
	"format_version": "1.12.0",
	"minecraft:geometry": [
		{
			"description": {
				"identifier": "geometry.wildmutt_fp",
				"texture_width": 64,
				"texture_height": 64,
				"visible_bounds_width": 5,
				"visible_bounds_height": 5,
				"visible_bounds_offset": [0, 1.5, 0]
			},
			"bones": [
				{
					"name": "arms",
					"pivot": [2, -1, -6]
				},
				{
					"name": "1",
					"parent": "arms",
					"pivot": [-2, -3, -6],
					"rotation": [127.5, 22.5, -180]
				},
				{
					"name": "arm1_fp",
					"parent": "1",
					"pivot": [7, 8, -29],
					"rotation": [-5, 32.5, 35],
					"cubes": [
						{
							"origin": [-10.31541, 11.85, -29.21985],
							"size": [12, 5, 4],
							"pivot": [-4.63599, -7.28924, -26.21985],
							"rotation": [3.54002, -3.53329, 44.89077],
							"uv": {
								"north": {"uv": [43.5, 22], "uv_size": [-6, 2]},
								"east": {"uv": [45.5, 22], "uv_size": [-2, 2]},
								"south": {"uv": [51.5, 22], "uv_size": [-6, 2]},
								"west": {"uv": [37.5, 22], "uv_size": [-2, 2]},
								"up": {"uv": [43.5, 20], "uv_size": [-6, 2]},
								"down": {"uv": [49.5, 22], "uv_size": [-6, -2]}
							}
						},
						{
							"origin": [12.19779, 3.2956, -32.13723],
							"size": [5, 3, 14],
							"pivot": [-4.99787, -8.73868, -22.07925],
							"rotation": [50.75986, -2.24631, -7.28376],
							"uv": {
								"north": {"uv": [33, 26.5], "uv_size": [-2.5, 1.5]},
								"east": {"uv": [39.5, 26.5], "uv_size": [-6.5, 1.5]},
								"south": {"uv": [42, 26.5], "uv_size": [-2.5, 1.5]},
								"west": {"uv": [30.5, 26.5], "uv_size": [-6.5, 1.5]},
								"up": {"uv": [33, 20], "uv_size": [-2.5, 6.5]},
								"down": {"uv": [35.5, 26.5], "uv_size": [-2.5, -6.5]}
							}
						},
						{
							"origin": [13.3599, -0.29945, -32.72425],
							"size": [4, 3, 13],
							"pivot": [-7, -5, -27],
							"rotation": [50.019, 4.98093, 0.43688],
							"uv": {
								"north": {"uv": [35.5, 14.5], "uv_size": [-2, 1.5]},
								"east": {"uv": [42, 14.5], "uv_size": [-6.5, 1.5]},
								"south": {"uv": [44, 14.5], "uv_size": [-2, 1.5]},
								"west": {"uv": [33.5, 14.5], "uv_size": [-6.5, 1.5]},
								"up": {"uv": [35.5, 8], "uv_size": [-2, 6.5]},
								"down": {"uv": [37.5, 14.5], "uv_size": [-2, -6.5]}
							}
						},
						{
							"origin": [10.19566, 1.4079, -38.67146],
							"size": [5, 3, 13],
							"pivot": [-7, -5, -27],
							"rotation": [40.07673, -9.96156, -0.88045],
							"uv": {
								"north": {"uv": [21.5, 25], "uv_size": [-2.5, 1.5]},
								"east": {"uv": [28, 25], "uv_size": [-6.5, 1.5]},
								"south": {"uv": [30.5, 25], "uv_size": [-2.5, 1.5]},
								"west": {"uv": [19, 25], "uv_size": [-6.5, 1.5]},
								"up": {"uv": [21.5, 18.5], "uv_size": [-2.5, 6.5]},
								"down": {"uv": [24, 25], "uv_size": [-2.5, -6.5]}
							}
						},
						{
							"origin": [12.48373, 4.23123, -33.19763],
							"size": [5, 3, 6],
							"pivot": [-7, -5, -27],
							"rotation": [85, 0, 0],
							"uv": {
								"north": {"uv": [39.5, 40], "uv_size": [-2.5, 1.5]},
								"east": {"uv": [42.5, 40], "uv_size": [-3, 1.5]},
								"south": {"uv": [45, 40], "uv_size": [-2.5, 1.5]},
								"west": {"uv": [37, 40], "uv_size": [-3, 1.5]},
								"up": {"uv": [39.5, 37], "uv_size": [-2.5, 3]},
								"down": {"uv": [42, 40], "uv_size": [-2.5, -3]}
							}
						},
						{
							"origin": [12.48373, 3.02998, -34.53281],
							"size": [5, 1, 6],
							"pivot": [-7, -5, -27],
							"rotation": [75, 0, 0],
							"uv": {
								"north": {"uv": [43, 11], "uv_size": [-2.5, 0.5]},
								"east": {"uv": [46, 11], "uv_size": [-3, 0.5]},
								"south": {"uv": [48.5, 11], "uv_size": [-2.5, 0.5]},
								"west": {"uv": [40.5, 11], "uv_size": [-3, 0.5]},
								"up": {"uv": [43, 8], "uv_size": [-2.5, 3]},
								"down": {"uv": [45.5, 11], "uv_size": [-2.5, -3]}
							}
						},
						{
							"origin": [9.92197, -6.04878, -51.40677],
							"size": [2, 2, 4],
							"pivot": [-7, -5, -27],
							"rotation": [15.3191, -19.92066, -1.81693],
							"uv": {
								"north": {"uv": [35, 43.5], "uv_size": [-1, 1]},
								"east": {"uv": [37, 43.5], "uv_size": [-2, 1]},
								"south": {"uv": [38, 43.5], "uv_size": [-1, 1]},
								"west": {"uv": [34, 43.5], "uv_size": [-2, 1]},
								"up": {"uv": [35, 41.5], "uv_size": [-1, 2]},
								"down": {"uv": [36, 43.5], "uv_size": [-1, -2]}
							}
						},
						{
							"origin": [14.16856, -7.26599, -44.50366],
							"size": [2, 2, 4],
							"pivot": [-7, -5, -27],
							"rotation": [15, 0, 0],
							"uv": {
								"north": {"uv": [29, 43.5], "uv_size": [-1, 1]},
								"east": {"uv": [31, 43.5], "uv_size": [-2, 1]},
								"south": {"uv": [32, 43.5], "uv_size": [-1, 1]},
								"west": {"uv": [28, 43.5], "uv_size": [-2, 1]},
								"up": {"uv": [29, 41.5], "uv_size": [-1, 2]},
								"down": {"uv": [30, 43.5], "uv_size": [-1, -2]}
							}
						},
						{
							"origin": [12.48373, -9.67414, -40.18239],
							"size": [5, 2, 3],
							"pivot": [-7, -5, -27],
							"rotation": [5, 0, 0],
							"uv": {
								"north": {"uv": [41.5, 13], "uv_size": [-2.5, 1]},
								"east": {"uv": [43, 13], "uv_size": [-1.5, 1]},
								"south": {"uv": [45.5, 13], "uv_size": [-2.5, 1]},
								"west": {"uv": [39, 13], "uv_size": [-1.5, 1]},
								"up": {"uv": [41.5, 11.5], "uv_size": [-2.5, 1.5]},
								"down": {"uv": [44, 13], "uv_size": [-2.5, -1.5]}
							}
						},
						{
							"origin": [15.4245, -8.662, -36.58651],
							"size": [2, 2, 4],
							"pivot": [-7, -5, -27],
							"rotation": [15.3191, 19.92066, 1.81693],
							"uv": {
								"north": {"uv": [23, 43.5], "uv_size": [-1, 1]},
								"east": {"uv": [25, 43.5], "uv_size": [-2, 1]},
								"south": {"uv": [26, 43.5], "uv_size": [-1, 1]},
								"west": {"uv": [22, 43.5], "uv_size": [-2, 1]},
								"up": {"uv": [23, 41.5], "uv_size": [-1, 2]},
								"down": {"uv": [24, 43.5], "uv_size": [-1, -2]}
							}
						},
						{
							"origin": [4.07247, -17.85489, -15.02474],
							"size": [2, 2, 4],
							"pivot": [-7, -5, -27],
							"rotation": [65.10257, 84.26912, 34.89743],
							"uv": {
								"north": {"uv": [44, 35], "uv_size": [-1, 1]},
								"east": {"uv": [46, 35], "uv_size": [-2, 1]},
								"south": {"uv": [47, 35], "uv_size": [-1, 1]},
								"west": {"uv": [43, 35], "uv_size": [-2, 1]},
								"up": {"uv": [44, 33], "uv_size": [-1, 2]},
								"down": {"uv": [45, 35], "uv_size": [-1, -2]}
							}
						}
					]
				},
				{
					"name": "2",
					"parent": "arms",
					"pivot": [2, -3, -6],
					"rotation": [127.5, -22.5, 180]
				},
				{
					"name": "arm2_fp",
					"parent": "2",
					"pivot": [-7, 8, -29],
					"rotation": [-5, -32.5, -35],
					"cubes": [
						{
							"origin": [-1.68459, 11.85, -29.21985],
							"size": [12, 5, 4],
							"pivot": [4.63599, -7.28924, -26.21985],
							"rotation": [3.54002, 3.53329, -44.89077],
							"uv": {
								"north": {"uv": [37.5, 22], "uv_size": [6, 2]},
								"east": {"uv": [35.5, 22], "uv_size": [2, 2]},
								"south": {"uv": [45.5, 22], "uv_size": [6, 2]},
								"west": {"uv": [43.5, 22], "uv_size": [2, 2]},
								"up": {"uv": [37.5, 20], "uv_size": [6, 2]},
								"down": {"uv": [43.5, 22], "uv_size": [6, -2]}
							}
						},
						{
							"origin": [-17.19779, 3.2956, -32.13723],
							"size": [5, 3, 14],
							"pivot": [4.99787, -8.73868, -22.07925],
							"rotation": [50.75986, 2.24631, 7.28376],
							"uv": {
								"north": {"uv": [30.5, 26.5], "uv_size": [2.5, 1.5]},
								"east": {"uv": [24, 26.5], "uv_size": [6.5, 1.5]},
								"south": {"uv": [39.5, 26.5], "uv_size": [2.5, 1.5]},
								"west": {"uv": [33, 26.5], "uv_size": [6.5, 1.5]},
								"up": {"uv": [30.5, 20], "uv_size": [2.5, 6.5]},
								"down": {"uv": [33, 26.5], "uv_size": [2.5, -6.5]}
							}
						},
						{
							"origin": [-17.3599, -0.29945, -32.72425],
							"size": [4, 3, 13],
							"pivot": [7, -5, -27],
							"rotation": [50.019, -4.98093, -0.43688],
							"uv": {
								"north": {"uv": [33.5, 14.5], "uv_size": [2, 1.5]},
								"east": {"uv": [27, 14.5], "uv_size": [6.5, 1.5]},
								"south": {"uv": [42, 14.5], "uv_size": [2, 1.5]},
								"west": {"uv": [35.5, 14.5], "uv_size": [6.5, 1.5]},
								"up": {"uv": [33.5, 8], "uv_size": [2, 6.5]},
								"down": {"uv": [35.5, 14.5], "uv_size": [2, -6.5]}
							}
						},
						{
							"origin": [-15.19566, 1.4079, -38.67146],
							"size": [5, 3, 13],
							"pivot": [7, -5, -27],
							"rotation": [40.07673, 9.96156, 0.88045],
							"uv": {
								"north": {"uv": [19, 25], "uv_size": [2.5, 1.5]},
								"east": {"uv": [12.5, 25], "uv_size": [6.5, 1.5]},
								"south": {"uv": [28, 25], "uv_size": [2.5, 1.5]},
								"west": {"uv": [21.5, 25], "uv_size": [6.5, 1.5]},
								"up": {"uv": [19, 18.5], "uv_size": [2.5, 6.5]},
								"down": {"uv": [21.5, 25], "uv_size": [2.5, -6.5]}
							}
						},
						{
							"origin": [-17.48373, 4.23123, -33.19763],
							"size": [5, 3, 6],
							"pivot": [7, -5, -27],
							"rotation": [85, 0, 0],
							"uv": {
								"north": {"uv": [37, 40], "uv_size": [2.5, 1.5]},
								"east": {"uv": [34, 40], "uv_size": [3, 1.5]},
								"south": {"uv": [42.5, 40], "uv_size": [2.5, 1.5]},
								"west": {"uv": [39.5, 40], "uv_size": [3, 1.5]},
								"up": {"uv": [37, 37], "uv_size": [2.5, 3]},
								"down": {"uv": [39.5, 40], "uv_size": [2.5, -3]}
							}
						},
						{
							"origin": [-17.48373, 3.02998, -34.53281],
							"size": [5, 1, 6],
							"pivot": [7, -5, -27],
							"rotation": [75, 0, 0],
							"uv": {
								"north": {"uv": [40.5, 11], "uv_size": [2.5, 0.5]},
								"east": {"uv": [37.5, 11], "uv_size": [3, 0.5]},
								"south": {"uv": [46, 11], "uv_size": [2.5, 0.5]},
								"west": {"uv": [43, 11], "uv_size": [3, 0.5]},
								"up": {"uv": [40.5, 8], "uv_size": [2.5, 3]},
								"down": {"uv": [43, 11], "uv_size": [2.5, -3]}
							}
						},
						{
							"origin": [-11.92197, -6.04878, -51.40677],
							"size": [2, 2, 4],
							"pivot": [7, -5, -27],
							"rotation": [15.3191, 19.92066, 1.81693],
							"uv": {
								"north": {"uv": [34, 43.5], "uv_size": [1, 1]},
								"east": {"uv": [32, 43.5], "uv_size": [2, 1]},
								"south": {"uv": [37, 43.5], "uv_size": [1, 1]},
								"west": {"uv": [35, 43.5], "uv_size": [2, 1]},
								"up": {"uv": [34, 41.5], "uv_size": [1, 2]},
								"down": {"uv": [35, 43.5], "uv_size": [1, -2]}
							}
						},
						{
							"origin": [-16.16856, -7.26599, -44.50366],
							"size": [2, 2, 4],
							"pivot": [7, -5, -27],
							"rotation": [15, 0, 0],
							"uv": {
								"north": {"uv": [28, 43.5], "uv_size": [1, 1]},
								"east": {"uv": [26, 43.5], "uv_size": [2, 1]},
								"south": {"uv": [31, 43.5], "uv_size": [1, 1]},
								"west": {"uv": [29, 43.5], "uv_size": [2, 1]},
								"up": {"uv": [28, 41.5], "uv_size": [1, 2]},
								"down": {"uv": [29, 43.5], "uv_size": [1, -2]}
							}
						},
						{
							"origin": [-17.48373, -9.67414, -40.18239],
							"size": [5, 2, 3],
							"pivot": [7, -5, -27],
							"rotation": [5, 0, 0],
							"uv": {
								"north": {"uv": [39, 13], "uv_size": [2.5, 1]},
								"east": {"uv": [37.5, 13], "uv_size": [1.5, 1]},
								"south": {"uv": [43, 13], "uv_size": [2.5, 1]},
								"west": {"uv": [41.5, 13], "uv_size": [1.5, 1]},
								"up": {"uv": [39, 11.5], "uv_size": [2.5, 1.5]},
								"down": {"uv": [41.5, 13], "uv_size": [2.5, -1.5]}
							}
						},
						{
							"origin": [-17.4245, -8.662, -36.58651],
							"size": [2, 2, 4],
							"pivot": [7, -5, -27],
							"rotation": [15.3191, -19.92066, -1.81693],
							"uv": {
								"north": {"uv": [22, 43.5], "uv_size": [1, 1]},
								"east": {"uv": [20, 43.5], "uv_size": [2, 1]},
								"south": {"uv": [25, 43.5], "uv_size": [1, 1]},
								"west": {"uv": [23, 43.5], "uv_size": [2, 1]},
								"up": {"uv": [22, 41.5], "uv_size": [1, 2]},
								"down": {"uv": [23, 43.5], "uv_size": [1, -2]}
							}
						},
						{
							"origin": [-6.07247, -17.85489, -15.02474],
							"size": [2, 2, 4],
							"pivot": [7, -5, -27],
							"rotation": [65.10257, -84.26912, -34.89743],
							"uv": {
								"north": {"uv": [43, 35], "uv_size": [1, 1]},
								"east": {"uv": [41, 35], "uv_size": [2, 1]},
								"south": {"uv": [46, 35], "uv_size": [1, 1]},
								"west": {"uv": [44, 35], "uv_size": [2, 1]},
								"up": {"uv": [43, 33], "uv_size": [1, 2]},
								"down": {"uv": [44, 35], "uv_size": [1, -2]}
							}
						}
					]
				},
				{
					"name": "vision",
					"pivot": [0, 0, -5],
					"cubes": [
						{
							"origin": [-8, 20, 2],
							"size": [16, 14, 0],
							"uv": {
								"north": {"uv": [0, 0], "uv_size": [32, 28]},
								"east": {"uv": [0, 0], "uv_size": [0, 28]},
								"south": {"uv": [32, 0], "uv_size": [32, 28]},
								"west": {"uv": [32, 0], "uv_size": [0, 28]},
								"up": {"uv": [0, 0], "uv_size": [32, 0]},
								"down": {"uv": [32, 0], "uv_size": [32, 0]}
							}
						},
						{
							"origin": [-8, 6, 2],
							"size": [16, 14, 0],
							"uv": {
								"north": {"uv": [0, 0], "uv_size": [32, 28]},
								"east": {"uv": [0, 0], "uv_size": [0, 28]},
								"south": {"uv": [32, 0], "uv_size": [32, 28]},
								"west": {"uv": [32, 0], "uv_size": [0, 28]},
								"up": {"uv": [0, 0], "uv_size": [32, 0]},
								"down": {"uv": [32, 0], "uv_size": [32, 0]}
							}
						},
						{
							"origin": [-24, 6, 2],
							"size": [16, 14, 0],
							"uv": {
								"north": {"uv": [0, 0], "uv_size": [32, 28]},
								"east": {"uv": [0, 0], "uv_size": [0, 28]},
								"south": {"uv": [32, 0], "uv_size": [32, 28]},
								"west": {"uv": [32, 0], "uv_size": [0, 28]},
								"up": {"uv": [0, 0], "uv_size": [32, 0]},
								"down": {"uv": [32, 0], "uv_size": [32, 0]}
							}
						},
						{
							"origin": [-24, 20, 2],
							"size": [16, 14, 0],
							"uv": {
								"north": {"uv": [0, 0], "uv_size": [32, 28]},
								"east": {"uv": [0, 0], "uv_size": [0, 28]},
								"south": {"uv": [32, 0], "uv_size": [32, 28]},
								"west": {"uv": [32, 0], "uv_size": [0, 28]},
								"up": {"uv": [0, 0], "uv_size": [32, 0]},
								"down": {"uv": [32, 0], "uv_size": [32, 0]}
							}
						},
						{
							"origin": [-24, 34, 2],
							"size": [16, 14, 0],
							"uv": {
								"north": {"uv": [0, 0], "uv_size": [32, 28]},
								"east": {"uv": [0, 0], "uv_size": [0, 28]},
								"south": {"uv": [32, 0], "uv_size": [32, 28]},
								"west": {"uv": [32, 0], "uv_size": [0, 28]},
								"up": {"uv": [0, 0], "uv_size": [32, 0]},
								"down": {"uv": [32, 0], "uv_size": [32, 0]}
							}
						},
						{
							"origin": [-8, 34, 2],
							"size": [16, 14, 0],
							"uv": {
								"north": {"uv": [0, 0], "uv_size": [32, 28]},
								"east": {"uv": [0, 0], "uv_size": [0, 28]},
								"south": {"uv": [32, 0], "uv_size": [32, 28]},
								"west": {"uv": [32, 0], "uv_size": [0, 28]},
								"up": {"uv": [0, 0], "uv_size": [32, 0]},
								"down": {"uv": [32, 0], "uv_size": [32, 0]}
							}
						},
						{
							"origin": [8, 34, 2],
							"size": [16, 14, 0],
							"uv": {
								"north": {"uv": [0, 0], "uv_size": [32, 28]},
								"east": {"uv": [0, 0], "uv_size": [0, 28]},
								"south": {"uv": [32, 0], "uv_size": [32, 28]},
								"west": {"uv": [32, 0], "uv_size": [0, 28]},
								"up": {"uv": [0, 0], "uv_size": [32, 0]},
								"down": {"uv": [32, 0], "uv_size": [32, 0]}
							}
						},
						{
							"origin": [8, 20, 2],
							"size": [16, 14, 0],
							"uv": {
								"north": {"uv": [0, 0], "uv_size": [32, 28]},
								"east": {"uv": [0, 0], "uv_size": [0, 28]},
								"south": {"uv": [32, 0], "uv_size": [32, 28]},
								"west": {"uv": [32, 0], "uv_size": [0, 28]},
								"up": {"uv": [0, 0], "uv_size": [32, 0]},
								"down": {"uv": [32, 0], "uv_size": [32, 0]}
							}
						},
						{
							"origin": [8, 6, 2],
							"size": [16, 14, 0],
							"uv": {
								"north": {"uv": [0, 0], "uv_size": [32, 28]},
								"east": {"uv": [0, 0], "uv_size": [0, 28]},
								"south": {"uv": [32, 0], "uv_size": [32, 28]},
								"west": {"uv": [32, 0], "uv_size": [0, 28]},
								"up": {"uv": [0, 0], "uv_size": [32, 0]},
								"down": {"uv": [32, 0], "uv_size": [32, 0]}
							}
						}
					]
				}
			]
		}
	]
}