{
    "format_version": "1.10.0",
    "animation_controllers": {
		"controller.animation.dr_viktor.ultimate_lightning": {
			"states": {
				"base": {
					"transitions": [
					{
						"strike": "query.is_casting"
					}
				],
					"on_entry": [""]
			},
				"strike": {
					"transitions": [
					{
						"default": "!query.is_casting"
					}
				],
					"on_entry": [
						"/execute @e[type=!enemy:dr_viktor, type=!enemy:dr_viktor.human, type=!electro:lightning, type=!omni:omnitrix, type=!item:corrodium, type=!random_item:falling_sphere, type=!random_item:falled_sphere, type=!random_item:useless_sphere] ~ ~ ~ summon lightning_bolt ~ ~ ~"
				    ]
				}
			}
		}
	}
}