{
    "format_version": "1.10.0",
    "animation_controllers": {
		"controller.animation.hb.effects": {
			"states": {
				"base": {
					"transitions": [
					{
						"effects": "!query.is_in_water_or_rain"
					}
				],
					"on_entry": [""]
			},
				"effects": {
					"transitions": [
					{
						"default": "(1.0)"
					}
				],
					"on_entry": ["/effect @s jump_boost 9000 5 true", "/effect @s slow_falling 9000 255 true"]
				}
			}
		},
		
		"controller.animation.hb.effects.remove": {
			"states": {
				"base": {
					"transitions": [
					{
						"remove": "query.is_in_water_or_rain"
					}
				],
					"on_entry": [""]
			},
				"remove": {
					"transitions": [
					{
						"default": "!query.is_in_water_or_rain"
					}
				],
					"on_entry": ["/effect @s clear"]
				}
			}
		},
		
		"controller.animation.hb_fireballs": {
			"states": {
				"base": {
					"transitions": [
					{
						"shoots_fireballs": "query.is_sneaking && query.is_saddled && !query.is_in_water_or_rain"
					}
				],
					"on_entry": [""]
			},
				"shoots_fireballs": {
					"transitions": [
					{
						"default": "(1.0)"
					}
				],
					"on_entry": ["@s shoots_fireball", "/execute @s[scores={omni_timer=1..3870}] ~~~ scoreboard players add @s omni_timer 5"]
				}
			}
		}
	}
}