{
    "format_version": "1.10.0",
    "animation_controllers": {
		"controller.animation.player_alien.fatal": {
			"states": {
				"base": {
					"transitions": [
					{
						"fatal": "query.mark_variant > 0 && !query.is_alive"
					},
					{
						"fatal2": "query.variant == 100 && !query.is_alive"
					},
					{
						"fatal3": "(query.variant > 0 && query.variant < 100) && !query.is_alive"
					}
				],
					"on_entry": [""]
			},
				"fatal": {
					"transitions": [
					{
						"default": "(1.0)"
					}
				],
					"on_entry": [
						"/tag @s add untransform",
						"/effect @s regeneration 3 255 true",
						"/scoreboard objectives add omni_recharger dummy",
						"/scoreboard players set @s omni_recharger 0",
						"/spawnpoint @s ~~~"
				    ]
				},
				"fatal2": {
					"transitions": [
					{
						"default": "(1.0)"
					}
				],
					"on_entry": [
						"/effect @s regeneration 3 255 true",
						"/scoreboard objectives add omni_recharger dummy",
						"/spawnpoint @s ~~~"
				    ]
				},
				"fatal3": {
					"transitions": [
					{
						"default": "(1.0)"
					}
				],
					"on_entry": [
						"/effect @s regeneration 3 255 true",
						"/tag @s remove chooses_wildmutt",
                        "/tag @s remove chooses_fourarms",
                        "/tag @s remove chooses_greymatter",
                        "/tag @s remove chooses_xlr8",
                        "/tag @s remove chooses_upgrade",
                        "/tag @s remove chooses_diamondhead",
                        "/tag @s remove chooses_ripjaws",
                        "/tag @s remove chooses_stinkfly",
                        "/tag @s remove chooses_ghostfreak",
                        "/tag @s remove chooses_cannonbolt",
                        "/tag @s remove chooses_heatblast",
						"/tag @s remove chooses_ditto",
						"/tag @s remove chooses_eye_guy",
						"/tag @s remove chooses_wildvine",
						"/tag @s remove chooses_benmummy",
						"/tag @s remove chooses_benwolf",
						"/tag @s remove chooses_benvicktor",
						"/tag @s remove chooses_upchuck",
						"/tag @s remove chooses_way_big",
						"/spawnpoint @s ~~~"
				    ]
				}
			}
		}
	}
}