{
    "format_version": "1.10.0",
    "animation_controllers": {
		"controller.animation.stinkfly_projectiles": {
			"states": {
				"base": {
					"transitions": [
					{
						"shoots_stinkballs": "query.is_sneaking && query.is_saddled"
					}
				],
					"on_entry": [""]
			},
				"shoots_stinkballs": {
					"transitions": [
					{
						"default": "(1.0)"
					}
				],
					"on_entry": ["@s shoots_stinkball", "/execute @s[scores={omni_timer=1..3870}] ~~~ scoreboard players add @s omni_timer 5"]
				}
			}
		},
		
		"controller.animation.stinkfly.flying_sound": {
			"states": {
				"base": {
					"transitions": [
					{
						"wings": "(1.0)"
					}
				],
					"on_entry": [""]
			},
				"wings": {
					"transitions": [
					{
						"default": "(1.0)"
					}
				],
					"on_entry": [
					  "/scoreboard objectives add flying_sound dummy",
				      "/scoreboard players add @s flying_sound 1",
						
					  "/execute @s[scores={flying_sound=1}] ~~~ playsound mob.stinkfly.wings @a[r=20] ~~~",
					  "/execute @s[scores={flying_sound=3}] ~~~ scoreboard players set @s flying_sound 0"
					]
				}
			}
		},
		
		"controller.animation.stinkfly.fly_sound": {
			"states": {
				"base": {
					"transitions": [
					{
						"wings": "query.is_moving"
					}
				],
					"on_entry": [""]
			},
				"wings": {
					"transitions": [
					{
						"default": "(1.0)"
					}
				],
					"on_entry": [
					  "/stopsound @a[r=20] step.ancient_debris",
				      "/stopsound @a[r=20] step.basalt",
				      "/stopsound @a[r=20] step.bone_block",
				      "/stopsound @a[r=20] step.cloth",
					  "/stopsound @a[r=20] step.chain",
					  "/stopsound @a[r=20] step.coral",
					  "/stopsound @a[r=20] step.grass",
					  "/stopsound @a[r=20] step.gravel",
					  "/stopsound @a[r=20] step.honey_block",
					  "/stopsound @a[r=20] step.ladder",
					  "/stopsound @a[r=20] step.nether_brick",
					  "/stopsound @a[r=20] step.nether_gold_ore",
					  "/stopsound @a[r=20] step.nether_sprouts",
					  "/stopsound @a[r=20] step.nether_wart",
					  "/stopsound @a[r=20] step.netherite",
					  "/stopsound @a[r=20] step.netherrack",
					  "/stopsound @a[r=20] step.nylium",
					  "/stopsound @a[r=20] step.roots",
					  "/stopsound @a[r=20] step.sand",
					  "/stopsound @a[r=20] step.shroomlight",
					  "/stopsound @a[r=20] step.slime",
					  "/stopsound @a[r=20] step.snow",
					  "/stopsound @a[r=20] step.soul_sand",
					  "/stopsound @a[r=20] step.soul_soil",
					  "/stopsound @a[r=20] step.stem",
					  "/stopsound @a[r=20] step.stone",
					  "/stopsound @a[r=20] step.vines",
					  "/stopsound @a[r=20] step.wood",
					  
					  "/scoreboard objectives add flying_sound dummy",
				      "/scoreboard players add @s flying_sound 1",
						
					  "/execute @s[scores={flying_sound=1}] ~~~ playsound mob.stinkfly.wings @a[r=20] ~~~",
					  "/execute @s[scores={flying_sound=3}] ~~~ scoreboard players set @s flying_sound 0"
					]
				}
			}
		},
		
		"controller.animation.player.alien.flying_ability": {
			"states": {
				"base": {
					"transitions": [
					{
						"fly": "(1.0)"
					}
				],
					"on_entry": [""]
			},
				"fly": {
					"transitions": [
					{
						"default": "(1.0)"
					}
				],
					"on_entry": [
						"/execute @p[rx=-35,rxm=-90] ~ ~ ~ effect @s levitation 1 9 true",
						"/execute @p[rx=90,rxm=5] ~ ~ ~ effect @s slow_falling 1 0 true"
					]
				}
			}
		}
	}
}