{
    "format_version": "1.10.0",
    "animation_controllers": {
		"controller.animation.alien.player.stretch_arms": {
			"states": {
				"base": {
					"transitions": [
					{
						"stretch_arms_upgrade": "query.mark_variant == 5 && query.get_equipped_item_name == 'stretch_arms' && query.is_using_item"
					},
					{
						"stretch_arms_wildvine": "query.mark_variant == 14 && query.get_equipped_item_name == 'stretch_arms' && query.is_using_item"
					},
					{
						"stretch_arms_benmummy": "query.mark_variant == 15 && query.get_equipped_item_name == 'stretch_arms' && query.is_using_item"
					}
				],
					"on_entry": [""]
			},
				"stretch_arms_upgrade": {
					"transitions": [
					{
						"default": "!query.is_using_item"
					}
				],
					"on_entry": [
					  "@s arms_stretched_upgrade",
					  "/tag @s add remove_arms_stretched_tp",
					  "/tag @s remove arms_stretched_tp",
					  "/playsound mob.upgrade.stretch_arms @a[r=10]",
					  "/stopsound @p mob.endermen.portal"
					]
				},
				"stretch_arms_wildvine": {
					"transitions": [
					{
						"default": "!query.is_using_item"
					}
				],
					"on_entry": [
					  "@s arms_stretched_wildvine",
					  "/tag @s add remove_arms_stretched_tp",
					  "/tag @s remove arms_stretched_tp",
					  "/playsound mob.wildvine.stretch_arms @a[r=5]",
					  "/stopsound @p mob.endermen.portal"
					]
				},
				"stretch_arms_benmummy": {
					"transitions": [
					{
						"default": "!query.is_using_item"
					}
				],
					"on_entry": [
					  "@s arms_stretched_benmummy",
					  "/tag @s add remove_arms_stretched_tp",
					  "/tag @s remove arms_stretched_tp",
					  "/playsound mob.benmummy.stretch_arms @a[r=5]",
					  "/stopsound @p mob.endermen.portal"
					]
				}
			}
		},
		
		"controller.animation.player.alien.stays": {
			"states": {
				"base": {
					"transitions": [
					{
						"stays": "query.get_equipped_item_name == 'stretch_arms' && query.is_using_item && !query.is_tamed"
					},
					{
					    "not_stays": "query.get_equipped_item_name != 'stretch_arms' || !query.is_using_item"
					}
				],
					"on_entry": [""]
			},
				"stays": {
					"transitions": [
					{
						"default": "(1.0)"
					}
				],
					"on_entry": [
					  "/gamerule sendcommandfeedback false",
					  "/execute @s[tag=!arms_stretched_tp] ~~~ tp @s ~~~",
					  "/stopsound @p mob.endermen.portal"
					]
				},
				"not_stays": {
					"transitions": [
					{
						"default": "query.get_equipped_item_name == 'stretch_arms' && query.is_using_item"
					}
				],
					"on_entry": [
					  "/gamerule sendcommandfeedback true",
					  "/stopsound @p mob.endermen.portal"
					]
				}
			}
		},
		
		"controller.animation.air": {
			"states": {
				"default": {
					"on_entry": [
						"/tag @p[tag=upgrade_transformed] add arms_stretched_tp",
						"/tag @p[tag=upgrade_transformed] remove remove_arms_stretched_tp",
						
						"/tag @p[tag=wildvine_transformed] add arms_stretched_tp",
						"/tag @p[tag=wildvine_transformed] remove remove_arms_stretched_tp",
						
						"/tag @p[tag=benmummy_transformed] add arms_stretched_tp",
						"/tag @p[tag=benmummy_transformed] remove remove_arms_stretched_tp",
						
						"/stopsound @p mob.endermen.portal"
					]
				}
			}
		},
		
		"controller.animation.stretch_arms_disable_sounds": {
			"states": {
				"base": {
					"transitions": [
					{
						"disable": "(1.0)"
					}
				],
					"on_entry": [""]
			},
				"disable": {
					"transitions": [
					{
						"default": "(1.0)"
					}
				],
					"on_entry": [
					  "/stopsound @p mob.endermen.portal"
					]
				}
			}
		}
	}
}