{
    "format_version": "1.10.0",
    "animation_controllers": {
		"controller.animation.digging_ability": {
			"states": {
				"base": {
					"transitions": [
					{
						"dig": "variable.attack_time && query.is_baby && query.get_equipped_item_name == ''"
					}
				],
					"on_entry": [""]
			},
				"dig": {
					"transitions": [
					{
						"default": "!variable.attack_time"
					}
				],
					"on_entry": [
				        "/execute @s ~ ~ ~ detect ^ ^-1 ^ grass 0 fill ~1 ~-1 ~1 ~-1 ~-1 ~-1 air 0 destroy",
				        "/execute @s ~ ~ ~ detect ^ ^-1 ^ dirt 0 fill ~1 ~-1 ~1 ~-1 ~-1 ~-1 air 0 destroy",
				        "/execute @s ~ ~ ~ detect ^ ^-1 ^ sand 0 fill ~1 ~-1 ~1 ~-1 ~-1 ~-1 air 0 destroy",
				        "/execute @s ~ ~ ~ detect ^ ^-1 ^ redsand 0 fill ~1 ~-1 ~1 ~-1 ~-1 ~-1 air 0 destroy",
				        "/execute @s ~ ~ ~ detect ^ ^-1 ^ gravel 0 fill ~1 ~-1 ~1 ~-1 ~-1 ~-1 air 0 destroy",
				        "/execute @s ~ ~ ~ detect ^ ^-1 ^ bamboo_sapling 0 fill ~1 ~-1 ~1 ~-1 ~-1 ~-1 air 0 destroy",
				        "/execute @s ~ ~ ~ detect ^ ^-1 ^ brown_mushroom_block 0 fill ~1 ~-1 ~1 ~-1 ~-1 ~-1 air 0 destroy",
				        "/execute @s ~ ~ ~ detect ^ ^-1 ^ chorus_flower 0 fill ~1 ~-1 ~1 ~-1 ~-1 ~-1 air 0 destroy",
				        "/execute @s ~ ~ ~ detect ^ ^-1 ^ chorus_plant 0 fill ~1 ~-1 ~1 ~-1 ~-1 ~-1 air 0 destroy",
				        "/execute @s ~ ~ ~ detect ^ ^-1 ^ clay 0 fill ~1 ~-1 ~1 ~-1 ~-1 ~-1 air 0 destroy",
				        "/execute @s ~ ~ ~ detect ^ ^-1 ^ cocoa 0 fill ~1 ~-1 ~1 ~-1 ~-1 ~-1 air 0 destroy",
				        "/execute @s ~ ~ ~ detect ^ ^-1 ^ grass_path 0 fill ~1 ~-1 ~1 ~-1 ~-1 ~-1 air 0 destroy",
				        "/execute @s ~ ~ ~ detect ^ ^-1 ^ hay_block 0 fill ~1 ~-1 ~1 ~-1 ~-1 ~-1 air 0 destroy",
				        "/execute @s ~ ~ ~ detect ^ ^-1 ^ leaves 0 fill ~1 ~-1 ~1 ~-1 ~-1 ~-1 air 0 destroy",
				        "/execute @s ~ ~ ~ detect ^ ^-1 ^ leaves2 0 fill ~1 ~-1 ~1 ~-1 ~-1 ~-1 air 0 destroy",
				        "/execute @s ~ ~ ~ detect ^ ^-1 ^ mycelium 0 fill ~1 ~-1 ~1 ~-1 ~-1 ~-1 air 0 destroy",
				        "/execute @s ~ ~ ~ detect ^ ^-1 ^ podzol 0 fill ~1 ~-1 ~1 ~-1 ~-1 ~-1 air 0 destroy",
				        "/execute @s ~ ~ ~ detect ^ ^-1 ^ red_mushroom_block 0 fill ~1 ~-1 ~1 ~-1 ~-1 ~-1 air 0 destroy",
				        "/execute @s ~ ~ ~ detect ^ ^-1 ^ sapling 0 fill ~1 ~-1 ~1 ~-1 ~-1 ~-1 air 0 destroy",
				        "/execute @s ~ ~ ~ detect ^ ^-1 ^ snow 0 fill ~1 ~-1 ~1 ~-1 ~-1 ~-1 air 0 destroy",
				        "/execute @s ~ ~ ~ detect ^ ^-1 ^ snow_layer 0 fill ~1 ~-1 ~1 ~-1 ~-1 ~-1 air 0 destroy",
				        "/execute @s ~ ~ ~ detect ^ ^-1 ^ soul_sand 0 fill ~1 ~-1 ~1 ~-1 ~-1 ~-1 air 0 destroy",
				        "/execute @s ~ ~ ~ detect ^ ^-1 ^ sponge 0 fill ~1 ~-1 ~1 ~-1 ~-1 ~-1 air 0 destroy",
				        "/execute @s ~ ~ ~ detect ^ ^-1 ^ web 0 fill ~1 ~-1 ~1 ~-1 ~-1 ~-1 air 0 destroy",
				        "/execute @s ~ ~ ~ detect ^ ^-1 ^ wheat 0 fill ~1 ~-1 ~1 ~-1 ~-1 ~-1 air 0 destroy",
				        "/execute @s ~ ~ ~ detect ^ ^-1 ^ wool 0 fill ~1 ~-1 ~1 ~-1 ~-1 ~-1 air 0 destroy"
				    ]
				}
			}
		}
	}
}