{
  "format_version": "1.13.0",
  "minecraft:entity": {
    "description": {
      "identifier": "enemy:hex.dead",
      "is_spawnable": false,
      "is_summonable": false,
      "is_experimental": false,
	  "scripts": {
        "animate": [
		  "spawned_sound"
        ]
      },
      "animations": {
	    "spawned_sound": "controller.animation.hex.dead.spawned_sound"
      }
    },
  
    "component_groups": {
	  "become_staff": {
	    "minecraft:transformation": {
		  "into": "item:hex_staff"
		}
	  }  
    },

    "components": {
      "minecraft:nameable": {
      },
      
      "minecraft:type_family": {
        "family": [ "hex", "hex_dead" ]
      },
      "minecraft:health": {
        "value": 500,
        "max": 500
      },
      "minecraft:movement": {
        "value": 0.0
      },
      "minecraft:scale": {
        "value": 1
      },
	  "minecraft:damage_sensor": {
          "triggers": [
         {
		    "cause": "all",
			"deals_damage": false
         }
      ]
    },
     "minecraft:timer": {
          "time": 3.5,
          "looping": false,
          "time_down_event": {
            "event": "become_staff",
            "target": "self"
           }
         },
      "minecraft:physics": {
      },
      "minecraft:pushable": {
        "is_pushable": true,
        "is_pushable_by_piston": true
      }
    },

    "events": {
	  "become_staff": {
	    "add": {
		  "component_groups": [
		    "become_staff"
		  ]
		}
	  }
    }
  }
}
