{
  "format_version": "1.10.0",
  "minecraft:client_entity": {
    "description": {
      "identifier": "omni:heatblast",
      "materials": {        
        "default": "enderman"
      },
      "textures": {
        "default": "textures/entity/omni_aliens/heatblast"
      },
      "geometry": {
        "default": "geometry.heatblast"
      },
      "animations": {        
        "idling": "animation.heatblast_idle",
        "moving": "animation.heatblast_moving",
        "attacking": "animation.heatblast_attacking",
        "shooting": "animation.heatblast_shooting",
        "idle": "controller.animation.idle",
        "move": "controller.animation.",
        "attack": "controller.animation.attack",
        "shoot": "controller.animation.ben10.heatblast_shooting",
        "look": "animation.common.look_at_target"
      },
      "scripts": {
        "animate": [
          "idle",
          "move",
          "attack",
          "shoot",
          "look"
        ]
      },
      "render_controllers": [
        "controller.render.entity"
      ],
      "spawn_egg": {
        "texture": "spawn_egg_omni_heatblast"
      }
    }
  }
}

//By L8SUN @YouTube