{
  "format_version": "1.13.0",
  "minecraft:entity": {
    "description": {
      "identifier": "enemy:dr_viktor.human",
      "is_spawnable": true,
      "is_summonable": true,
      "is_experimental": false,
	  "scripts": {
        "animate": [
		  "transform"
        ]
      },
      "animations": {
		"transform": "controller.animation.dr_viktor.human.transform"
      }
    },
    
    "component_groups": {
	  "charged": {
	    "minecraft:is_charged": {},
		"minecraft:behavior.summon_entity": {
          "summon_choices": [
            {
              "weight": 1,
              "cooldown_time": 1.0,
              "cast_duration": 3,
              "particle_color": "#00F2FF",
              "start_sound_event": "plop",
              "sequence": [
                {
                  "shape": "circle",
                  "target": "self",
                  "base_delay": 0.0,
                  "delay_per_summon": 0.0,
                  "num_entities_spawned": 25,
                  "entity_type": "",
                  "entity_lifespan": 5.0,
                  "size": 7.0,
                  "sound_event": "ambient"
                }
              ]
            }
          ]
        },
		
		"minecraft:timer": {
          "time": 0.5,
          "looping": false,
          "time_down_event": {
            "event": "become_monster",
            "target": "self"
           }
         }
	   },
	   
	   "become_monster": {
	     "minecraft:transformation": {
		   "into": "enemy:dr_viktor"
		 }
	   }
	 },

    "components": {
      "minecraft:nameable": {
      },
      
      "minecraft:type_family": {
        "family": [ "monster", "dr_viktor" ]
      },
      "minecraft:collision_box": {
        "width": 0.6,
        "height": 1.9
      },
      "minecraft:movement.basic": {
      },
      "minecraft:navigation.walk": {
        "is_amphibious": true,
        "can_pass_doors": true,
        "can_walk": true,
        "can_break_doors": true
      },
      "minecraft:annotation.break_door": {
      },
      "minecraft:jump.static": {
      },
      "minecraft:can_climb": {
      },
      "minecraft:health": {
        "value": 60,
        "max": 60
      },
      "minecraft:movement": {
        "value": 0.25
      },
      "minecraft:scale": {
        "value": 1.0
      },
      
      "minecraft:hurt_on_condition": {
        "damage_conditions": [
          {
            "filters": { "test": "in_lava", "subject": "self", "operator": "==", "value": true },
            "cause": "lava",
            "damage_per_tick": 4
          }
        ]
      },
      "minecraft:breathable": {
        "total_supply": 15,
        "suffocate_time": 0,
        "breathes_air": true,
        "breathes_water": false
      },
      "minecraft:attack": {
        "damage": 14
      },
      "minecraft:loot": {
        "table": "loot_tables/entities/empty.json"
      },
	  "minecraft:damage_sensor": {
        "triggers": [
        {
          "on_damage": {
            "filters": {
              "any_of": [
              {
                "test": "has_component",
                "subject": "self",
                "value": "minecraft:is_charged"
              }
            ]
          }
        },
        "deals_damage": false
      }
	]
  },
	  "minecraft:behavior.avoid_mob_type": {
          "priority": 6,
          "entity_types": [
            {
              "filters": {
                "any_of": [
                {
                  "test": "is_family",
                  "subject": "other",
                  "value": "dh_spike"
                },
				{
                  "test": "is_family",
                  "subject": "other",
                  "value": "tentacle_vines"
                },
                {
                  "test": "is_family",
                  "subject": "other",
                  "value": "magic_spike"
                },
				{
                  "test": "is_family",
                  "subject": "other",
                  "value": "corrodium"
                }
              ]
            },
            "max_dist": 10,
            "walk_speed_multiplier": 0.8,
            "sprint_speed_multiplier": 1.33
          }
        ]
      },  
 "minecraft:behavior.nearest_attackable_target": {
          "priority": 1,
          "reselect_targets": true,
          "entity_types": [
            {
             "filters": {
              "any_of": [
                {
                  "test": "is_family",
                  "subject": "other",
                  "value": "player"
                },
                {
                  "test": "is_family",
                  "subject": "other",
                  "value": "ben10"
                },
                {
                  "test": "is_family",
                  "subject": "other",
                  "value": "gwen"
                },
                {
                  "test": "is_family",
                  "subject": "other",
                  "value": "uncle_max"
                },
                {
                  "test": "is_family",
                  "subject": "other",
                  "value": "rb"
                },
                {
                  "test": "is_family",
                  "subject": "other",
                  "value": "villager"
                },
                {
                  "test": "is_family",
                  "subject": "other",
                  "value": "irongolem"
                }
              ]
            },
              "max_dist": 100
            }
          ],
          "must_see": false,
          "must_reach": false
        },

      "minecraft:behavior.melee_attack": {
        "priority": 3,
        "speed_multiplier": 1,
        "track_target": false
      },
      "minecraft:behavior.move_towards_restriction": {
        "priority": 5,
        "speed_multiplier": 1
      },
      "minecraft:behavior.random_stroll": {
        "priority": 6,
        "speed_multiplier": 1
      },
      "minecraft:behavior.look_at_player": {
        "priority": 7,
        "look_distance": 6,
        "probability": 0.02
      },
      "minecraft:behavior.random_look_around": {
        "priority": 7
      },
      "minecraft:behavior.hurt_by_target": {
        "priority": 2,
        "entity_types": [
          {
            "filters": {
            "other_without_families": [ "dr_viktor", "corrodium" ]
            }
          }
        ]
      },
	  "minecraft:on_target_acquired": {
        "event": "has_target",
        "target": "self"
      },
      "minecraft:physics": {
      },
      "minecraft:pushable": {
        "is_pushable": true,
        "is_pushable_by_piston": true
      }
    },

    "events": {
	  "has_target": {
	    "add": {
		  "component_groups": [
		    "charged"
		  ]
		}
	  },
	  
	  "become_monster": {
	    "add": {
		  "component_groups": [
		    "become_monster"
		  ]
		}
	  }
    }
  }
}
