{
  "format_version": "1.12",
  "minecraft:recipe_shaped": {
    "description": {
    "identifier": "omni:omnitrix"
    },

    
    "tags": [ "crafting_table" ],
    "pattern": [
      "$1$",
      "101",
      "$1$"
    ],
    "key": {
      "1": {
        "item": "minecraft:redstone"
      },
      "0": {
        "item": "minecraft:emerald"
      },
      "$": {
        "item": "minecraft:iron_ingot"
      }
    },
    "result": {
      "item": "omni:omnitrix",
      "data": 0,
      "count": 1
    }
  }
}
