{
	"format_version": "1.12.0",
	"minecraft:geometry": [
		{
			"description": {
				"identifier": "geometry.omni_capsule",
				"texture_width": 64,
				"texture_height": 64,
				"visible_bounds_width": 4,
				"visible_bounds_height": 5,
				"visible_bounds_offset": [0, 1.5, 0]
			},
			"bones": [
				{
					"name": "capsule",
					"pivot": [0, 0, 0],
					"cubes": [
						{
							"origin": [-4.4, 1, -3.3],
							"size": [0, 4.1, 7.7],
							"uv": {
								"north": {"uv": [0, 0], "uv_size": [0, 5]},
								"east": {"uv": [18, 5], "uv_size": [7.75, 5]},
								"south": {"uv": [0, 0], "uv_size": [0, 5]},
								"west": {"uv": [18, 10], "uv_size": [7.75, 5]},
								"up": {"uv": [0, 0], "uv_size": [0, 7.75]},
								"down": {"uv": [0, 7.75], "uv_size": [0, -7.75]}
							}
						},
						{
							"origin": [-4.4, 1, -3.3],
							"size": [8.8, 4.1, 0.7],
							"uv": {
								"north": {"uv": [9, 0], "uv_size": [8.75, 5]},
								"east": {"uv": [8, 41], "uv_size": [0.75, 5]},
								"south": {"uv": [9, 5], "uv_size": [8.75, 5]},
								"west": {"uv": [14, 41], "uv_size": [0.75, 5]},
								"up": {"uv": [24, 39], "uv_size": [8.75, 0.75]},
								"down": {"uv": [39, 24.75], "uv_size": [8.75, -0.75]}
							}
						},
						{
							"origin": [-4.4, 0.5, -3.299],
							"size": [8.8, 0.5, 7.7],
							"uv": {
								"north": {"uv": [44, 22], "uv_size": [8.75, 0.25]},
								"east": {"uv": [40, 44], "uv_size": [7.75, 0.25]},
								"south": {"uv": [44, 23], "uv_size": [8.75, 0.25]},
								"west": {"uv": [15, 45], "uv_size": [7.75, 0.25]},
								"up": {"uv": [0, 0], "uv_size": [8.75, 7.75]},
								"down": {"uv": [0, 15.75], "uv_size": [8.75, -7.75]}
							}
						},
						{
							"origin": [-4, 0, -3.1],
							"size": [8, 0.5, 7.3],
							"uv": {
								"north": {"uv": [44, 22], "uv_size": [8.75, 0.25]},
								"east": {"uv": [40, 44], "uv_size": [7.75, 0.25]},
								"south": {"uv": [44, 23], "uv_size": [8.75, 0.25]},
								"west": {"uv": [15, 45], "uv_size": [7.75, 0.25]},
								"up": {"uv": [0, 0], "uv_size": [8.75, 7.75]},
								"down": {"uv": [0, 15.75], "uv_size": [8.75, -7.75]}
							}
						},
						{
							"origin": [-4.4, 1, 4.4],
							"size": [8.8, 4.1, 0],
							"uv": {
								"north": {"uv": [9, 10], "uv_size": [8.75, 5]},
								"east": {"uv": [0, 0], "uv_size": [0, 5]},
								"south": {"uv": [9, 15], "uv_size": [8.75, 5]},
								"west": {"uv": [0, 0], "uv_size": [0, 5]},
								"up": {"uv": [0, 0], "uv_size": [8.75, 0]},
								"down": {"uv": [0, 0], "uv_size": [8.75, 0]}
							}
						},
						{
							"origin": [4.4, 1, -2.6],
							"size": [0, 4.1, 7],
							"uv": {
								"north": {"uv": [0, 0], "uv_size": [0, 5]},
								"east": {"uv": [0, 16], "uv_size": [8, 5]},
								"south": {"uv": [0, 0], "uv_size": [0, 5]},
								"west": {"uv": [18, 0], "uv_size": [8, 5]},
								"up": {"uv": [0, 0], "uv_size": [0, 8]},
								"down": {"uv": [0, 8], "uv_size": [0, -8]}
							}
						},
						{
							"origin": [-5, 1, -3],
							"size": [1, 4, 7],
							"uv": {
								"north": {"uv": [8, 16], "uv_size": [1, 4]},
								"east": {"uv": [18, 15], "uv_size": [8, 4]},
								"south": {"uv": [29, 35], "uv_size": [1, 4]},
								"west": {"uv": [18, 19], "uv_size": [8, 4]},
								"up": {"uv": [32, 31], "uv_size": [1, 8]},
								"down": {"uv": [8, 41], "uv_size": [1, -8]}
							}
						},
						{
							"origin": [4, 1, -3],
							"size": [1, 4, 7],
							"uv": {
								"north": {"uv": [30, 35], "uv_size": [1, 4]},
								"east": {"uv": [24, 23], "uv_size": [7, 4]},
								"south": {"uv": [31, 35], "uv_size": [1, 4]},
								"west": {"uv": [0, 25], "uv_size": [7, 4]},
								"up": {"uv": [5, 34], "uv_size": [1, 7]},
								"down": {"uv": [6, 41], "uv_size": [1, -7]}
							}
						},
						{
							"origin": [-4, 1, 4],
							"size": [8, 4, 1],
							"uv": {
								"north": {"uv": [8, 20], "uv_size": [8, 4]},
								"east": {"uv": [40, 25], "uv_size": [1, 4]},
								"south": {"uv": [0, 21], "uv_size": [8, 4]},
								"west": {"uv": [30, 40], "uv_size": [1, 4]},
								"up": {"uv": [31, 26], "uv_size": [8, 1]},
								"down": {"uv": [32, 28], "uv_size": [8, -1]}
							}
						},
						{
							"origin": [-4, 1, -4],
							"size": [8, 4, 1],
							"uv": {
								"north": {"uv": [8, 21], "uv_size": [-8, 4]},
								"east": {"uv": [41, 25], "uv_size": [-1, 4]},
								"south": {"uv": [16, 20], "uv_size": [-8, 4]},
								"west": {"uv": [31, 40], "uv_size": [-1, 4]},
								"up": {"uv": [31, 27], "uv_size": [8, -1]},
								"down": {"uv": [32, 27], "uv_size": [8, 1]}
							}
						},
						{
							"origin": [-1, 4, 4.2],
							"size": [2, 2, 1],
							"uv": {
								"north": {"uv": [40, 39], "uv_size": [2, 2]},
								"east": {"uv": [20, 41], "uv_size": [1, 2]},
								"south": {"uv": [5, 41], "uv_size": [2, 2]},
								"west": {"uv": [21, 41], "uv_size": [1, 2]},
								"up": {"uv": [13, 30], "uv_size": [2, 1]},
								"down": {"uv": [14, 35], "uv_size": [2, -1]}
							}
						},
						{
							"origin": [-1, 4, -4.2],
							"size": [2, 2, 1],
							"uv": {
								"north": {"uv": [7, 41], "uv_size": [-2, 2]},
								"east": {"uv": [21, 41], "uv_size": [-1, 2]},
								"south": {"uv": [42, 39], "uv_size": [-2, 2]},
								"west": {"uv": [22, 41], "uv_size": [-1, 2]},
								"up": {"uv": [13, 31], "uv_size": [2, -1]},
								"down": {"uv": [14, 34], "uv_size": [2, 1]}
							}
						}
					]
				},
				{
					"name": "lid",
					"parent": "capsule",
					"pivot": [0, 0, 0]
				},
				{
					"name": "right_lid",
					"parent": "lid",
					"pivot": [0, 5.5, 5]
				},
				{
					"name": "right_lid1",
					"parent": "right_lid",
					"pivot": [0, 5.5, 5],
					"cubes": [
						{
							"origin": [-0.4, 5, 3.7],
							"size": [4.8, 1.4, 0.7],
							"uv": {
								"north": {"uv": [17, 33], "uv_size": [4.75, 1.5]},
								"east": {"uv": [22, 41], "uv_size": [0.75, 1.5]},
								"south": {"uv": [22, 33], "uv_size": [4.75, 1.5]},
								"west": {"uv": [23, 41], "uv_size": [0.75, 1.5]},
								"up": {"uv": [26, 22], "uv_size": [4.75, 0.75]},
								"down": {"uv": [0, 29.75], "uv_size": [4.75, -0.75]}
							}
						},
						{
							"origin": [3.6, 5, -3.3],
							"size": [0.8, 1.4, 7.7],
							"uv": {
								"north": {"uv": [7, 42], "uv_size": [0.75, 1.5]},
								"east": {"uv": [26, 0], "uv_size": [7.75, 1.5]},
								"south": {"uv": [5, 43], "uv_size": [0.75, 1.5]},
								"west": {"uv": [26, 2], "uv_size": [7.75, 1.5]},
								"up": {"uv": [7, 34], "uv_size": [0.75, 7.75]},
								"down": {"uv": [33, 46.75], "uv_size": [0.75, -7.75]}
							}
						},
						{
							"origin": [-0.4, 5, -3.3],
							"size": [4.8, 1.4, 0.7],
							"uv": {
								"north": {"uv": [27, 33], "uv_size": [4.75, 1.5]},
								"east": {"uv": [6, 43], "uv_size": [0.75, 1.5]},
								"south": {"uv": [33, 31], "uv_size": [4.75, 1.5]},
								"west": {"uv": [20, 43], "uv_size": [0.75, 1.5]},
								"up": {"uv": [8, 30], "uv_size": [4.75, 0.75]},
								"down": {"uv": [15, 41.75], "uv_size": [4.75, -0.75]}
							}
						}
					]
				},
				{
					"name": "right_lid2",
					"parent": "right_lid",
					"pivot": [0, 5.5, 5],
					"rotation": [0, 0, -15],
					"cubes": [
						{
							"origin": [-0.4, 5, 3.7],
							"size": [4.8, 1.4, 0.7],
							"uv": {
								"north": {"uv": [33, 33], "uv_size": [4.75, 1.5]},
								"east": {"uv": [21, 43], "uv_size": [0.75, 1.5]},
								"south": {"uv": [0, 34], "uv_size": [4.75, 1.5]},
								"west": {"uv": [22, 43], "uv_size": [0.75, 1.5]},
								"up": {"uv": [41, 25], "uv_size": [4.75, 0.75]},
								"down": {"uv": [41, 26.75], "uv_size": [4.75, -0.75]}
							}
						},
						{
							"origin": [3.6, 5, -3.3],
							"size": [0.8, 1.4, 7.7],
							"uv": {
								"north": {"uv": [23, 43], "uv_size": [0.75, 1.5]},
								"east": {"uv": [26, 4], "uv_size": [7.75, 1.5]},
								"south": {"uv": [7, 44], "uv_size": [0.75, 1.5]},
								"west": {"uv": [26, 6], "uv_size": [7.75, 1.5]},
								"up": {"uv": [34, 39], "uv_size": [0.75, 7.75]},
								"down": {"uv": [35, 46.75], "uv_size": [0.75, -7.75]}
							}
						},
						{
							"origin": [-0.4, 5, -3.3],
							"size": [4.8, 1.4, 0.7],
							"uv": {
								"north": {"uv": [34, 0], "uv_size": [4.75, 1.5]},
								"east": {"uv": [30, 44], "uv_size": [0.75, 1.5]},
								"south": {"uv": [34, 2], "uv_size": [4.75, 1.5]},
								"west": {"uv": [31, 44], "uv_size": [0.75, 1.5]},
								"up": {"uv": [41, 27], "uv_size": [4.75, 0.75]},
								"down": {"uv": [41, 28.75], "uv_size": [4.75, -0.75]}
							}
						}
					]
				},
				{
					"name": "right_lid3",
					"parent": "right_lid",
					"pivot": [0, 5.5, 5],
					"rotation": [0, 0, -32.5],
					"cubes": [
						{
							"origin": [-0.4, 5, 3.7],
							"size": [4.8, 1.4, 0.7],
							"uv": {
								"north": {"uv": [34, 4], "uv_size": [4.75, 1.5]},
								"east": {"uv": [32, 44], "uv_size": [0.75, 1.5]},
								"south": {"uv": [34, 6], "uv_size": [4.75, 1.5]},
								"west": {"uv": [5, 45], "uv_size": [0.75, 1.5]},
								"up": {"uv": [41, 29], "uv_size": [4.75, 0.75]},
								"down": {"uv": [41, 30.75], "uv_size": [4.75, -0.75]}
							}
						},
						{
							"origin": [3.6, 5, -3.3],
							"size": [0.8, 1.4, 7.7],
							"uv": {
								"north": {"uv": [6, 45], "uv_size": [0.75, 1.5]},
								"east": {"uv": [26, 8], "uv_size": [7.75, 1.5]},
								"south": {"uv": [23, 45], "uv_size": [0.75, 1.5]},
								"west": {"uv": [26, 10], "uv_size": [7.75, 1.5]},
								"up": {"uv": [36, 39], "uv_size": [0.75, 7.75]},
								"down": {"uv": [37, 46.75], "uv_size": [0.75, -7.75]}
							}
						},
						{
							"origin": [-0.4, 5, -3.3],
							"size": [4.8, 1.4, 0.7],
							"uv": {
								"north": {"uv": [34, 8], "uv_size": [4.75, 1.5]},
								"east": {"uv": [40, 45], "uv_size": [0.75, 1.5]},
								"south": {"uv": [9, 34], "uv_size": [4.75, 1.5]},
								"west": {"uv": [41, 45], "uv_size": [0.75, 1.5]},
								"up": {"uv": [40, 41], "uv_size": [4.75, 0.75]},
								"down": {"uv": [15, 42.75], "uv_size": [4.75, -0.75]}
							}
						}
					]
				},
				{
					"name": "right_lid4",
					"parent": "right_lid",
					"pivot": [0, 5.5, 5],
					"rotation": [0, 0, -50],
					"cubes": [
						{
							"origin": [-0.4, 5, 3.7],
							"size": [4.8, 1.4, 0.7],
							"uv": {
								"north": {"uv": [34, 10], "uv_size": [4.75, 1.5]},
								"east": {"uv": [45, 41], "uv_size": [0.75, 1.5]},
								"south": {"uv": [34, 12], "uv_size": [4.75, 1.5]},
								"west": {"uv": [42, 45], "uv_size": [0.75, 1.5]},
								"up": {"uv": [42, 39], "uv_size": [4.75, 0.75]},
								"down": {"uv": [40, 42.75], "uv_size": [4.75, -0.75]}
							}
						},
						{
							"origin": [3.6, 5, -3.3],
							"size": [0.8, 1.4, 7.7],
							"uv": {
								"north": {"uv": [43, 45], "uv_size": [0.75, 1.5]},
								"east": {"uv": [26, 12], "uv_size": [7.75, 1.5]},
								"south": {"uv": [44, 45], "uv_size": [0.75, 1.5]},
								"west": {"uv": [26, 14], "uv_size": [7.75, 1.5]},
								"up": {"uv": [38, 39], "uv_size": [0.75, 7.75]},
								"down": {"uv": [39, 46.75], "uv_size": [0.75, -7.75]}
							}
						},
						{
							"origin": [-0.4, 5, -3.3],
							"size": [4.8, 1.4, 0.7],
							"uv": {
								"north": {"uv": [34, 14], "uv_size": [4.75, 1.5]},
								"east": {"uv": [45, 45], "uv_size": [0.75, 1.5]},
								"south": {"uv": [34, 16], "uv_size": [4.75, 1.5]},
								"west": {"uv": [7, 46], "uv_size": [0.75, 1.5]},
								"up": {"uv": [42, 40], "uv_size": [4.75, 0.75]},
								"down": {"uv": [15, 43.75], "uv_size": [4.75, -0.75]}
							}
						}
					]
				},
				{
					"name": "right_lid5",
					"parent": "right_lid",
					"pivot": [0, 5.5, 5],
					"rotation": [0, 0, -67.5],
					"cubes": [
						{
							"origin": [-0.4, 5, 3.7],
							"size": [4.8, 1.4, 0.7],
							"uv": {
								"north": {"uv": [34, 18], "uv_size": [4.75, 1.5]},
								"east": {"uv": [8, 46], "uv_size": [0.75, 1.5]},
								"south": {"uv": [34, 20], "uv_size": [4.75, 1.5]},
								"west": {"uv": [14, 46], "uv_size": [0.75, 1.5]},
								"up": {"uv": [43, 31], "uv_size": [4.75, 0.75]},
								"down": {"uv": [43, 32.75], "uv_size": [4.75, -0.75]}
							}
						},
						{
							"origin": [3.6, 5, -3.3],
							"size": [0.8, 1.4, 7.7],
							"uv": {
								"north": {"uv": [15, 46], "uv_size": [0.75, 1.5]},
								"east": {"uv": [26, 16], "uv_size": [7.75, 1.5]},
								"south": {"uv": [16, 46], "uv_size": [0.75, 1.5]},
								"west": {"uv": [26, 18], "uv_size": [7.75, 1.5]},
								"up": {"uv": [0, 40], "uv_size": [0.75, 7.75]},
								"down": {"uv": [1, 47.75], "uv_size": [0.75, -7.75]}
							}
						},
						{
							"origin": [-0.4, 5, -3.3],
							"size": [4.8, 1.4, 0.7],
							"uv": {
								"north": {"uv": [14, 35], "uv_size": [4.75, 1.5]},
								"east": {"uv": [17, 46], "uv_size": [0.75, 1.5]},
								"south": {"uv": [19, 35], "uv_size": [4.75, 1.5]},
								"west": {"uv": [18, 46], "uv_size": [0.75, 1.5]},
								"up": {"uv": [43, 33], "uv_size": [4.75, 0.75]},
								"down": {"uv": [43, 34.75], "uv_size": [4.75, -0.75]}
							}
						}
					]
				},
				{
					"name": "right_lid6",
					"parent": "right_lid",
					"pivot": [0, 5.5, 5],
					"rotation": [0, 0, -85],
					"cubes": [
						{
							"origin": [-0.4, 5, 3.7],
							"size": [4.8, 1.4, 0.7],
							"uv": {
								"north": {"uv": [24, 35], "uv_size": [4.75, 1.5]},
								"east": {"uv": [19, 46], "uv_size": [0.75, 1.5]},
								"south": {"uv": [33, 35], "uv_size": [4.75, 1.5]},
								"west": {"uv": [20, 46], "uv_size": [0.75, 1.5]},
								"up": {"uv": [43, 35], "uv_size": [4.75, 0.75]},
								"down": {"uv": [43, 36.75], "uv_size": [4.75, -0.75]}
							}
						},
						{
							"origin": [3.6, 5, -3.3],
							"size": [0.8, 1.4, 7.7],
							"uv": {
								"north": {"uv": [21, 46], "uv_size": [0.75, 1.5]},
								"east": {"uv": [26, 20], "uv_size": [7.75, 1.5]},
								"south": {"uv": [22, 46], "uv_size": [0.75, 1.5]},
								"west": {"uv": [16, 27], "uv_size": [7.75, 1.5]},
								"up": {"uv": [2, 40], "uv_size": [0.75, 7.75]},
								"down": {"uv": [3, 47.75], "uv_size": [0.75, -7.75]}
							}
						},
						{
							"origin": [-0.4, 5, -3.3],
							"size": [4.8, 1.4, 0.7],
							"uv": {
								"north": {"uv": [0, 36], "uv_size": [4.75, 1.5]},
								"east": {"uv": [46, 25], "uv_size": [0.75, 1.5]},
								"south": {"uv": [9, 36], "uv_size": [4.75, 1.5]},
								"west": {"uv": [46, 27], "uv_size": [0.75, 1.5]},
								"up": {"uv": [43, 37], "uv_size": [4.75, 0.75]},
								"down": {"uv": [43, 38.75], "uv_size": [4.75, -0.75]}
							}
						}
					]
				},
				{
					"name": "left_lid",
					"parent": "lid",
					"pivot": [0, 5.5, 5]
				},
				{
					"name": "left_lid1",
					"parent": "left_lid",
					"pivot": [0, 5.5, 5],
					"cubes": [
						{
							"origin": [-4.4, 5, 3.7],
							"size": [4.8, 1.4, 0.7],
							"uv": {
								"north": {"uv": [14, 37], "uv_size": [4.75, 1.5]},
								"east": {"uv": [46, 29], "uv_size": [0.75, 1.5]},
								"south": {"uv": [19, 37], "uv_size": [4.75, 1.5]},
								"west": {"uv": [30, 46], "uv_size": [0.75, 1.5]},
								"up": {"uv": [40, 43], "uv_size": [4.75, 0.75]},
								"down": {"uv": [44, 0.75], "uv_size": [4.75, -0.75]}
							}
						},
						{
							"origin": [-4.4, 5, -3.3],
							"size": [0.8, 1.4, 7.7],
							"uv": {
								"north": {"uv": [31, 46], "uv_size": [0.75, 1.5]},
								"east": {"uv": [24, 27], "uv_size": [7.75, 1.5]},
								"south": {"uv": [32, 46], "uv_size": [0.75, 1.5]},
								"west": {"uv": [7, 28], "uv_size": [7.75, 1.5]},
								"up": {"uv": [4, 40], "uv_size": [0.75, 7.75]},
								"down": {"uv": [9, 47.75], "uv_size": [0.75, -7.75]}
							}
						},
						{
							"origin": [-4.4, 5, -3.3],
							"size": [4.8, 1.4, 0.7],
							"uv": {
								"north": {"uv": [24, 37], "uv_size": [4.75, 1.5]},
								"east": {"uv": [46, 41], "uv_size": [0.75, 1.5]},
								"south": {"uv": [33, 37], "uv_size": [4.75, 1.5]},
								"west": {"uv": [46, 45], "uv_size": [0.75, 1.5]},
								"up": {"uv": [44, 1], "uv_size": [4.75, 0.75]},
								"down": {"uv": [44, 2.75], "uv_size": [4.75, -0.75]}
							}
						}
					]
				},
				{
					"name": "left_lid2",
					"parent": "left_lid",
					"pivot": [0, 5.5, 5],
					"rotation": [0, 0, 15],
					"cubes": [
						{
							"origin": [-4.4, 5, 3.7],
							"size": [4.8, 1.4, 0.7],
							"uv": {
								"north": {"uv": [0, 38], "uv_size": [4.75, 1.5]},
								"east": {"uv": [5, 47], "uv_size": [0.75, 1.5]},
								"south": {"uv": [9, 38], "uv_size": [4.75, 1.5]},
								"west": {"uv": [6, 47], "uv_size": [0.75, 1.5]},
								"up": {"uv": [44, 3], "uv_size": [4.75, 0.75]},
								"down": {"uv": [44, 4.75], "uv_size": [4.75, -0.75]}
							}
						},
						{
							"origin": [-4.4, 5, -3.3],
							"size": [0.8, 1.4, 7.7],
							"uv": {
								"north": {"uv": [23, 47], "uv_size": [0.75, 1.5]},
								"east": {"uv": [15, 29], "uv_size": [7.75, 1.5]},
								"south": {"uv": [47, 25], "uv_size": [0.75, 1.5]},
								"west": {"uv": [23, 29], "uv_size": [7.75, 1.5]},
								"up": {"uv": [10, 40], "uv_size": [0.75, 7.75]},
								"down": {"uv": [11, 47.75], "uv_size": [0.75, -7.75]}
							}
						},
						{
							"origin": [-4.4, 5, -3.3],
							"size": [4.8, 1.4, 0.7],
							"uv": {
								"north": {"uv": [38, 31], "uv_size": [4.75, 1.5]},
								"east": {"uv": [47, 27], "uv_size": [0.75, 1.5]},
								"south": {"uv": [38, 33], "uv_size": [4.75, 1.5]},
								"west": {"uv": [47, 29], "uv_size": [0.75, 1.5]},
								"up": {"uv": [44, 5], "uv_size": [4.75, 0.75]},
								"down": {"uv": [44, 6.75], "uv_size": [4.75, -0.75]}
							}
						}
					]
				},
				{
					"name": "left_lid3",
					"parent": "left_lid",
					"pivot": [0, 5.5, 5],
					"rotation": [0, 0, 32.5],
					"cubes": [
						{
							"origin": [-4.4, 5, 3.7],
							"size": [4.8, 1.4, 0.7],
							"uv": {
								"north": {"uv": [38, 35], "uv_size": [4.75, 1.5]},
								"east": {"uv": [33, 47], "uv_size": [0.75, 1.5]},
								"south": {"uv": [38, 37], "uv_size": [4.75, 1.5]},
								"west": {"uv": [34, 47], "uv_size": [0.75, 1.5]},
								"up": {"uv": [44, 7], "uv_size": [4.75, 0.75]},
								"down": {"uv": [44, 8.75], "uv_size": [4.75, -0.75]}
							}
						},
						{
							"origin": [-4.4, 5, -3.3],
							"size": [0.8, 1.4, 7.7],
							"uv": {
								"north": {"uv": [35, 47], "uv_size": [0.75, 1.5]},
								"east": {"uv": [0, 30], "uv_size": [7.75, 1.5]},
								"south": {"uv": [36, 47], "uv_size": [0.75, 1.5]},
								"west": {"uv": [8, 31], "uv_size": [7.75, 1.5]},
								"up": {"uv": [12, 40], "uv_size": [0.75, 7.75]},
								"down": {"uv": [13, 47.75], "uv_size": [0.75, -7.75]}
							}
						},
						{
							"origin": [-4.4, 5, -3.3],
							"size": [4.8, 1.4, 0.7],
							"uv": {
								"north": {"uv": [39, 0], "uv_size": [4.75, 1.5]},
								"east": {"uv": [37, 47], "uv_size": [0.75, 1.5]},
								"south": {"uv": [39, 2], "uv_size": [4.75, 1.5]},
								"west": {"uv": [38, 47], "uv_size": [0.75, 1.5]},
								"up": {"uv": [44, 9], "uv_size": [4.75, 0.75]},
								"down": {"uv": [44, 10.75], "uv_size": [4.75, -0.75]}
							}
						}
					]
				},
				{
					"name": "left_lid4",
					"parent": "left_lid",
					"pivot": [0, 5.5, 5],
					"rotation": [0, 0, 50],
					"cubes": [
						{
							"origin": [-4.4, 5, 3.7],
							"size": [4.8, 1.4, 0.7],
							"uv": {
								"north": {"uv": [39, 4], "uv_size": [4.75, 1.5]},
								"east": {"uv": [39, 47], "uv_size": [0.75, 1.5]},
								"south": {"uv": [39, 6], "uv_size": [4.75, 1.5]},
								"west": {"uv": [47, 39], "uv_size": [0.75, 1.5]},
								"up": {"uv": [44, 11], "uv_size": [4.75, 0.75]},
								"down": {"uv": [44, 12.75], "uv_size": [4.75, -0.75]}
							}
						},
						{
							"origin": [-4.4, 5, -3.3],
							"size": [0.8, 1.4, 7.7],
							"uv": {
								"north": {"uv": [40, 47], "uv_size": [0.75, 1.5]},
								"east": {"uv": [16, 31], "uv_size": [7.75, 1.5]},
								"south": {"uv": [41, 47], "uv_size": [0.75, 1.5]},
								"west": {"uv": [31, 22], "uv_size": [7.75, 1.5]},
								"up": {"uv": [24, 40], "uv_size": [0.75, 7.75]},
								"down": {"uv": [25, 47.75], "uv_size": [0.75, -7.75]}
							}
						},
						{
							"origin": [-4.4, 5, -3.3],
							"size": [4.8, 1.4, 0.7],
							"uv": {
								"north": {"uv": [39, 8], "uv_size": [4.75, 1.5]},
								"east": {"uv": [47, 41], "uv_size": [0.75, 1.5]},
								"south": {"uv": [39, 10], "uv_size": [4.75, 1.5]},
								"west": {"uv": [42, 47], "uv_size": [0.75, 1.5]},
								"up": {"uv": [44, 13], "uv_size": [4.75, 0.75]},
								"down": {"uv": [44, 14.75], "uv_size": [4.75, -0.75]}
							}
						}
					]
				},
				{
					"name": "left_lid5",
					"parent": "left_lid",
					"pivot": [0, 5.5, 5],
					"rotation": [0, 0, 67.5],
					"cubes": [
						{
							"origin": [-4.4, 5, 3.7],
							"size": [4.8, 1.4, 0.7],
							"uv": {
								"north": {"uv": [39, 12], "uv_size": [4.75, 1.5]},
								"east": {"uv": [43, 47], "uv_size": [0.75, 1.5]},
								"south": {"uv": [14, 39], "uv_size": [4.75, 1.5]},
								"west": {"uv": [44, 47], "uv_size": [0.75, 1.5]},
								"up": {"uv": [15, 44], "uv_size": [4.75, 0.75]},
								"down": {"uv": [44, 15.75], "uv_size": [4.75, -0.75]}
							}
						},
						{
							"origin": [-4.4, 5, -3.3],
							"size": [0.8, 1.4, 7.7],
							"uv": {
								"north": {"uv": [45, 47], "uv_size": [0.75, 1.5]},
								"east": {"uv": [24, 31], "uv_size": [7.75, 1.5]},
								"south": {"uv": [47, 45], "uv_size": [0.75, 1.5]},
								"west": {"uv": [31, 24], "uv_size": [7.75, 1.5]},
								"up": {"uv": [26, 40], "uv_size": [0.75, 7.75]},
								"down": {"uv": [27, 47.75], "uv_size": [0.75, -7.75]}
							}
						},
						{
							"origin": [-4.4, 5, -3.3],
							"size": [4.8, 1.4, 0.7],
							"uv": {
								"north": {"uv": [39, 14], "uv_size": [4.75, 1.5]},
								"east": {"uv": [46, 47], "uv_size": [0.75, 1.5]},
								"south": {"uv": [39, 16], "uv_size": [4.75, 1.5]},
								"west": {"uv": [47, 47], "uv_size": [0.75, 1.5]},
								"up": {"uv": [44, 16], "uv_size": [4.75, 0.75]},
								"down": {"uv": [44, 17.75], "uv_size": [4.75, -0.75]}
							}
						}
					]
				},
				{
					"name": "left_lid6",
					"parent": "left_lid",
					"pivot": [0, 5.5, 5],
					"rotation": [0, 0, 85],
					"cubes": [
						{
							"origin": [-4.4, 5, 3.7],
							"size": [4.8, 1.4, 0.7],
							"uv": {
								"north": {"uv": [39, 18], "uv_size": [4.75, 1.5]},
								"east": {"uv": [0, 48], "uv_size": [0.75, 1.5]},
								"south": {"uv": [19, 39], "uv_size": [4.75, 1.5]},
								"west": {"uv": [1, 48], "uv_size": [0.75, 1.5]},
								"up": {"uv": [44, 18], "uv_size": [4.75, 0.75]},
								"down": {"uv": [44, 19.75], "uv_size": [4.75, -0.75]}
							}
						},
						{
							"origin": [-4.4, 5, -3.3],
							"size": [0.8, 1.4, 7.7],
							"uv": {
								"north": {"uv": [2, 48], "uv_size": [0.75, 1.5]},
								"east": {"uv": [31, 29], "uv_size": [7.75, 1.5]},
								"south": {"uv": [3, 48], "uv_size": [0.75, 1.5]},
								"west": {"uv": [0, 32], "uv_size": [7.75, 1.5]},
								"up": {"uv": [28, 40], "uv_size": [0.75, 7.75]},
								"down": {"uv": [29, 47.75], "uv_size": [0.75, -7.75]}
							}
						},
						{
							"origin": [-4.4, 5, -3.3],
							"size": [4.8, 1.4, 0.7],
							"uv": {
								"north": {"uv": [39, 20], "uv_size": [4.75, 1.5]},
								"east": {"uv": [4, 48], "uv_size": [0.75, 1.5]},
								"south": {"uv": [39, 22], "uv_size": [4.75, 1.5]},
								"west": {"uv": [7, 48], "uv_size": [0.75, 1.5]},
								"up": {"uv": [44, 20], "uv_size": [4.75, 0.75]},
								"down": {"uv": [44, 21.75], "uv_size": [4.75, -0.75]}
							}
						}
					]
				}
			]
		}
	]
}