{
	"format_version": "1.12.0",
	"minecraft:geometry": [
		{
			"description": {
				"identifier": "geometry.omni_player_leftarm",
				"texture_width": 64,
				"texture_height": 128,
				"visible_bounds_width": 5,
				"visible_bounds_height": 4,
				"visible_bounds_offset": [0, 1, 0]
			},
			"bones": [
				{
					"name": "leftarm_fp",
					"pivot": [-10, 18, 5],
					"rotation": [77.5, -7.5, -150]
				},
				{
					"name": "arm",
					"parent": "leftarm_fp",
					"pivot": [-28.88989, 21.69447, 14.51436],
					"cubes": [
						{
							"origin": [-11.97842, 6.94293, 2.85648],
							"size": [4, 12, 4],
							"uv": {
								"north": {"uv": [36, 104], "uv_size": [4, 24]},
								"east": {"uv": [32, 104], "uv_size": [4, 24]},
								"south": {"uv": [44, 104], "uv_size": [4, 24]},
								"west": {"uv": [40, 104], "uv_size": [4, 24]},
								"up": {"uv": [36, 96], "uv_size": [4, 8]},
								"down": {"uv": [40, 104], "uv_size": [4, -8]}
							}
						},
						{
							"origin": [-11.97842, 6.94293, 2.85648],
							"size": [4, 12, 4],
							"inflate": 0.28,
							"uv": {
								"north": {"uv": [52, 104], "uv_size": [4, 24]},
								"east": {"uv": [48, 104], "uv_size": [4, 24]},
								"south": {"uv": [60, 104], "uv_size": [4, 24]},
								"west": {"uv": [56, 104], "uv_size": [4, 24]},
								"up": {"uv": [52, 96], "uv_size": [4, 8]},
								"down": {"uv": [56, 104], "uv_size": [4, -8]}
							}
						}
					]
				}
			]
		}
	]
}