{
	"format_version": "1.12.0",
	"minecraft:geometry": [
		{
			"description": {
				"identifier": "geometry.omnitrix",
				"texture_width": 64,
				"texture_height": 64,
				"visible_bounds_width": 2,
				"visible_bounds_height": 1,
				"visible_bounds_offset": [0, 0.5, 0]
			},
			"bones": [
				{
					"name": "omnitrix",
					"pivot": [0, 1, 0]
				},
				{
					"name": "part1",
					"parent": "omnitrix",
					"pivot": [0, 1, -6],
					"cubes": [
						{"origin": [-4, 1, -7], "size": [8, 2, 2], "uv": [0, 0]},
						{"origin": [3, 1, -7], "size": [3, 2, 2], "pivot": [3.5, 2, -6], "rotation": [0, 0, -45], "uv": [0, 0]},
						{"origin": [-6.5, 1.75, -7], "size": [3, 2, 2], "pivot": [-4.5, 2, -6], "rotation": [0, 0, 45], "uv": [0, 0]},
						{"origin": [-4, 11, -7], "size": [2, 2, 2], "uv": [0, 0]},
						{"origin": [-6.5, 10.25, -7], "size": [3.25, 2, 2], "pivot": [-4.5, 12, -6], "rotation": [0, 0, -45], "uv": [0, 0]},
						{"origin": [3, 10.5, -7], "size": [3.25, 2, 2], "pivot": [4, 12, -6], "rotation": [0, 0, 45], "uv": [0, 0]},
						{"origin": [2, 11, -7], "size": [2, 2, 2], "uv": [0, 0]},
						{"origin": [-6, 3, -7], "size": [2, 8, 2], "uv": [0, 0]},
						{"origin": [4, 3, -7], "size": [2, 8, 2], "uv": [0, 0]}
					]
				},
				{
					"name": "part2",
					"parent": "omnitrix",
					"pivot": [0, 1, 6],
					"cubes": [
						{"origin": [-4, 1, 5], "size": [8, 2, 2], "uv": [0, 0]},
						{"origin": [3, 1, 5], "size": [3, 2, 2], "pivot": [3.5, 2, 6], "rotation": [0, 0, -45], "uv": [0, 0]},
						{"origin": [-6.5, 1.75, 5], "size": [3, 2, 2], "pivot": [-4.5, 2, 6], "rotation": [0, 0, 45], "uv": [0, 0]},
						{"origin": [-4, 11, 5], "size": [2, 2, 2], "uv": [0, 0]},
						{"origin": [-6.5, 10.25, 5], "size": [3.25, 2, 2], "pivot": [-4.5, 12, 6], "rotation": [0, 0, -45], "uv": [0, 0]},
						{"origin": [3, 10.5, 5], "size": [3.25, 2, 2], "pivot": [4, 12, 6], "rotation": [0, 0, 45], "uv": [0, 0]},
						{"origin": [2, 11, 5], "size": [2, 2, 2], "uv": [0, 0]},
						{"origin": [-6, 3, 5], "size": [2, 8, 2], "uv": [0, 0]},
						{"origin": [4, 3, 5], "size": [2, 8, 2], "uv": [0, 0]}
					]
				},
				{
					"name": "part3",
					"parent": "omnitrix",
					"pivot": [0, 1, 0],
					"cubes": [
						{"origin": [3, 1, -5], "size": [2, 11, 10], "uv": [0, 10]},
						{"origin": [-3, 1, -5], "size": [6, 2, 10], "uv": [0, 10]},
						{"origin": [-5, 1, -5], "size": [2, 11, 10], "uv": [0, 10]},
						{"origin": [5, 1, -5], "size": [1, 11, 2], "uv": [0, 31]},
						{"origin": [5, 1, 3], "size": [1, 11, 2], "uv": [0, 31]},
						{"origin": [-6, 0, 3], "size": [12, 1, 2], "uv": [0, 31]},
						{"origin": [-6, 0, -5], "size": [12, 1, 2], "uv": [0, 31]},
						{"origin": [-6, 1, 3], "size": [1, 11, 2], "uv": [0, 31]},
						{"origin": [-6, 1, -5], "size": [1, 11, 2], "uv": [0, 31]}
					]
				},
				{
					"name": "part4",
					"parent": "omnitrix",
					"pivot": [0, 1, 0],
					"cubes": [
						{"origin": [-5, 11, -5], "size": [10, 2, 10], "uv": [32, 0]},
						{"origin": [4, 12.25, -1.5], "size": [3, 1, 3], "pivot": [5.5, 13.5, 0], "rotation": [0, 0, 45], "uv": [0, 44]}
					]
				},
				{
					"name": "part5",
					"parent": "omnitrix",
					"pivot": [0, -2, 0],
					"cubes": [
						{"origin": [-3.5, 10, -3.5], "size": [7, 3, 7], "uv": [32, 12]},
						{"origin": [-5, 13, -5], "size": [10, 1, 10], "uv": [32, 22]}
					]
				}
			]
		}
	]
}