{
  "format_version": "1.13.0",
  "minecraft:entity": {
    "description": {
      "identifier": "dh:dh_bullet",
      "is_spawnable": false,
      "is_summonable": false,
      "is_experimental": false,
      "runtime_identifier": "minecraft:arrow",
      "scripts": {
        "animate": [
		  "shoot"
        ]
      },
      "animations": {
	    "shoot": "controller.animation.dh_bullet_shoot"
      }
    },
    
    "component_groups": {
    },

    "components": {
      "minecraft:collision_box": {
        "width": 0.25,
        "height": 0.25
      },
      "minecraft:type_family": {
        "family": [ "dh_bullet", "diamondhead" ]
      },
      "minecraft:hurt_on_condition": {
        "damage_conditions": [
          {
            "filters": { "test": "in_lava", "subject": "self", "operator": "==", "value": true },
            "cause": "lava",
            "damage_per_tick": 4
          }
        ]
      },
      "minecraft:projectile": {
        "on_hit": {
          "impact_damage": {
            "damage": 15,
            "knockback": true,
            "semi_random_diff_damage": false,
            "destroy_on_hit": true
          },
          "particle_on_hit": {
            "particle_type": "snowballpoof",
            "num_particles": 0,
            "on_entity_hit": false,
            "on_other_hit": true
          }
        },
        "power": 1.6,
        "gravity": 0.0,
        "uncertainty_base": 16,
        "uncertainty_multiplier": 4,
        "anchor": 1,
        "should_bounce": true,
        "offset": [ 0, -0.1, 0 ]
      },
      "minecraft:physics": {
      },
      "minecraft:pushable": {
        "is_pushable": false,
        "is_pushable_by_piston": true
      }
    },

    "events": {

    }
  }
}