{
  "format_version": "1.12.0",
 "minecraft:entity": {
  "description": {
    "identifier": "hb:hb_bullet",
    "is_spawnable": false,
    "is_summonable": false,
    "is_experimental": false,
    "runtime_identifier": "minecraft:snowball",
      "scripts": {
        "animate": [
		  "shoot"
        ]
      },
      "animations": {
	    "shoot": "controller.animation.hb_bullet_shoot"
      }
    },

  "component_groups": {
   "minecraft:exploding": {
    "minecraft:explode": {
     "fuse_length": 0,
     "fuse_lit": true,
     "power": 1,
     "causes_fire": true,
     "fire_affected_by_griefing": true,
     "destroy_affected_by_griefing": true
    }
   }
  },

  "components": {
       "minecraft:spell_effects": {
         "add_effects": [
        {
          "effect": "invisibility",
	      "amplifier": 3,
	      "visible": true,
		  "ambient": true,
	      "duration": 99999
	    }
	  ]
	},	
   "minecraft:collision_box": {
    "width": 0.31,
    "height": 0.31
   },
   "minecraft:type_family": {
     "family": [ "hb_bullet", "heatblast", "rb", "kevin11" ]
   },
   "minecraft:scale": {
     "value": 1.2
   },
   "minecraft:projectile": {
    
    "on_hit": {
     "definition_event": {
      "affect_projectile": true,
      "event_trigger": {
            "event": "minecraft:explode",
            "target": "self"
      }
     }
    },
    "power": 1.6,
    "gravity": 0.00,
    "inertia": 1,
    "liquid_inertia": 1,
    "uncertainty_base": 0,
    "uncertainty_multiplier": 0,
    "anchor": 1,
    "offset": [ 0, -0.1, 0 ],
    "reflect_on_hurt": true,
    "catch_fire": true
   },
   "minecraft:physics": {
   },
   "minecraft:pushable": {
    "is_pushable": true,
    "is_pushable_by_piston": true
   }
  },
  "events": {
   "minecraft:explode": {
    "add": {
     "component_groups": [
      "minecraft:exploding"
     ]
    }
   }
  }
 }
}
