{
  "format_version": "1.12.0",
 "minecraft:entity": {
  "description": {
    "identifier": "sonic:sonic_howl.player",
    "is_spawnable": false,
    "is_summonable": false,
    "is_experimental": false,
    "runtime_identifier": "minecraft:snowball"
  },

  "component_groups": {
   "minecraft:exploding": {
    "minecraft:explode": {
     "fuse_length": 0,
     "fuse_lit": true,
     "power": 3,
     "causes_fire": true,
     "fire_affected_by_griefing": true,
     "destroy_affected_by_griefing": true
    }
   }
  },

  "components": {
   "minecraft:collision_box": {
    "width": 0.31,
    "height": 0.31
   },
   "minecraft:type_family": {
     "family": [ "sonic_howl", "benwolf", "werewolf"]
   },
   "minecraft:scale": {
     "value": 1.0
   },
   "minecraft:projectile": {
    
    "on_hit": {
      "impact_damage": {
        "damage": 20,
        "knockback": true,
        "semi_random_diff_damage": false,
        "destroy_on_hit": true
      },
     "definition_event": {
      "affect_projectile": true,
      "event_trigger": {
            "event": "minecraft:explode",
            "target": "self"
      }
     }
    },
    "power": 100,
    "gravity": 0.00,
    "inertia": 1,
    "liquid_inertia": 1,
    "uncertainty_base": 0,
    "uncertainty_multiplier": 0,
    "anchor": 1,
	"multiple_targets": true,
    "offset": [ 0, -0.1, 0 ],
    "reflect_on_hurt": true,
    "catch_fire": false
   },
   "minecraft:physics": {
   },
   "minecraft:pushable": {
    "is_pushable": true,
    "is_pushable_by_piston": true
   }
  },
  "events": {
   "minecraft:explode": {
    "add": {
     "component_groups": [
      "minecraft:exploding"
     ]
    }
   }
  }
 }
}
