{
	"format_version": "1.8.0",
	"animations": {
		"animation.cor_polarbear.general": {
			"loop": true,
			"bones": {
				"head": {
					"rotation": ["query.target_x_rotation - this", "query.target_y_rotation - this", 0]
				}
			}
		},
		"animation.cor_polarbear.walking": {
			"loop": true,
			"anim_time_update": "query.modified_distance_moved",
			"bones": {
				"head": {
					"rotation": ["query.target_x_rotation - this", "query.target_y_rotation - this", 0]
				},
				"leg0": {
					"rotation": ["Math.cos(query.anim_time * 40 + 40) *-80.0", 0, 0]
				},
				"leg1": {
					"rotation": ["Math.cos(query.anim_time * 40 + 40) *80.0", 0, 0]
				},
				"leg2": {
					"rotation": ["Math.cos(query.anim_time * 40 + 40) *80.0", 0, 0]
				},
				"leg3": {
					"rotation": ["Math.cos(query.anim_time * 40 + 40) *-80.0", 0, 0]
				}
			}
		},
		"animation.cor_polarbear.attacking": {
			"loop": true,
			"animation_length": 0.52,
			"bones": {
				"body": {
					"rotation": {
						"0.0": [0, 0, 0],
						"0.2": [-40, 0, 0]
					},
					"position": {
						"0.0": [0, 0, 0],
						"0.2": [0, -5, 1.75]
					}
				},
				"leg0": {
					"rotation": {
						"0.0": [0, 0, 0],
						"0.2": [40, 0, 0]
					}
				},
				"leg1": {
					"rotation": {
						"0.0": [0, 0, 0],
						"0.2": [40, 0, 0]
					}
				},
				"leg2": {
					"rotation": {
						"0.0": [0, 0, 0],
						"0.2": [-77.5, 0, 0],
						"0.32": [27.5, 0, 0]
					}
				},
				"leg3": {
					"rotation": {
						"0.0": [0, 0, 0],
						"0.2": [-77.5, 0, 0],
						"0.32": [27.5, 0, 0]
					}
				}
			}
		}
	}
}