{
	"format_version": "1.8.0",
	"animations": {
		"animation.cor_horse.general": {
			"loop": true,
			"bones": {
				"mainhead": {
					"rotation": ["query.target_x_rotation - this", "query.target_y_rotation - this", 0]
				},
				"tail": {
					"rotation": ["Math.sin(query.life_time * 180.0) * 3", 0, 0]
				},
				"MuleEarL": {
					"position": [0, 1, 0],
					"scale": [1, 0.7, 1]
				},
				"MuleEarR": {
					"position": [0, 1, 0],
					"scale": [1, 0.7, 1]
				}
			}
		},
		"animation.cor_horse.walking": {
			"loop": true,
			"anim_time_update": "query.modified_distance_moved",
			"bones": {
				"mainhead": {
					"rotation": ["query.target_x_rotation - this", "query.target_y_rotation - this", 0]
				},
				"leg0": {
					"rotation": ["Math.cos(query.anim_time * 40 + 40) *-80.0", 0, 0]
				},
				"leg1": {
					"rotation": ["Math.cos(query.anim_time * 40 + 40) *80.0", 0, 0]
				},
				"leg2": {
					"rotation": ["Math.cos(query.anim_time * 40 + 40) *80.0", 0, 0]
				},
				"leg3": {
					"rotation": ["Math.cos(query.anim_time * 40 + 40) *-80.0", 0, 0]
				}
			}
		},
		"animation.cor_horse.attacking": {
			"loop": true,
			"animation_length": 0.52,
			"bones": {
				"leg0": {
					"rotation": {
						"0.0": [0, 0, 0],
						"0.2": [-117.5, 0, 0],
						"0.32": [17.5, 0, 0]
					}
				},
				"leg1": {
					"rotation": {
						"0.0": [0, 0, 0],
						"0.2": [-117.5, 0, 0],
						"0.32": [17.5, 0, 0]
					}
				},
				"leg2": {
					"rotation": {
						"0.0": [0, 0, 0],
						"0.2": [40, 0, 0]
					}
				},
				"leg3": {
					"rotation": {
						"0.0": [0, 0, 0],
						"0.2": [40, 0, 0]
					}
				},
				"mainbody": {
					"rotation": {
						"0.0": [0, 0, 0],
						"0.2": [-40, 0, 0]
					},
					"position": {
						"0.0": [0, 0, 0],
						"0.2": [0, 10.75, -7]
					}
				}
			}
		},
		"animation.cor_donkey.general": {
			"loop": true,
			"bones": {
				"mainhead": {
					"rotation": ["query.target_x_rotation - this", "query.target_y_rotation - this", 0]
				},
				"tail": {
					"rotation": ["Math.sin(query.life_time * 180.0) * 3", 0, 0]
				}
			}
		}
	}
}