{
	"format_version": "1.8.0",
	"animations": {
		"animation.cor_wolf.general": {
			"loop": true,
			"bones": {
				"head": {
					"rotation": ["query.target_x_rotation - this", "query.target_y_rotation - this", 0]
				},
				"tail": {
					"rotation": ["30 + Math.sin(query.life_time * 180.0) * 3", 0, 0]
				}
			}
		},
		"animation.cor_wolf.walking": {
			"loop": true,
			"anim_time_update": "query.modified_distance_moved",
			"bones": {
				"head": {
					"rotation": ["query.target_x_rotation - this", "query.target_y_rotation - this", 0]
				},
				"leg0": {
					"rotation": ["Math.cos(query.anim_time * 40 + 40) *-80.0", 0, 0]
				},
				"leg1": {
					"rotation": ["Math.cos(query.anim_time * 40 + 40) *80.0", 0, 0]
				},
				"leg2": {
					"rotation": ["Math.cos(query.anim_time * 40 + 40) *80.0", 0, 0]
				},
				"leg3": {
					"rotation": ["Math.cos(query.anim_time * 40 + 40) *-80.0", 0, 0]
				}
			}
		},
		"animation.cor_wolf.attacking": {
			"loop": true,
			"animation_length": 0.6,
			"bones": {
				"leg0": {
					"rotation": {
						"0.0": [0, 0, 0],
						"0.2": [35, 0, 0]
					}
				},
				"leg1": {
					"rotation": {
						"0.0": [0, 0, 0],
						"0.2": [35, 0, 0]
					}
				},
				"leg2": {
					"rotation": {
						"0.0": [0, 0, 0],
						"0.2": [-80, 0, 0],
						"0.32": [35, 0, 0]
					}
				},
				"leg3": {
					"rotation": {
						"0.0": [0, 0, 0],
						"0.2": [-80, 0, 0],
						"0.32": [35, 0, 0]
					}
				},
				"whole": {
					"rotation": {
						"0.0": [0, 0, 0],
						"0.2": [-35, 0, 0]
					},
					"position": {
						"0.0": [0, 0, 0],
						"0.2": [0, 4.25, 0.75]
					}
				}
			}
		}
	}
}