{
	"format_version": "1.8.0",
	"animations": {	
		"animation.player.alien.disable_alien_tags": {
			"timeline": {
			    "0.0": [
			        "/tag @s remove chooses_wildmutt",
			        "/tag @s remove chooses_fourarms",
			        "/tag @s remove chooses_greymatter",
			        "/tag @s remove chooses_xlr8",
			        "/tag @s remove chooses_upgrade",
			        "/tag @s remove chooses_diamondhead",
			        "/tag @s remove chooses_ripjaws",
			        "/tag @s remove chooses_stinkfly",
			        "/tag @s remove chooses_ghostfreak",
			        "/tag @s remove chooses_cannonbolt",
			        "/tag @s remove chooses_heatblast",
					"/tag @s remove chooses_ditto",
					"/tag @s remove chooses_eye_guy",
					"/tag @s remove chooses_wildvine",
					"/tag @s remove chooses_benmummy",
					"/tag @s remove chooses_benwolf",
					"/tag @s remove chooses_benvicktor",
					"/tag @s remove chooses_upchuck",
					"/tag @s remove chooses_way_big"
			    ]
			},
			"animation_length": 0.1,
			"loop": true
		}
	}
}