{
	"format_version": "1.12.0",
	"minecraft:geometry": [
		{
			"description": {
				"identifier": "geometry.benmummy.player",
				"texture_width": 128,
				"texture_height": 128,
				"visible_bounds_width": 10,
				"visible_bounds_height": 14.5,
				"visible_bounds_offset": [0, 6.75, 0]
			},
			"bones": [
				{
					"name": "whole",
					"pivot": [0, 0, 0],
					"locators": {
						"transpar": [0, 41, 0]
					}
				},
				{
					"name": "upper_body",
					"parent": "whole",
					"pivot": [0, 42.85, 0],
					"cubes": [
						{"origin": [-2.5, 72.25, -2.5], "size": [5, 7, 5], "uv": [32, 7]},
						{"origin": [-13, 62.25, -3.5], "size": [26, 10, 7], "uv": [56, 0]},
						{"origin": [-11, 59.25, -3.5], "size": [22, 3, 7], "uv": [56, 17]},
						{"origin": [-10, 56.25, -3.5], "size": [20, 3, 7], "uv": [56, 27]},
						{"origin": [-9, 53.25, -3.5], "size": [18, 3, 7], "uv": [56, 37]},
						{"origin": [-8, 50.25, -3.5], "size": [16, 3, 7], "uv": [56, 47]},
						{"origin": [-7, 47.25, -3.5], "size": [14, 3, 7], "uv": [56, 57]},
						{"origin": [-6, 44.25, -3.5], "size": [12, 3, 7], "uv": [56, 67]},
						{"origin": [-5, 41.25, -3.5], "size": [10, 3, 7], "uv": [56, 77]},
						{"origin": [6, 0.25, 3.5], "size": [3, 72, 1], "pivot": [7.5, 71.25, 4], "rotation": [0, 0, -7.5], "uv": [114, 17]},
						{"origin": [-9, 0.25, 3.5], "size": [3, 72, 1], "pivot": [-7.5, 71.25, 4], "rotation": [0, 0, 7.5], "uv": [114, 17]}
					]
				},
				{
					"name": "b_head",
					"parent": "upper_body",
					"pivot": [0, 83.125, -1.1],
					"cubes": [
						{"origin": [-4, 79.25, -5.1], "size": [8, 8, 8], "uv": [0, 0]},
						{"origin": [-3, 87.25, -4.1], "size": [6, 1, 6], "uv": [32, 0]},
						{"origin": [-4, 77.25, -5.1], "size": [8, 2, 1], "uv": [0, 16]},
						{"origin": [-3, 76.25, -5.1], "size": [6, 1, 1], "uv": [0, 19]},
						{"origin": [-1, 75.25, -5.1], "size": [2, 1, 1], "uv": [0, 21]},
						{"origin": [3, 69.25, -3.1], "size": [1, 18, 3], "pivot": [4, 86.25, -2.1], "rotation": [0, 0, -7.5], "uv": [0, 23]},
						{"origin": [-4, 69.25, -3.1], "size": [1, 18, 3], "pivot": [-3, 86.25, -2.1], "rotation": [0, 0, 7.5], "uv": [0, 23], "mirror": true},
						{"origin": [4, 72.25, -1.1], "size": [1, 15, 4], "pivot": [4.5, 86.25, 0.9], "rotation": [0, 72.5, -12.5], "uv": [0, 44]},
						{"origin": [4, 72.25, -1.1], "size": [1, 15, 4], "pivot": [4.5, 86.25, 0.9], "rotation": [15, 72.5, -12.5], "uv": [0, 44]},
						{"origin": [4, 72.25, -1.1], "size": [1, 15, 4], "pivot": [4.5, 86.25, 0.9], "rotation": [15, 35, -30], "uv": [0, 44]},
						{"origin": [4, 72.25, -1.1], "size": [1, 15, 4], "pivot": [4.5, 86.25, 0.9], "rotation": [30, -42.5, -57.5], "uv": [0, 44]},
						{"origin": [4, 72.25, -1.1], "size": [1, 15, 4], "pivot": [4.5, 86.25, 0.9], "rotation": [47.5, -42.5, -60], "uv": [0, 44]},
						{"origin": [4, 72.25, -1.1], "size": [1, 15, 4], "pivot": [4.5, 86.25, 0.9], "rotation": [62.5, -42.5, -60], "uv": [0, 44]},
						{"origin": [-5, 72.25, -1.1], "size": [1, 15, 4], "pivot": [-4.5, 86.25, 0.9], "rotation": [0, -72.5, 12.5], "uv": [0, 44]},
						{"origin": [-5, 72.25, -1.1], "size": [1, 15, 4], "pivot": [-4.5, 86.25, 0.9], "rotation": [15, -72.5, 12.5], "uv": [0, 44]},
						{"origin": [-5, 72.25, -1.1], "size": [1, 15, 4], "pivot": [-4.5, 86.25, 0.9], "rotation": [15, -35, 30], "uv": [0, 44]},
						{"origin": [-5, 72.25, -1.1], "size": [1, 15, 4], "pivot": [-4.5, 86.25, 0.9], "rotation": [30, 42.5, 57.5], "uv": [0, 44]},
						{"origin": [-5, 72.25, -1.1], "size": [1, 15, 4], "pivot": [-4.5, 86.25, 0.9], "rotation": [45, 42.5, 57.5], "uv": [0, 44]},
						{"origin": [-5, 72.25, -1.1], "size": [1, 15, 4], "pivot": [-4.5, 86.25, 0.9], "rotation": [60, 42.5, 57.5], "uv": [0, 44]},
						{"origin": [-4, 72.75, 1.9], "size": [8, 15, 1], "pivot": [0, 86.75, 2.4], "rotation": [37.5, 0, 0], "uv": [0, 63]}
					]
				},
				{
					"name": "b_rightArm",
					"parent": "upper_body",
					"pivot": [-12.875, 72.125, 0],
					"rotation": [9.54589, -2.99318, 12.25002],
					"cubes": [
						{"origin": [-15.44056, 62.44069, -4.36494], "size": [7, 10, 7], "uv": [0, 103]},
						{"origin": [-15.44056, 60.44069, -3.86494], "size": [2, 2, 6], "uv": [22, 36]},
						{"origin": [-15.44056, 35.44069, -3.36494], "size": [2, 25, 5], "uv": [22, 44]}
					]
				},
				{
					"name": "rightArm2",
					"parent": "b_rightArm",
					"pivot": [-14.44056, 36.19069, -0.86494],
					"rotation": [-25, 0, 0],
					"cubes": [
						{"origin": [-15.94056, 31.44069, -4.36494], "size": [3, 6, 7], "uv": [36, 44]},
						{"origin": [-16.44056, 12.44069, -4.86494], "size": [4, 19, 8], "uv": [22, 74]}
					]
				},
				{
					"name": "joint1",
					"parent": "rightArm2",
					"pivot": [-15.94056, 12.94069, 2.13506],
					"rotation": [11.93845, -3.73171, 17.10967],
					"cubes": [
						{"origin": [-16.44056, 5.44069, 1.13506], "size": [1, 8, 2], "uv": [28, 101]}
					]
				},
				{
					"name": "joint2",
					"parent": "joint1",
					"pivot": [-15.94056, 5.94069, 2.13506],
					"rotation": [0, 0, -22.5],
					"cubes": [
						{"origin": [-16.44056, 0.44069, 1.13506], "size": [1, 6, 2], "uv": [34, 101]}
					]
				},
				{
					"name": "joint3",
					"parent": "joint2",
					"pivot": [-15.94056, 0.94069, 2.13506],
					"rotation": [0, 0, -27.5],
					"cubes": [
						{"origin": [-16.44056, -2.55931, 1.13506], "size": [1, 4, 2], "uv": [40, 101]}
					]
				},
				{
					"name": "joint4",
					"parent": "rightArm2",
					"pivot": [-15.94056, 12.94069, -0.86494],
					"rotation": [0, 0, 20],
					"cubes": [
						{"origin": [-16.44056, 5.44069, -1.86494], "size": [1, 8, 2], "uv": [28, 101]}
					]
				},
				{
					"name": "joint5",
					"parent": "joint4",
					"pivot": [-15.94056, 5.94069, -0.86494],
					"rotation": [0, 0, -27.5],
					"cubes": [
						{"origin": [-16.44056, 0.44069, -1.86494], "size": [1, 6, 2], "uv": [34, 101]}
					]
				},
				{
					"name": "joint6",
					"parent": "joint5",
					"pivot": [-15.94056, 0.94069, -0.86494],
					"rotation": [0, 0, -25],
					"cubes": [
						{"origin": [-16.44056, -2.55931, -1.86494], "size": [1, 4, 2], "uv": [40, 101]}
					]
				},
				{
					"name": "joint7",
					"parent": "rightArm2",
					"pivot": [-15.94056, 12.94069, -3.86494],
					"rotation": [-11.93845, 3.73171, 17.10967],
					"cubes": [
						{"origin": [-16.44056, 5.44069, -4.86494], "size": [1, 8, 2], "uv": [28, 101]}
					]
				},
				{
					"name": "joint8",
					"parent": "joint7",
					"pivot": [-15.94056, 5.94069, -3.86494],
					"rotation": [0, 0, -27.5],
					"cubes": [
						{"origin": [-16.44056, 0.44069, -4.86494], "size": [1, 6, 2], "uv": [34, 101]}
					]
				},
				{
					"name": "joint9",
					"parent": "joint8",
					"pivot": [-15.94056, 0.94069, -3.86494],
					"rotation": [0, 0, -22.5],
					"cubes": [
						{"origin": [-16.44056, -2.55931, -4.86494], "size": [1, 4, 2], "uv": [40, 101]}
					]
				},
				{
					"name": "joint10",
					"parent": "rightArm2",
					"pivot": [-12.94056, 12.94069, -3.86494],
					"rotation": [-9.6658, -2.57594, -14.78217],
					"cubes": [
						{"origin": [-13.44056, 5.44069, -4.86494], "size": [1, 8, 2], "uv": [28, 101]}
					]
				},
				{
					"name": "joint11",
					"parent": "joint10",
					"pivot": [-12.94056, 5.94069, -3.86494],
					"rotation": [0, 0, 22.5],
					"cubes": [
						{"origin": [-13.44056, 0.44069, -4.86494], "size": [1, 6, 2], "uv": [34, 101]}
					]
				},
				{
					"name": "joint12",
					"parent": "joint11",
					"pivot": [-12.94056, 0.94069, -3.86494],
					"rotation": [0, 0, 20],
					"cubes": [
						{"origin": [-13.44056, -2.55931, -4.86494], "size": [1, 4, 2], "uv": [40, 101]}
					]
				},
				{
					"name": "b_leftArm",
					"parent": "upper_body",
					"pivot": [13.125, 72.125, 0],
					"rotation": [9.54589, 2.99318, -12.25],
					"cubes": [
						{"origin": [8.44056, 62.44069, -4.36494], "size": [7, 10, 7], "uv": [0, 103], "mirror": true},
						{"origin": [13.44056, 60.44069, -3.86494], "size": [2, 2, 6], "uv": [22, 36]},
						{"origin": [13.44056, 35.44069, -3.36494], "size": [2, 25, 5], "uv": [22, 44], "mirror": true}
					]
				},
				{
					"name": "leftArm2",
					"parent": "b_leftArm",
					"pivot": [14.44056, 36.19069, -0.86494],
					"rotation": [-25, 0, 0],
					"cubes": [
						{"origin": [12.94056, 31.44069, -4.36494], "size": [3, 6, 7], "uv": [36, 44], "mirror": true},
						{"origin": [12.44056, 12.44069, -4.86494], "size": [4, 19, 8], "uv": [22, 74], "mirror": true}
					]
				},
				{
					"name": "joint13",
					"parent": "leftArm2",
					"pivot": [15.94056, 12.94069, 2.13506],
					"rotation": [11.93845, 3.73171, -17.10967],
					"cubes": [
						{"origin": [15.44056, 5.44069, 1.13506], "size": [1, 8, 2], "uv": [28, 101]}
					]
				},
				{
					"name": "joint14",
					"parent": "joint13",
					"pivot": [15.94056, 5.94069, 2.13506],
					"rotation": [0, -5, 22.5],
					"cubes": [
						{"origin": [15.44056, 0.44069, 1.13506], "size": [1, 6, 2], "uv": [34, 101]}
					]
				},
				{
					"name": "joint15",
					"parent": "joint14",
					"pivot": [15.94056, 0.94069, 2.13506],
					"rotation": [0, 0, 27.5],
					"cubes": [
						{"origin": [15.44056, -2.55931, 1.13506], "size": [1, 4, 2], "uv": [40, 101]}
					]
				},
				{
					"name": "joint16",
					"parent": "leftArm2",
					"pivot": [15.94056, 12.94069, -0.86494],
					"rotation": [0, 0, -22.5],
					"cubes": [
						{"origin": [15.44056, 5.44069, -1.86494], "size": [1, 8, 2], "uv": [28, 101]}
					]
				},
				{
					"name": "joint17",
					"parent": "joint16",
					"pivot": [15.94056, 5.94069, -0.86494],
					"rotation": [0, 0, 25],
					"cubes": [
						{"origin": [15.44056, 0.44069, -1.86494], "size": [1, 6, 2], "uv": [34, 101]}
					]
				},
				{
					"name": "joint18",
					"parent": "joint17",
					"pivot": [15.94056, 0.94069, -0.86494],
					"rotation": [0, 0, 27.5],
					"cubes": [
						{"origin": [15.44056, -2.55931, -1.86494], "size": [1, 4, 2], "uv": [40, 101]}
					]
				},
				{
					"name": "joint19",
					"parent": "leftArm2",
					"pivot": [15.94056, 12.94069, -3.86494],
					"rotation": [-11.93845, -3.73171, -17.10967],
					"cubes": [
						{"origin": [15.44056, 5.44069, -4.86494], "size": [1, 8, 2], "uv": [28, 101]}
					]
				},
				{
					"name": "joint20",
					"parent": "joint19",
					"pivot": [15.94056, 5.94069, -3.86494],
					"rotation": [0, 0, 25],
					"cubes": [
						{"origin": [15.44056, 0.44069, -4.86494], "size": [1, 6, 2], "uv": [34, 101]}
					]
				},
				{
					"name": "joint21",
					"parent": "joint20",
					"pivot": [15.94056, 0.94069, -3.86494],
					"rotation": [0, 0, 20],
					"cubes": [
						{"origin": [15.44056, -2.55931, -4.86494], "size": [1, 4, 2], "uv": [40, 101]}
					]
				},
				{
					"name": "joint22",
					"parent": "leftArm2",
					"pivot": [12.94056, 12.94069, -3.86494],
					"rotation": [-12.2127, 2.68507, 12.2127],
					"cubes": [
						{"origin": [12.44056, 5.44069, -4.86494], "size": [1, 8, 2], "uv": [28, 101]}
					]
				},
				{
					"name": "joint23",
					"parent": "joint22",
					"pivot": [12.94056, 5.94069, -3.86494],
					"rotation": [0, 0, -17.5],
					"cubes": [
						{"origin": [12.44056, 0.44069, -4.86494], "size": [1, 6, 2], "uv": [34, 101]}
					]
				},
				{
					"name": "joint24",
					"parent": "joint23",
					"pivot": [12.94056, 0.94069, -3.86494],
					"rotation": [0, 0, -25],
					"cubes": [
						{"origin": [12.44056, -2.55931, -4.86494], "size": [1, 4, 2], "uv": [40, 101]}
					]
				},
				{
					"name": "omnitrix",
					"parent": "b_leftArm",
					"pivot": [15.39825, 69.5017, -0.81725],
					"cubes": [
						{"origin": [15.43917, 68.63331, -1.76644], "size": [1, 2, 2], "inflate": 0.9, "uv": [0, 0]}
					]
				},
				{
					"name": "lower_body",
					"parent": "whole",
					"pivot": [0, 20.25, 0.5],
					"cubes": [
						{"origin": [-4, 33.25, -3.5], "size": [8, 10, 7], "uv": [22, 19]}
					]
				},
				{
					"name": "b_rightLeg",
					"parent": "lower_body",
					"pivot": [-2, 34.75, 0],
					"rotation": [-4.95744, 0.65182, 7.47178],
					"cubes": [
						{"origin": [-3.75, 17.25, -2], "size": [4, 18, 4], "uv": [46, 87]}
					]
				},
				{
					"name": "rightLeg2",
					"parent": "b_rightLeg",
					"pivot": [-2, 18.25, 0],
					"rotation": [12.5, 0, 0],
					"cubes": [
						{"origin": [-4.75, -0.75, -3], "size": [6, 20, 6], "uv": [62, 87]},
						{"origin": [-4.75, -0.75, -18], "size": [2, 1, 16], "pivot": [-3.75, -0.25, -2], "rotation": [-2.5, 17.5, 0], "uv": [28, 111]},
						{"origin": [-3.75, -0.75, -18], "size": [2, 1, 16], "pivot": [-2.75, -0.25, -2], "rotation": [-5, 5, 0], "uv": [28, 111]},
						{"origin": [-1.75, -0.75, -18], "size": [2, 1, 16], "pivot": [-0.75, -0.25, -2], "rotation": [-7.5, -5, 0], "uv": [28, 111]},
						{"origin": [-0.75, -0.75, -18], "size": [2, 1, 16], "pivot": [0.25, -0.25, -2], "rotation": [-10, -17.5, 0], "uv": [28, 111]}
					]
				},
				{
					"name": "b_leftLeg",
					"parent": "lower_body",
					"pivot": [1.5, 34.75, 0],
					"rotation": [-4.95744, -0.65182, -7.47178],
					"cubes": [
						{"origin": [-0.25, 17.25, -2], "size": [4, 18, 4], "uv": [46, 87]}
					]
				},
				{
					"name": "leftLeg2",
					"parent": "b_leftLeg",
					"pivot": [1.5, 18.25, 0],
					"rotation": [12.5, 0, 0],
					"cubes": [
						{"origin": [-1.25, -0.75, -3], "size": [6, 20, 6], "uv": [62, 87]},
						{"origin": [-1.25, -0.75, -18], "size": [2, 1, 16], "pivot": [-0.25, -0.25, -2], "rotation": [-10, 17.5, 0], "uv": [28, 111]},
						{"origin": [-0.25, -0.75, -18], "size": [2, 1, 16], "pivot": [0.75, -0.25, -2], "rotation": [-7.5, 5, 0], "uv": [28, 111]},
						{"origin": [1.75, -0.75, -18], "size": [2, 1, 16], "pivot": [2.75, -0.25, -2], "rotation": [-5, -5, 0], "uv": [28, 111]},
						{"origin": [2.75, -0.75, -18], "size": [2, 1, 16], "pivot": [3.75, -0.25, -2], "rotation": [-2.5, -17.5, 0], "uv": [28, 111]}
					]
				},
				{
					"name": "dress",
					"parent": "lower_body",
					"pivot": [0, 41.25, 0.25],
					"cubes": [
						{"origin": [-4, 27.25, -3.5], "size": [8, 12, 1], "pivot": [0, 38.25, -3], "rotation": [-25, 0, 0], "uv": [64, 113]},
						{"origin": [-7.5, 27.25, -0.5], "size": [8, 12, 1], "pivot": [-3.5, 38.25, 0], "rotation": [-25, 90, 0], "uv": [64, 113]},
						{"origin": [-5, 27.25, -3.75], "size": [3, 12, 1], "pivot": [-3.5, 38.25, -3.25], "rotation": [-25, 62.5, 0], "uv": [82, 113]},
						{"origin": [2, 27.25, -3.75], "size": [3, 12, 1], "pivot": [3.5, 38.25, -3.25], "rotation": [-25, -62.5, 0], "uv": [82, 113]},
						{"origin": [2, 27.25, 2.25], "size": [3, 12, 1], "pivot": [3.5, 38.25, 2.75], "rotation": [-25, -117.5, 0], "uv": [82, 113]},
						{"origin": [-5, 27.25, 2.25], "size": [3, 12, 1], "pivot": [-3.5, 38.25, 2.75], "rotation": [-25, 117.5, 0], "uv": [82, 113]},
						{"origin": [2, 27.25, 2.25], "size": [3, 12, 1], "pivot": [3.5, 38.25, 2.75], "rotation": [-25, -155, 0], "uv": [82, 113]},
						{"origin": [-5, 27.25, 2.25], "size": [3, 12, 1], "pivot": [-3.5, 38.25, 2.75], "rotation": [-25, 155, 0], "uv": [82, 113]},
						{"origin": [-5, 27.25, -3.75], "size": [3, 12, 1], "pivot": [-3.5, 38.25, -3.25], "rotation": [-25, 22.5, 0], "uv": [82, 113]},
						{"origin": [2, 27.25, -3.75], "size": [3, 12, 1], "pivot": [3.5, 38.25, -3.25], "rotation": [-25, -22.5, 0], "uv": [82, 113]},
						{"origin": [-0.5, 27.25, -0.5], "size": [8, 12, 1], "pivot": [3.5, 38.25, 0], "rotation": [25, 90, 0], "uv": [64, 113]},
						{"origin": [-4, 27.25, 3.5], "size": [8, 12, 1], "pivot": [0, 38.25, 4], "rotation": [20, 0, 0], "uv": [64, 113]},
						{"origin": [-3, 16.25, -4], "size": [3, 25, 1], "pivot": [-1.5, 40.25, -3.5], "rotation": [-25, 0, 5], "uv": [46, 57]},
						{"origin": [-1, 16.25, -4], "size": [3, 25, 1], "pivot": [0.5, 40.25, -3.5], "rotation": [-25, 0, -5], "uv": [46, 57]},
						{"origin": [-1, 16.25, 3], "size": [3, 25, 1], "pivot": [0.5, 40.25, 3.5], "rotation": [25, 0, -5], "uv": [46, 57]},
						{"origin": [-3, 16.25, 3], "size": [3, 25, 1], "pivot": [-1.5, 40.25, 3.5], "rotation": [25, 0, 5], "uv": [46, 57]}
					]
				},
				{
					"name": "mainhand",
					"pivot": [0, 0, 0]
				},
				{
					"name": "fp_rightArm",
					"parent": "mainhand",
					"pivot": [-12.875, 167.125, 0],
					"rotation": [-70.45411, -150.49318, -100.24998],
					"cubes": [
						{"origin": [-16.5, 162.25, -3.5], "size": [7, 10, 7], "uv": [0, 103]},
						{"origin": [-16.5, 160.25, -3], "size": [2, 2, 6], "uv": [22, 36]},
						{"origin": [-16.5, 135.25, -2.5], "size": [2, 25, 5], "uv": [22, 44]}
					]
				},
				{
					"name": "rightArm3",
					"parent": "fp_rightArm",
					"pivot": [-15.5, 136, 0],
					"rotation": [-25, 0, 0],
					"cubes": [
						{"origin": [-17, 131.25, -3.5], "size": [3, 6, 7], "uv": [36, 44]},
						{"origin": [-17.5, 112.25, -4], "size": [4, 19, 8], "uv": [22, 74]}
					]
				},
				{
					"name": "joint25",
					"parent": "rightArm3",
					"pivot": [-17, 112.75, 3],
					"rotation": [11.93845, -3.73171, 17.10967],
					"cubes": [
						{"origin": [-17.5, 105.25, 2], "size": [1, 8, 2], "uv": [28, 101]}
					]
				},
				{
					"name": "joint26",
					"parent": "joint25",
					"pivot": [-17, 105.75, 3],
					"rotation": [0, 0, -22.5],
					"cubes": [
						{"origin": [-17.5, 100.25, 2], "size": [1, 6, 2], "uv": [34, 101]}
					]
				},
				{
					"name": "joint27",
					"parent": "joint26",
					"pivot": [-17, 100.75, 3],
					"rotation": [0, 0, -27.5],
					"cubes": [
						{"origin": [-17.5, 97.25, 2], "size": [1, 4, 2], "uv": [40, 101]}
					]
				},
				{
					"name": "joint28",
					"parent": "rightArm3",
					"pivot": [-17, 112.75, 0],
					"rotation": [0, 0, 20],
					"cubes": [
						{"origin": [-17.5, 105.25, -1], "size": [1, 8, 2], "uv": [28, 101]}
					]
				},
				{
					"name": "joint29",
					"parent": "joint28",
					"pivot": [-17, 105.75, 0],
					"rotation": [0, 0, -27.5],
					"cubes": [
						{"origin": [-17.5, 100.25, -1], "size": [1, 6, 2], "uv": [34, 101]}
					]
				},
				{
					"name": "joint30",
					"parent": "joint29",
					"pivot": [-17, 100.75, 0],
					"rotation": [0, 0, -25],
					"cubes": [
						{"origin": [-17.5, 97.25, -1], "size": [1, 4, 2], "uv": [40, 101]}
					]
				},
				{
					"name": "joint31",
					"parent": "rightArm3",
					"pivot": [-17, 112.75, -3],
					"rotation": [-11.93845, 3.73171, 17.10967],
					"cubes": [
						{"origin": [-17.5, 105.25, -4], "size": [1, 8, 2], "uv": [28, 101]}
					]
				},
				{
					"name": "joint32",
					"parent": "joint31",
					"pivot": [-17, 105.75, -3],
					"rotation": [0, 0, -27.5],
					"cubes": [
						{"origin": [-17.5, 100.25, -4], "size": [1, 6, 2], "uv": [34, 101]}
					]
				},
				{
					"name": "joint33",
					"parent": "joint32",
					"pivot": [-17, 100.75, -3],
					"rotation": [0, 0, -22.5],
					"cubes": [
						{"origin": [-17.5, 97.25, -4], "size": [1, 4, 2], "uv": [40, 101]}
					]
				},
				{
					"name": "joint34",
					"parent": "rightArm3",
					"pivot": [-14, 112.75, -3],
					"rotation": [-9.6658, -2.57594, -14.78217],
					"cubes": [
						{"origin": [-14.5, 105.25, -4], "size": [1, 8, 2], "uv": [28, 101]}
					]
				},
				{
					"name": "joint35",
					"parent": "joint34",
					"pivot": [-14, 105.75, -3],
					"rotation": [0, 0, 22.5],
					"cubes": [
						{"origin": [-14.5, 100.25, -4], "size": [1, 6, 2], "uv": [34, 101]}
					]
				},
				{
					"name": "joint36",
					"parent": "joint35",
					"pivot": [-14, 100.75, -3],
					"rotation": [0, 0, 20],
					"cubes": [
						{"origin": [-14.5, 97.25, -4], "size": [1, 4, 2], "uv": [40, 101]}
					]
				},
				{
					"name": "offhand",
					"pivot": [0, 0, 0]
				},
				{
					"name": "fp_leftArm",
					"parent": "offhand",
					"pivot": [13.125, 167.125, 0],
					"rotation": [-70.45411, 150.4932, 100.25],
					"cubes": [
						{"origin": [9.5, 162.25, -3.5], "size": [7, 10, 7], "uv": [0, 103], "mirror": true},
						{"origin": [14.5, 160.25, -3], "size": [2, 2, 6], "uv": [22, 36]},
						{"origin": [14.5, 135.25, -2.5], "size": [2, 25, 5], "uv": [22, 44], "mirror": true}
					]
				},
				{
					"name": "leftArm3",
					"parent": "fp_leftArm",
					"pivot": [15.5, 136, 0],
					"rotation": [-25, 0, 0],
					"cubes": [
						{"origin": [14, 131.25, -3.5], "size": [3, 6, 7], "uv": [36, 44], "mirror": true},
						{"origin": [13.5, 112.25, -4], "size": [4, 19, 8], "uv": [22, 74], "mirror": true}
					]
				},
				{
					"name": "joint37",
					"parent": "leftArm3",
					"pivot": [17, 112.75, 3],
					"rotation": [11.93845, 3.73171, -17.10967],
					"cubes": [
						{"origin": [16.5, 105.25, 2], "size": [1, 8, 2], "uv": [28, 101]}
					]
				},
				{
					"name": "joint38",
					"parent": "joint37",
					"pivot": [17, 105.75, 3],
					"rotation": [0, -5, 22.5],
					"cubes": [
						{"origin": [16.5, 100.25, 2], "size": [1, 6, 2], "uv": [34, 101]}
					]
				},
				{
					"name": "joint39",
					"parent": "joint38",
					"pivot": [17, 100.75, 3],
					"rotation": [0, 0, 27.5],
					"cubes": [
						{"origin": [16.5, 97.25, 2], "size": [1, 4, 2], "uv": [40, 101]}
					]
				},
				{
					"name": "joint40",
					"parent": "leftArm3",
					"pivot": [17, 112.75, 0],
					"rotation": [0, 0, -22.5],
					"cubes": [
						{"origin": [16.5, 105.25, -1], "size": [1, 8, 2], "uv": [28, 101]}
					]
				},
				{
					"name": "joint41",
					"parent": "joint40",
					"pivot": [17, 105.75, 0],
					"rotation": [0, 0, 25],
					"cubes": [
						{"origin": [16.5, 100.25, -1], "size": [1, 6, 2], "uv": [34, 101]}
					]
				},
				{
					"name": "joint42",
					"parent": "joint41",
					"pivot": [17, 100.75, 0],
					"rotation": [0, 0, 27.5],
					"cubes": [
						{"origin": [16.5, 97.25, -1], "size": [1, 4, 2], "uv": [40, 101]}
					]
				},
				{
					"name": "joint43",
					"parent": "leftArm3",
					"pivot": [17, 112.75, -3],
					"rotation": [-11.93845, -3.73171, -17.10967],
					"cubes": [
						{"origin": [16.5, 105.25, -4], "size": [1, 8, 2], "uv": [28, 101]}
					]
				},
				{
					"name": "joint44",
					"parent": "joint43",
					"pivot": [17, 105.75, -3],
					"rotation": [0, 0, 25],
					"cubes": [
						{"origin": [16.5, 100.25, -4], "size": [1, 6, 2], "uv": [34, 101]}
					]
				},
				{
					"name": "joint45",
					"parent": "joint44",
					"pivot": [17, 100.75, -3],
					"rotation": [0, 0, 20],
					"cubes": [
						{"origin": [16.5, 97.25, -4], "size": [1, 4, 2], "uv": [40, 101]}
					]
				},
				{
					"name": "joint46",
					"parent": "leftArm3",
					"pivot": [14, 112.75, -3],
					"rotation": [-12.2127, 2.68507, 12.2127],
					"cubes": [
						{"origin": [13.5, 105.25, -4], "size": [1, 8, 2], "uv": [28, 101]}
					]
				},
				{
					"name": "joint47",
					"parent": "joint46",
					"pivot": [14, 105.75, -3],
					"rotation": [0, 0, -17.5],
					"cubes": [
						{"origin": [13.5, 100.25, -4], "size": [1, 6, 2], "uv": [34, 101]}
					]
				},
				{
					"name": "joint48",
					"parent": "joint47",
					"pivot": [14, 100.75, -3],
					"rotation": [0, 0, -25],
					"cubes": [
						{"origin": [13.5, 97.25, -4], "size": [1, 4, 2], "uv": [40, 101]}
					]
				},
				{
					"name": "omnitrix2",
					"parent": "fp_leftArm",
					"pivot": [16.45769, 169.31101, 0.04769],
					"cubes": [
						{"origin": [16.49861, 168.44262, -0.9015], "size": [1, 2, 2], "inflate": 0.9, "uv": [0, 0]}
					]
				}
			]
		}
	]
}