{
	"format_version": "1.12.0",
	"minecraft:geometry": [
		{
			"description": {
				"identifier": "geometry.cannonbolt.player",
				"texture_width": 256,
				"texture_height": 256,
				"visible_bounds_width": 6,
				"visible_bounds_height": 7,
				"visible_bounds_offset": [0, 1.5, 0]
			},
			"bones": [
				{
					"name": "whole",
					"pivot": [0, 0, 0]
				},
				{
					"name": "cannonbolt",
					"parent": "whole",
					"pivot": [0, -1, 0]
				},
				{
					"name": "upper_body",
					"parent": "cannonbolt",
					"pivot": [0, 21, 0],
					"cubes": [
						{"origin": [-12.5, 21, -7], "size": [25, 20, 14], "uv": [0, 0]}
					]
				},
				{
					"name": "omnitrix",
					"parent": "upper_body",
					"pivot": [0, -8, 0],
					"cubes": [
						{"origin": [-1, 37.25, -8], "size": [2, 2, 1], "inflate": 0.25, "uv": [0, 0]}
					]
				},
				{
					"name": "c_rightArm",
					"parent": "upper_body",
					"pivot": [-8.5, 31, 0],
					"rotation": [20, 0, 30],
					"cubes": [
						{"origin": [-18.5, 17, -5], "size": [10, 20, 10], "inflate": -0.1, "uv": [0, 57]}
					]
				},
				{
					"name": "bone",
					"parent": "c_rightArm",
					"pivot": [3.5, 8, 1],
					"cubes": [
						{"origin": [-23.5, 32, -5], "size": [10, 10, 10], "uv": [40, 57]},
						{"origin": [-24.5, 33, -4], "size": [1, 8, 8], "uv": [40, 57]},
						{"origin": [-13.5, 33, -4], "size": [1, 8, 8], "uv": [40, 57]},
						{"origin": [-22.5, 42, -4], "size": [8, 1, 8], "uv": [40, 57]},
						{"origin": [-22.5, 31, -4], "size": [8, 1, 8], "uv": [40, 57]}
					]
				},
				{
					"name": "rightArm2",
					"parent": "c_rightArm",
					"pivot": [-8.5, 19, 0],
					"rotation": [-35, 0, 0],
					"cubes": [
						{"origin": [-18.5, 2, -5], "size": [10, 20, 10], "uv": [0, 87]},
						{"origin": [-17.5, 1, -4], "size": [8, 1, 8], "uv": [40, 77]}
					]
				},
				{
					"name": "bone2",
					"parent": "rightArm2",
					"pivot": [10.5, 26, 0],
					"cubes": [
						{"origin": [-20.5, 6, -4.5], "size": [2, 9, 9], "uv": [40, 57]},
						{"origin": [-21.5, 7, -3.5], "size": [1, 7, 7], "uv": [40, 57]}
					]
				},
				{
					"name": "claw",
					"parent": "rightArm2",
					"pivot": [10.5, 26, 0]
				},
				{
					"name": "claw1",
					"parent": "claw",
					"pivot": [10.5, 26, 0],
					"cubes": [
						{"origin": [-17.5, -3, 3], "size": [3, 4, 1], "uv": [40, 86]},
						{"origin": [-16.5, -4, 3], "size": [4, 2, 1], "uv": [40, 86]},
						{"origin": [-12.5, -4, 3], "size": [2, 1, 1], "uv": [40, 86]}
					]
				},
				{
					"name": "claw2",
					"parent": "claw",
					"pivot": [10.5, 26, -4.75],
					"cubes": [
						{"origin": [-17.5, -3, -1.75], "size": [3, 4, 1], "uv": [40, 86]},
						{"origin": [-16.5, -4, -1.75], "size": [4, 2, 1], "uv": [40, 86]},
						{"origin": [-12.5, -4, -1.75], "size": [2, 1, 1], "uv": [40, 86]}
					]
				},
				{
					"name": "claw3",
					"parent": "claw",
					"pivot": [10.5, 26, -2.25],
					"cubes": [
						{"origin": [-17.5, -3, 0.75], "size": [3, 4, 1], "uv": [40, 86]},
						{"origin": [-16.5, -4, 0.75], "size": [4, 2, 1], "uv": [40, 86]},
						{"origin": [-12.5, -4, 0.75], "size": [2, 1, 1], "uv": [40, 86]}
					]
				},
				{
					"name": "claw4",
					"parent": "claw",
					"pivot": [10.5, 26, -7],
					"cubes": [
						{"origin": [-17.5, -3, -4], "size": [3, 4, 1], "uv": [40, 86]},
						{"origin": [-16.5, -4, -4], "size": [4, 2, 1], "uv": [40, 86]},
						{"origin": [-12.5, -4, -4], "size": [2, 1, 1], "uv": [40, 86]}
					]
				},
				{
					"name": "c_leftArm",
					"parent": "upper_body",
					"pivot": [8.5, 31, 0],
					"rotation": [20, 0, -30],
					"cubes": [
						{"origin": [8.5, 17, -5], "size": [10, 20, 10], "inflate": -0.1, "uv": [0, 57], "mirror": true}
					]
				},
				{
					"name": "bone3",
					"parent": "c_leftArm",
					"pivot": [40.5, 8, 1],
					"cubes": [
						{"origin": [13.5, 32, -5], "size": [10, 10, 10], "uv": [40, 57], "mirror": true},
						{"origin": [12.5, 33, -4], "size": [1, 8, 8], "uv": [40, 57], "mirror": true},
						{"origin": [23.5, 33, -4], "size": [1, 8, 8], "uv": [40, 57], "mirror": true},
						{"origin": [14.5, 42, -4], "size": [8, 1, 8], "uv": [40, 57], "mirror": true},
						{"origin": [14.5, 31, -4], "size": [8, 1, 8], "uv": [40, 57], "mirror": true}
					]
				},
				{
					"name": "leftArm2",
					"parent": "c_leftArm",
					"pivot": [8.5, 19, 0],
					"rotation": [-35, 0, 0],
					"cubes": [
						{"origin": [8.5, 2, -5], "size": [10, 20, 10], "uv": [0, 87], "mirror": true},
						{"origin": [9.5, 1, -4], "size": [8, 1, 8], "uv": [40, 77], "mirror": true}
					]
				},
				{
					"name": "bone4",
					"parent": "leftArm2",
					"pivot": [37.5, 26, 0],
					"cubes": [
						{"origin": [18.5, 6, -4.5], "size": [2, 9, 9], "uv": [40, 57], "mirror": true},
						{"origin": [20.5, 7, -3.5], "size": [1, 7, 7], "uv": [40, 57], "mirror": true}
					]
				},
				{
					"name": "claw5",
					"parent": "leftArm2",
					"pivot": [37.5, 26, 0]
				},
				{
					"name": "claw6",
					"parent": "claw5",
					"pivot": [36.5, 26, 0],
					"cubes": [
						{"origin": [14.5, -3, 3], "size": [3, 4, 1], "uv": [40, 86], "mirror": true},
						{"origin": [12.5, -4, 3], "size": [4, 2, 1], "uv": [40, 86], "mirror": true},
						{"origin": [10.5, -4, 3], "size": [2, 1, 1], "uv": [40, 86], "mirror": true}
					]
				},
				{
					"name": "claw7",
					"parent": "claw5",
					"pivot": [36.5, 26, -7],
					"cubes": [
						{"origin": [14.5, -3, -4], "size": [3, 4, 1], "uv": [40, 86], "mirror": true},
						{"origin": [12.5, -4, -4], "size": [4, 2, 1], "uv": [40, 86], "mirror": true},
						{"origin": [10.5, -4, -4], "size": [2, 1, 1], "uv": [40, 86], "mirror": true}
					]
				},
				{
					"name": "claw8",
					"parent": "claw5",
					"pivot": [36.5, 26, 0.75],
					"cubes": [
						{"origin": [14.5, -3, 0.75], "size": [3, 4, 1], "uv": [40, 86], "mirror": true},
						{"origin": [12.5, -4, 0.75], "size": [4, 2, 1], "uv": [40, 86], "mirror": true},
						{"origin": [10.5, -4, 0.75], "size": [2, 1, 1], "uv": [40, 86], "mirror": true}
					]
				},
				{
					"name": "claw9",
					"parent": "claw5",
					"pivot": [36.5, 26, 0.75],
					"cubes": [
						{"origin": [14.5, -3, -1.75], "size": [3, 4, 1], "uv": [40, 86], "mirror": true},
						{"origin": [12.5, -4, -1.75], "size": [4, 2, 1], "uv": [40, 86], "mirror": true},
						{"origin": [10.5, -4, -1.75], "size": [2, 1, 1], "uv": [40, 86], "mirror": true}
					]
				},
				{
					"name": "bone7",
					"parent": "upper_body",
					"pivot": [0, 21, 0],
					"cubes": [
						{"origin": [-7.5, 41, 3], "size": [15, 1, 4], "uv": [78, 0]},
						{"origin": [-4.5, 41, -2], "size": [9, 1, 5], "uv": [78, 0]},
						{"origin": [-3.5, 42, -1], "size": [7, 1, 4], "uv": [78, 0]},
						{"origin": [-3.5, 42, 3], "size": [7, 1, 3], "uv": [78, 0]},
						{"origin": [-6.5, 42, 4], "size": [13, 1, 3], "uv": [78, 0]},
						{"origin": [-6.5, 30, 7], "size": [13, 13, 1], "uv": [78, 0]},
						{"origin": [-7.5, 31, 8], "size": [15, 8, 1], "uv": [78, 0]},
						{"origin": [-6.5, 23, 7], "size": [13, 3, 1], "uv": [78, 0]},
						{"origin": [-4.5, 26, 7], "size": [9, 2, 1], "uv": [78, 0]},
						{"origin": [-7.5, 24, 8], "size": [15, 1, 1], "uv": [78, 0]},
						{"origin": [-4.5, 25, 8], "size": [9, 1, 1], "uv": [78, 0]},
						{"origin": [-3.5, 26, 8], "size": [7, 1, 1], "uv": [78, 0]},
						{"origin": [6.5, 27, 7], "size": [5, 13, 1], "uv": [78, 0]},
						{"origin": [7.5, 28, 8], "size": [3, 11, 1], "uv": [78, 0]},
						{"origin": [-10.5, 28, 8], "size": [3, 11, 1], "uv": [78, 0]},
						{"origin": [6.5, 22, 7], "size": [5, 3, 1], "uv": [78, 0]},
						{"origin": [7.5, 23, 8], "size": [3, 1, 1], "uv": [78, 0]},
						{"origin": [-10.5, 23, 8], "size": [3, 1, 1], "uv": [78, 0]},
						{"origin": [-11.5, 22, 7], "size": [5, 3, 1], "uv": [78, 0]},
						{"origin": [6.5, 40, 7], "size": [1, 2, 1], "uv": [78, 0]},
						{"origin": [-7.5, 40, 7], "size": [1, 2, 1], "uv": [78, 0]},
						{"origin": [-11.5, 27, 7], "size": [5, 13, 1], "uv": [78, 0]},
						{"origin": [-1.5, 41, -5], "size": [3, 1, 3], "uv": [78, 0]},
						{"origin": [-0.5, 42, -4], "size": [1, 1, 3], "uv": [78, 0]}
					]
				},
				{
					"name": "lower_body",
					"parent": "cannonbolt",
					"pivot": [0, -1, 0],
					"cubes": [
						{"origin": [-11.5, 17, -6], "size": [23, 11, 12], "uv": [0, 34]}
					]
				},
				{
					"name": "c_rightLeg",
					"parent": "lower_body",
					"pivot": [-6.5, 17, 0],
					"cubes": [
						{"origin": [-11.5, 0, -5], "size": [10, 20, 10], "uv": [52, 77]}
					]
				},
				{
					"name": "bone5",
					"parent": "c_rightLeg",
					"pivot": [-6.5, 17, 0],
					"cubes": [
						{"origin": [-12.5, 5, -4], "size": [1, 8, 8], "uv": [40, 57]},
						{"origin": [-13.5, 6, -3], "size": [1, 6, 6], "uv": [40, 57]}
					]
				},
				{
					"name": "claw10",
					"parent": "c_rightLeg",
					"pivot": [-6.5, 17, 0]
				},
				{
					"name": "claw11",
					"parent": "claw10",
					"pivot": [-6.5, 17, 0],
					"cubes": [
						{"origin": [-10.5, 0, -7], "size": [1, 3, 2], "uv": [40, 107]},
						{"origin": [-10.5, 0, -9], "size": [1, 2, 2], "uv": [40, 107]},
						{"origin": [-10.5, 0, -12], "size": [1, 1, 3], "uv": [40, 107]}
					]
				},
				{
					"name": "claw12",
					"parent": "claw10",
					"pivot": [0.5, 17, 0],
					"cubes": [
						{"origin": [-3.5, 0, -7], "size": [1, 3, 2], "uv": [40, 107]},
						{"origin": [-3.5, 0, -9], "size": [1, 2, 2], "uv": [40, 107]},
						{"origin": [-3.5, 0, -12], "size": [1, 1, 3], "uv": [40, 107]}
					]
				},
				{
					"name": "claw13",
					"parent": "claw10",
					"pivot": [-3, 17, 0],
					"cubes": [
						{"origin": [-7, 0, -7], "size": [1, 3, 2], "uv": [40, 107]},
						{"origin": [-7, 0, -9], "size": [1, 2, 2], "uv": [40, 107]},
						{"origin": [-7, 0, -12], "size": [1, 1, 3], "uv": [40, 107]}
					]
				},
				{
					"name": "c_leftLeg",
					"parent": "lower_body",
					"pivot": [6.5, 17, 0],
					"cubes": [
						{"origin": [1.5, 0, -5], "size": [10, 20, 10], "uv": [52, 77], "mirror": true}
					]
				},
				{
					"name": "bone6",
					"parent": "c_leftLeg",
					"pivot": [6.5, 17, 0],
					"cubes": [
						{"origin": [11.5, 5, -4], "size": [1, 8, 8], "uv": [40, 57], "mirror": true},
						{"origin": [12.5, 6, -3], "size": [1, 6, 6], "uv": [40, 57], "mirror": true}
					]
				},
				{
					"name": "claw14",
					"parent": "c_leftLeg",
					"pivot": [6.5, 17, 0]
				},
				{
					"name": "claw15",
					"parent": "claw14",
					"pivot": [6.5, 17, 0],
					"cubes": [
						{"origin": [2.5, 0, -7], "size": [1, 3, 2], "uv": [40, 107], "mirror": true},
						{"origin": [2.5, 0, -9], "size": [1, 2, 2], "uv": [40, 107], "mirror": true},
						{"origin": [2.5, 0, -12], "size": [1, 1, 3], "uv": [40, 107], "mirror": true}
					]
				},
				{
					"name": "claw16",
					"parent": "claw14",
					"pivot": [13.5, 17, 0],
					"cubes": [
						{"origin": [9.5, 0, -7], "size": [1, 3, 2], "uv": [40, 107], "mirror": true},
						{"origin": [9.5, 0, -9], "size": [1, 2, 2], "uv": [40, 107], "mirror": true},
						{"origin": [9.5, 0, -12], "size": [1, 1, 3], "uv": [40, 107], "mirror": true}
					]
				},
				{
					"name": "claw17",
					"parent": "claw14",
					"pivot": [10, 17, 0],
					"cubes": [
						{"origin": [6, 0, -7], "size": [1, 3, 2], "uv": [40, 107], "mirror": true},
						{"origin": [6, 0, -9], "size": [1, 2, 2], "uv": [40, 107], "mirror": true},
						{"origin": [6, 0, -12], "size": [1, 1, 3], "uv": [40, 107], "mirror": true}
					]
				},
				{
					"name": "ball",
					"pivot": [0, 17.5, 0],
					"cubes": [
						{"origin": [-16.5, 2, -16.5], "size": [33, 33, 33], "uv": [0, 117]},
						{"origin": [16.5, 6, -12.5], "size": [4, 25, 25], "uv": [0, 117]},
						{"origin": [-20.5, 6, -12.5], "size": [4, 25, 25], "uv": [0, 117]},
						{"origin": [-12.5, 6, -20.5], "size": [25, 25, 4], "uv": [0, 117]},
						{"origin": [-12.5, 6, 16.5], "size": [25, 25, 4], "uv": [0, 117]},
						{"origin": [20.5, 11, -7.5], "size": [2, 15, 15], "uv": [132, 0]},
						{"origin": [-22.5, 11, -7.5], "size": [2, 15, 15], "uv": [132, 0]},
						{"origin": [-18.5, 35, -7.5], "size": [37, 2, 15], "uv": [132, 0]},
						{"origin": [-11.5, 35, -13.5], "size": [23, 2, 6], "uv": [132, 0]},
						{"origin": [-11.5, 35, 11.5], "size": [23, 2, 6], "uv": [132, 0]},
						{"origin": [-14.5, 31, -22.5], "size": [29, 2, 6], "uv": [132, 0]},
						{"origin": [-14.5, 4, -22.5], "size": [29, 2, 6], "uv": [132, 0]},
						{"origin": [-14.5, 31, 16.5], "size": [29, 2, 6], "uv": [132, 0]},
						{"origin": [-14.5, 33, 16.5], "size": [29, 4, 2], "uv": [132, 0]},
						{"origin": [-14.5, 0, -18.5], "size": [29, 4, 2], "uv": [132, 0]},
						{"origin": [-14.5, 21, -22.5], "size": [29, 10, 2], "uv": [132, 0]},
						{"origin": [-14.5, 6, -22.5], "size": [29, 10, 2], "uv": [132, 0]},
						{"origin": [-14.5, 21, 20.5], "size": [29, 10, 2], "uv": [132, 0]},
						{"origin": [-9.5, 18, -22.5], "size": [19, 3, 2], "uv": [132, 0]},
						{"origin": [-9.5, 18, 20.5], "size": [19, 3, 2], "uv": [132, 0]},
						{"origin": [-14.5, 26, -20.5], "size": [2, 5, 4], "uv": [132, 0]},
						{"origin": [-16.5, 22, -18.5], "size": [2, 9, 2], "uv": [132, 0]},
						{"origin": [-14.5, 6, -20.5], "size": [2, 9, 4], "uv": [132, 0]},
						{"origin": [-18.5, 6, -18.5], "size": [4, 9, 2], "uv": [132, 0]},
						{"origin": [14.5, 6, -18.5], "size": [4, 9, 2], "uv": [132, 0]},
						{"origin": [14.5, 26, 16.5], "size": [4, 9, 2], "uv": [132, 0]},
						{"origin": [-18.5, 26, 16.5], "size": [4, 9, 2], "uv": [132, 0]},
						{"origin": [-14.5, 20, 16.5], "size": [2, 9, 4], "uv": [132, 0]},
						{"origin": [12.5, 20, 16.5], "size": [2, 9, 4], "uv": [132, 0]},
						{"origin": [12.5, 6, -20.5], "size": [2, 9, 4], "uv": [132, 0]},
						{"origin": [14.5, 22, -18.5], "size": [2, 9, 2], "uv": [132, 0]},
						{"origin": [14.5, 6, 16.5], "size": [2, 9, 2], "uv": [132, 0]},
						{"origin": [-16.5, 6, 16.5], "size": [2, 9, 2], "uv": [132, 0]},
						{"origin": [-20.5, 8, 12.5], "size": [4, 9, 4], "uv": [132, 0]},
						{"origin": [-20.5, 23, 12.5], "size": [4, 9, 4], "uv": [132, 0]},
						{"origin": [-20.5, 20, -17.5], "size": [4, 9, 4], "uv": [132, 0]},
						{"origin": [-20.5, 5, -17.5], "size": [4, 9, 4], "uv": [132, 0]},
						{"origin": [16.5, 20, -17.5], "size": [4, 9, 4], "uv": [132, 0]},
						{"origin": [16.5, 5, -17.5], "size": [4, 9, 4], "uv": [132, 0]},
						{"origin": [16.5, 8, 13.5], "size": [4, 9, 4], "uv": [132, 0]},
						{"origin": [16.5, 23, 13.5], "size": [4, 9, 4], "uv": [132, 0]},
						{"origin": [-14.5, 24, -20.5], "size": [2, 2, 4], "uv": [132, 0]},
						{"origin": [12.5, 24, -20.5], "size": [2, 2, 4], "uv": [132, 0]},
						{"origin": [12.5, 29, 16.5], "size": [2, 2, 4], "uv": [132, 0]},
						{"origin": [-14.5, 29, 16.5], "size": [2, 2, 4], "uv": [132, 0]},
						{"origin": [12.5, 26, -20.5], "size": [2, 5, 4], "uv": [132, 0]},
						{"origin": [12.5, 6, 16.5], "size": [2, 5, 4], "uv": [132, 0]},
						{"origin": [-14.5, 6, 16.5], "size": [2, 5, 4], "uv": [132, 0]},
						{"origin": [-14.5, 5, 20.5], "size": [29, 10, 2], "uv": [132, 0]},
						{"origin": [-14.5, 4, 16.5], "size": [29, 2, 6], "uv": [132, 0]},
						{"origin": [-18.5, 35, -10.5], "size": [7, 2, 3], "uv": [132, 0]},
						{"origin": [11.5, 35, -10.5], "size": [7, 2, 3], "uv": [132, 0]},
						{"origin": [-18.5, 31, -10.5], "size": [2, 4, 3], "uv": [132, 0]},
						{"origin": [16.5, 31, -10.5], "size": [2, 4, 3], "uv": [132, 0]},
						{"origin": [-11.5, 0, 7.5], "size": [23, 2, 6], "uv": [132, 0]},
						{"origin": [-11.5, 0, -16.5], "size": [23, 2, 6], "uv": [132, 0]},
						{"origin": [-18.5, 0, -7.5], "size": [37, 2, 15], "uv": [132, 0]},
						{"origin": [-20.5, 31, -7.5], "size": [2, 2, 15], "uv": [132, 0]},
						{"origin": [-22.5, 31, -7.5], "size": [2, 2, 15], "uv": [132, 0]},
						{"origin": [-22.5, 29, -3.5], "size": [2, 2, 2], "uv": [132, 0]},
						{"origin": [20.5, 29, -3.5], "size": [2, 2, 2], "uv": [132, 0]},
						{"origin": [20.5, 6, 1.5], "size": [2, 2, 2], "uv": [132, 0]},
						{"origin": [-22.5, 6, 1.5], "size": [2, 2, 2], "uv": [132, 0]},
						{"origin": [-22.5, 28, -1.5], "size": [2, 3, 9], "uv": [132, 0]},
						{"origin": [-22.5, 18, -14.5], "size": [2, 8, 5], "uv": [132, 0]},
						{"origin": [-22.5, 3, -14.5], "size": [2, 8, 5], "uv": [132, 0]},
						{"origin": [-22.5, 11, 9.5], "size": [2, 8, 5], "uv": [132, 0]},
						{"origin": [-22.5, 26, 9.5], "size": [2, 8, 5], "uv": [132, 0]},
						{"origin": [20.5, 11, 9.5], "size": [2, 8, 5], "uv": [132, 0]},
						{"origin": [20.5, 26, 9.5], "size": [2, 8, 5], "uv": [132, 0]},
						{"origin": [20.5, 18, -14.5], "size": [2, 8, 5], "uv": [132, 0]},
						{"origin": [20.5, 3, -14.5], "size": [2, 8, 5], "uv": [132, 0]},
						{"origin": [20.5, 28, -1.5], "size": [2, 3, 9], "uv": [132, 0]},
						{"origin": [20.5, 6, -7.5], "size": [2, 3, 9], "uv": [132, 0]},
						{"origin": [-22.5, 6, -7.5], "size": [2, 3, 9], "uv": [132, 0]},
						{"origin": [-22.5, 4, -7.5], "size": [2, 2, 15], "uv": [132, 0]},
						{"origin": [20.5, 4, -7.5], "size": [2, 2, 15], "uv": [132, 0]},
						{"origin": [20.5, 31, -7.5], "size": [2, 2, 15], "uv": [132, 0]},
						{"origin": [18.5, 31, -7.5], "size": [2, 2, 15], "uv": [132, 0]},
						{"origin": [18.5, 4, -7.5], "size": [2, 2, 15], "uv": [132, 0]},
						{"origin": [-20.5, 4, -7.5], "size": [2, 2, 15], "uv": [132, 0]},
						{"origin": [-18.5, 31, -7.5], "size": [2, 4, 15], "uv": [132, 0]},
						{"origin": [-18.5, 2, -7.5], "size": [2, 4, 15], "uv": [132, 0]},
						{"origin": [16.5, 2, -7.5], "size": [2, 4, 15], "uv": [132, 0]},
						{"origin": [16.5, 31, -7.5], "size": [2, 4, 15], "uv": [132, 0]},
						{"origin": [22.5, 13, -5.5], "size": [2, 11, 11], "uv": [132, 0]},
						{"origin": [-24.5, 13, -5.5], "size": [2, 11, 11], "uv": [132, 0]}
					]
				},
				{
					"name": "mainhand",
					"pivot": [0, 0, 0]
				},
				{
					"name": "fp_rightArm",
					"parent": "mainhand",
					"pivot": [-8.5, 31, 0],
					"rotation": [-110, 170, 0],
					"cubes": [
						{"origin": [-18.5, 17, -5], "size": [10, 20, 10], "uv": [0, 57]}
					]
				},
				{
					"name": "fp_bone",
					"parent": "fp_rightArm",
					"pivot": [3.5, 8, 1],
					"cubes": [
						{"origin": [-23.5, 32, -5], "size": [10, 10, 10], "uv": [40, 57]},
						{"origin": [-24.5, 33, -4], "size": [1, 8, 8], "uv": [40, 57]},
						{"origin": [-13.5, 33, -4], "size": [1, 8, 8], "uv": [40, 57]},
						{"origin": [-22.5, 42, -4], "size": [8, 1, 8], "uv": [40, 57]},
						{"origin": [-22.5, 31, -4], "size": [8, 1, 8], "uv": [40, 57]}
					]
				},
				{
					"name": "fp_rightArm2",
					"parent": "fp_rightArm",
					"pivot": [-8.5, 19, 0],
					"rotation": [-35, 0, 0],
					"cubes": [
						{"origin": [-18.5, 2, -5], "size": [10, 20, 10], "uv": [0, 87]},
						{"origin": [-17.5, 1, -4], "size": [8, 1, 8], "uv": [40, 77]}
					]
				},
				{
					"name": "fp_bone2",
					"parent": "fp_rightArm2",
					"pivot": [10.5, 26, 0],
					"cubes": [
						{"origin": [-20.5, 6, -4.5], "size": [2, 9, 9], "uv": [40, 57]},
						{"origin": [-21.5, 7, -3.5], "size": [1, 7, 7], "uv": [40, 57]}
					]
				},
				{
					"name": "fp_claw",
					"parent": "fp_rightArm2",
					"pivot": [10.5, 26, 0]
				},
				{
					"name": "fp_claw1",
					"parent": "fp_claw",
					"pivot": [10.5, 26, 0],
					"cubes": [
						{"origin": [-17.5, -3, 3], "size": [3, 4, 1], "uv": [40, 86]},
						{"origin": [-16.5, -4, 3], "size": [4, 2, 1], "uv": [40, 86]},
						{"origin": [-12.5, -4, 3], "size": [2, 1, 1], "uv": [40, 86]}
					]
				},
				{
					"name": "fp_claw2",
					"parent": "fp_claw",
					"pivot": [10.5, 26, -4.75],
					"cubes": [
						{"origin": [-17.5, -3, -1.75], "size": [3, 4, 1], "uv": [40, 86]},
						{"origin": [-16.5, -4, -1.75], "size": [4, 2, 1], "uv": [40, 86]},
						{"origin": [-12.5, -4, -1.75], "size": [2, 1, 1], "uv": [40, 86]}
					]
				},
				{
					"name": "fp_claw3",
					"parent": "fp_claw",
					"pivot": [10.5, 26, -2.25],
					"cubes": [
						{"origin": [-17.5, -3, 0.75], "size": [3, 4, 1], "uv": [40, 86]},
						{"origin": [-16.5, -4, 0.75], "size": [4, 2, 1], "uv": [40, 86]},
						{"origin": [-12.5, -4, 0.75], "size": [2, 1, 1], "uv": [40, 86]}
					]
				},
				{
					"name": "fp_claw4",
					"parent": "fp_claw",
					"pivot": [10.5, 26, -7],
					"cubes": [
						{"origin": [-17.5, -3, -4], "size": [3, 4, 1], "uv": [40, 86]},
						{"origin": [-16.5, -4, -4], "size": [4, 2, 1], "uv": [40, 86]},
						{"origin": [-12.5, -4, -4], "size": [2, 1, 1], "uv": [40, 86]}
					]
				},
				{
					"name": "offhand",
					"pivot": [0, 0, 0]
				},
				{
					"name": "fp_leftArm",
					"parent": "offhand",
					"pivot": [8.5, 31, 0],
					"rotation": [-110, -170, 0],
					"cubes": [
						{"origin": [8.5, 17, -5], "size": [10, 20, 10], "uv": [0, 57], "mirror": true}
					]
				},
				{
					"name": "fp_bone3",
					"parent": "fp_leftArm",
					"pivot": [40.5, 8, 1],
					"cubes": [
						{"origin": [13.5, 32, -5], "size": [10, 10, 10], "uv": [40, 57], "mirror": true},
						{"origin": [12.5, 33, -4], "size": [1, 8, 8], "uv": [40, 57], "mirror": true},
						{"origin": [23.5, 33, -4], "size": [1, 8, 8], "uv": [40, 57], "mirror": true},
						{"origin": [14.5, 42, -4], "size": [8, 1, 8], "uv": [40, 57], "mirror": true},
						{"origin": [14.5, 31, -4], "size": [8, 1, 8], "uv": [40, 57], "mirror": true}
					]
				},
				{
					"name": "fp_leftArm2",
					"parent": "fp_leftArm",
					"pivot": [8.5, 19, 0],
					"rotation": [-35, 0, 0],
					"cubes": [
						{"origin": [8.5, 2, -5], "size": [10, 20, 10], "uv": [0, 87], "mirror": true},
						{"origin": [9.5, 1, -4], "size": [8, 1, 8], "uv": [40, 77], "mirror": true}
					]
				},
				{
					"name": "fp_bone4",
					"parent": "fp_leftArm2",
					"pivot": [37.5, 26, 0],
					"cubes": [
						{"origin": [18.5, 6, -4.5], "size": [2, 9, 9], "uv": [40, 57], "mirror": true},
						{"origin": [20.5, 7, -3.5], "size": [1, 7, 7], "uv": [40, 57], "mirror": true}
					]
				},
				{
					"name": "fp_claw5",
					"parent": "fp_leftArm2",
					"pivot": [37.5, 26, 0]
				},
				{
					"name": "fp_claw6",
					"parent": "fp_claw5",
					"pivot": [36.5, 26, 0],
					"cubes": [
						{"origin": [14.5, -3, 3], "size": [3, 4, 1], "uv": [40, 86], "mirror": true},
						{"origin": [12.5, -4, 3], "size": [4, 2, 1], "uv": [40, 86], "mirror": true},
						{"origin": [10.5, -4, 3], "size": [2, 1, 1], "uv": [40, 86], "mirror": true}
					]
				},
				{
					"name": "fp_claw7",
					"parent": "fp_claw5",
					"pivot": [36.5, 26, -7],
					"cubes": [
						{"origin": [14.5, -3, -4], "size": [3, 4, 1], "uv": [40, 86], "mirror": true},
						{"origin": [12.5, -4, -4], "size": [4, 2, 1], "uv": [40, 86], "mirror": true},
						{"origin": [10.5, -4, -4], "size": [2, 1, 1], "uv": [40, 86], "mirror": true}
					]
				},
				{
					"name": "fp_claw8",
					"parent": "fp_claw5",
					"pivot": [36.5, 26, 0.75],
					"cubes": [
						{"origin": [14.5, -3, 0.75], "size": [3, 4, 1], "uv": [40, 86], "mirror": true},
						{"origin": [12.5, -4, 0.75], "size": [4, 2, 1], "uv": [40, 86], "mirror": true},
						{"origin": [10.5, -4, 0.75], "size": [2, 1, 1], "uv": [40, 86], "mirror": true}
					]
				},
				{
					"name": "fp_claw9",
					"parent": "fp_claw5",
					"pivot": [36.5, 26, 0.75],
					"cubes": [
						{"origin": [14.5, -3, -1.75], "size": [3, 4, 1], "uv": [40, 86], "mirror": true},
						{"origin": [12.5, -4, -1.75], "size": [4, 2, 1], "uv": [40, 86], "mirror": true},
						{"origin": [10.5, -4, -1.75], "size": [2, 1, 1], "uv": [40, 86], "mirror": true}
					]
				}
			]
		}
	]
}