{
	"format_version": "1.12.0",
	"minecraft:geometry": [
		{
			"description": {
				"identifier": "geometry.diamondhead.player",
				"texture_width": 128,
				"texture_height": 128,
				"visible_bounds_width": 5,
				"visible_bounds_height": 7,
				"visible_bounds_offset": [0, 3.5, 0]
			},
			"bones": [
				{
					"name": "whole",
					"pivot": [0.25, -0.5, 1.75]
				},
				{
					"name": "d_body",
					"parent": "whole",
					"pivot": [0.75, 25, 1.25]
				},
				{
					"name": "d_head",
					"parent": "d_body",
					"pivot": [0.75, 41.5, 1.25],
					"cubes": [
						{"origin": [-3.77469, 38, -1.69318], "size": [8, 8, 8], "uv": [0, 0]},
						{"origin": [-4.14969, 37, -2.06818], "size": [8.75, 5, 8.75], "uv": [0, 16]},
						{"origin": [-2.27469, 45, -2.69318], "size": [5, 1, 1], "uv": [32, 0]},
						{"origin": [-2.27469, 46, -1.69318], "size": [5, 1, 1], "uv": [32, 0]},
						{"origin": [-3.77469, 46, -0.69318], "size": [8, 1, 8], "uv": [32, 0]},
						{"origin": [-1.27469, 45, -3.69318], "size": [3, 1, 1], "uv": [32, 0]},
						{"origin": [-1.27469, 46, -2.69318], "size": [3, 1, 1], "uv": [32, 0]},
						{"origin": [-0.27469, 45, -4.69318], "size": [1, 1, 1], "uv": [32, 0]},
						{"origin": [-0.27469, 46, -3.69318], "size": [1, 1, 1], "uv": [32, 0]},
						{"origin": [-0.27469, 46, 7.30682], "size": [1, 1, 1], "uv": [32, 0]},
						{"origin": [-0.27469, 47, 4.30682], "size": [1, 1, 5], "uv": [32, 0]},
						{"origin": [0.72531, 47, 4.30682], "size": [1, 1, 5], "uv": [32, 0]},
						{"origin": [-1.27469, 47, 4.30682], "size": [1, 1, 5], "uv": [32, 0]},
						{"origin": [-0.27469, 48, 6.30682], "size": [1, 1, 5], "uv": [32, 0]}
					]
				},
				{
					"name": "body2",
					"parent": "d_body",
					"pivot": [0.25, 2, 1.75],
					"cubes": [
						{"origin": [-5.77469, 34, -0.94318], "size": [12, 3, 6], "uv": [32, 0]},
						{"origin": [-7.77469, 25, -0.94318], "size": [16, 9, 6], "inflate": -0.1, "uv": [0, 30]}
					]
				},
				{
					"name": "spike",
					"parent": "body2",
					"pivot": [-3.5, 29, 4.75],
					"rotation": [55, -20, 0],
					"cubes": [
						{"origin": [-5.26901, 28, 4], "size": [3, 3, 12], "inflate": 0.5, "uv": [48, 65]},
						{"origin": [-4.76901, 28.5, 16], "size": [2, 2, 4], "inflate": 0.5, "uv": [48, 65]},
						{"origin": [-4.26901, 29, 20], "size": [1, 1, 4], "inflate": 0.5, "uv": [48, 65]}
					]
				},
				{
					"name": "spike2",
					"parent": "body2",
					"pivot": [4.5, 29, 4.75],
					"rotation": [55, 20, 0],
					"cubes": [
						{"origin": [2.73099, 28, 4], "size": [3, 3, 12], "inflate": 0.5, "uv": [48, 65]},
						{"origin": [3.23099, 28.5, 16], "size": [2, 2, 4], "inflate": 0.5, "uv": [48, 65]},
						{"origin": [3.73099, 29, 20], "size": [1, 1, 4], "inflate": 0.5, "uv": [48, 65]}
					]
				},
				{
					"name": "omnitrix",
					"parent": "body2",
					"pivot": [0.25, 2, 1.75],
					"cubes": [
						{"origin": [-3.77469, 31, -1.94318], "size": [2, 2, 1], "uv": [0, 45]}
					]
				},
				{
					"name": "d_rightArm",
					"parent": "d_body",
					"pivot": [-7.75, 32, 1.25],
					"cubes": [
						{"origin": [-12.52469, 30, -0.94318], "size": [6, 5, 6], "uv": [0, 48]},
						{"origin": [-14.77469, 18, -0.94318], "size": [5, 8, 6], "inflate": -0.1, "pivot": [0.72531, 25, -0.94318], "rotation": [0, 0, 30], "uv": [0, 59]}
					]
				},
				{
					"name": "rightArm2",
					"parent": "d_rightArm",
					"pivot": [-14.25, 26, 1.25],
					"cubes": [
						{"origin": [-16.77469, 14, -0.94318], "size": [6, 13, 6], "inflate": -0.2, "uv": [0, 73]}
					]
				},
				{
					"name": "rightHand",
					"parent": "rightArm2",
					"pivot": [-15.25, 14, 1.25]
				},
				{
					"name": "joint1",
					"parent": "rightHand",
					"pivot": [-15.75, 14.25, 4.5],
					"rotation": [0, 0, 15],
					"cubes": [
						{"origin": [-16.7747, 11.5, 3.80682], "size": [2, 3, 1.5], "uv": [0, 92]}
					]
				},
				{
					"name": "joint2",
					"parent": "joint1",
					"pivot": [-15.75, 12, 4.5],
					"rotation": [0, 0, -30],
					"cubes": [
						{"origin": [-16.7747, 9.50001, 3.80682], "size": [2, 3, 1.5], "uv": [0, 92]}
					]
				},
				{
					"name": "joint3",
					"parent": "rightHand",
					"pivot": [-15.75, 14.25, 2],
					"rotation": [0, 0, 15],
					"cubes": [
						{"origin": [-16.7747, 11.5, 1.30682], "size": [2, 3, 1.5], "uv": [0, 92]}
					]
				},
				{
					"name": "joint4",
					"parent": "joint3",
					"pivot": [-15.75, 12, 2],
					"rotation": [0, 0, -30],
					"cubes": [
						{"origin": [-16.7747, 9.50001, 1.30682], "size": [2, 3, 1.5], "uv": [0, 92]}
					]
				},
				{
					"name": "joint5",
					"parent": "rightHand",
					"pivot": [-15.75, 14.25, -0.5],
					"rotation": [0, 0, 15],
					"cubes": [
						{"origin": [-16.7747, 11.5, -1.19318], "size": [2, 3, 1.5], "uv": [0, 92]}
					]
				},
				{
					"name": "joint6",
					"parent": "joint5",
					"pivot": [-15.75, 12, -0.5],
					"rotation": [0, 0, -30],
					"cubes": [
						{"origin": [-16.7747, 9.50001, -1.19318], "size": [2, 3, 1.5], "uv": [0, 92]}
					]
				},
				{
					"name": "joint7",
					"parent": "rightHand",
					"pivot": [-11.75, 14.25, -0.25],
					"rotation": [0, 0, -15],
					"cubes": [
						{"origin": [-12.7747, 12.5, -0.94318], "size": [2, 2, 1.5], "uv": [0, 92]}
					]
				},
				{
					"name": "joint8",
					"parent": "joint7",
					"pivot": [-11.75, 13.25, -0.25],
					"rotation": [0, 0, 30],
					"cubes": [
						{"origin": [-12.71996, 10.54318, -0.94318], "size": [2, 3, 1.5], "uv": [0, 92]}
					]
				},
				{
					"name": "diamond_blade",
					"parent": "rightArm2",
					"pivot": [-14.25, 26.25, 1.25],
					"cubes": [
						{"origin": [-16.75, 11.25, -1], "size": [5, 3, 6], "uv": [0, 96]},
						{"origin": [-16.75, 7.25, -1], "size": [3, 4, 6], "uv": [0, 96]},
						{"origin": [-16.75, 3.25, -1], "size": [2, 4, 6], "uv": [0, 96]},
						{"origin": [-16.75, 1.25, -1], "size": [1, 2, 6], "uv": [0, 96]}
					]
				},
				{
					"name": "diamond_bullet",
					"parent": "rightArm2",
					"pivot": [-15.25, 14.25, 1.25],
					"cubes": [
						{"origin": [-15.25, 6.25, 1.25], "size": [1, 8, 1], "uv": [32, 0]},
						{"origin": [-15.25, 7.25, 2.25], "size": [1, 7, 1], "uv": [32, 0]},
						{"origin": [-15.25, 9.25, 3.25], "size": [1, 5, 1], "uv": [32, 0]},
						{"origin": [-15.25, 10.25, 0.25], "size": [1, 4, 1], "uv": [32, 0]},
						{"origin": [-15.25, 9.25, -0.75], "size": [1, 5, 1], "uv": [32, 0]},
						{"origin": [-14.25, 7.25, 1.25], "size": [1, 7, 1], "uv": [32, 0]},
						{"origin": [-14.25, 8.25, 2.25], "size": [1, 6, 1], "uv": [32, 0]},
						{"origin": [-14.25, 7.25, 3.25], "size": [1, 7, 1], "uv": [32, 0]},
						{"origin": [-14.25, 8.25, 0.25], "size": [1, 6, 1], "uv": [32, 0]},
						{"origin": [-14.25, 7.25, -0.75], "size": [1, 7, 1], "uv": [32, 0]},
						{"origin": [-13.25, 9.25, 1.25], "size": [1, 5, 1], "uv": [32, 0]},
						{"origin": [-13.25, 8.25, 2.25], "size": [1, 6, 1], "uv": [32, 0]},
						{"origin": [-13.25, 10.25, 3.25], "size": [1, 4, 1], "uv": [32, 0]},
						{"origin": [-13.25, 8.25, 0.25], "size": [1, 6, 1], "uv": [32, 0]},
						{"origin": [-13.25, 11.25, -0.75], "size": [1, 3, 1], "uv": [32, 0]},
						{"origin": [-12.25, 8.25, 1.25], "size": [1, 6, 1], "uv": [32, 0]},
						{"origin": [-12.25, 10.25, 2.25], "size": [1, 4, 1], "uv": [32, 0]},
						{"origin": [-12.25, 12.25, 3.25], "size": [1, 2, 1], "uv": [32, 0]},
						{"origin": [-12.25, 9.25, 0.25], "size": [1, 5, 1], "uv": [32, 0]},
						{"origin": [-12.25, 10.25, -0.75], "size": [1, 4, 1], "uv": [32, 0]},
						{"origin": [-16.25, 10.25, 1.25], "size": [1, 4, 1], "uv": [32, 0]},
						{"origin": [-16.25, 9.25, 2.25], "size": [1, 5, 1], "uv": [32, 0]},
						{"origin": [-16.25, 7.25, 3.25], "size": [1, 7, 1], "uv": [32, 0]},
						{"origin": [-16.25, 9.25, 0.25], "size": [1, 5, 1], "uv": [32, 0]},
						{"origin": [-16.25, 7.25, -0.75], "size": [1, 7, 1], "uv": [32, 0]}
					]
				},
				{
					"name": "d_leftArm",
					"parent": "d_body",
					"pivot": [9.25, 32, 1.25],
					"cubes": [
						{"origin": [6.97531, 30, -0.94318], "size": [6, 5, 6], "uv": [0, 48]},
						{"origin": [10.22531, 18, -0.94318], "size": [5, 8, 6], "inflate": -0.1, "pivot": [0.72531, 25, -0.94318], "rotation": [0, 0, -30], "uv": [0, 59]}
					]
				},
				{
					"name": "leftArm2",
					"parent": "d_leftArm",
					"pivot": [14.75, 26, 1.25],
					"cubes": [
						{"origin": [11.22531, 14, -0.94318], "size": [6, 13, 6], "inflate": -0.2, "uv": [0, 73]}
					]
				},
				{
					"name": "leftHand",
					"parent": "leftArm2",
					"pivot": [15.75, 14, 1.25]
				},
				{
					"name": "joint9",
					"parent": "leftHand",
					"pivot": [16.25, 14.25, 4.5],
					"rotation": [0, 0, -15],
					"cubes": [
						{"origin": [15.2253, 11.5, 3.80682], "size": [2, 3, 1.5], "uv": [0, 92]}
					]
				},
				{
					"name": "joint10",
					"parent": "joint9",
					"pivot": [16.25, 12, 4.5],
					"rotation": [0, 0, 30],
					"cubes": [
						{"origin": [15.2253, 9.50001, 3.80682], "size": [2, 3, 1.5], "uv": [0, 92]}
					]
				},
				{
					"name": "joint11",
					"parent": "leftHand",
					"pivot": [16.25, 14.25, 2],
					"rotation": [0, 0, -15],
					"cubes": [
						{"origin": [15.2253, 11.5, 1.30682], "size": [2, 3, 1.5], "uv": [0, 92]}
					]
				},
				{
					"name": "joint12",
					"parent": "joint11",
					"pivot": [16.25, 12, 2],
					"rotation": [0, 0, 30],
					"cubes": [
						{"origin": [15.2253, 9.50001, 1.30682], "size": [2, 3, 1.5], "uv": [0, 92]}
					]
				},
				{
					"name": "joint13",
					"parent": "leftHand",
					"pivot": [16.25, 14.25, -0.5],
					"rotation": [0, 0, -15],
					"cubes": [
						{"origin": [15.2253, 11.5, -1.19318], "size": [2, 3, 1.5], "uv": [0, 92]}
					]
				},
				{
					"name": "joint14",
					"parent": "joint13",
					"pivot": [16.25, 12, -0.5],
					"rotation": [0, 0, 30],
					"cubes": [
						{"origin": [15.2253, 9.50001, -1.19318], "size": [2, 3, 1.5], "uv": [0, 92]}
					]
				},
				{
					"name": "joint15",
					"parent": "leftHand",
					"pivot": [12.25, 14.25, -0.25],
					"rotation": [0, 0, 15],
					"cubes": [
						{"origin": [11.2253, 12.5, -0.94318], "size": [2, 2, 1.5], "uv": [0, 92]}
					]
				},
				{
					"name": "joint16",
					"parent": "joint15",
					"pivot": [12.25, 13, -0.25],
					"rotation": [0, 0, -30],
					"cubes": [
						{"origin": [11.28004, 10.54318, -0.94318], "size": [2, 3, 1.5], "uv": [0, 92]}
					]
				},
				{
					"name": "diamond_bullet2",
					"parent": "leftArm2",
					"pivot": [15.75, 14.25, 1.25],
					"cubes": [
						{"origin": [12.75, 6.25, 1.25], "size": [1, 8, 1], "uv": [32, 0]},
						{"origin": [12.75, 7.25, 2.25], "size": [1, 7, 1], "uv": [32, 0]},
						{"origin": [12.75, 9.25, 3.25], "size": [1, 5, 1], "uv": [32, 0]},
						{"origin": [12.75, 10.25, 0.25], "size": [1, 4, 1], "uv": [32, 0]},
						{"origin": [12.75, 9.25, -0.75], "size": [1, 5, 1], "uv": [32, 0]},
						{"origin": [13.75, 7.25, 1.25], "size": [1, 7, 1], "uv": [32, 0]},
						{"origin": [13.75, 8.25, 2.25], "size": [1, 6, 1], "uv": [32, 0]},
						{"origin": [13.75, 7.25, 3.25], "size": [1, 7, 1], "uv": [32, 0]},
						{"origin": [13.75, 8.25, 0.25], "size": [1, 6, 1], "uv": [32, 0]},
						{"origin": [13.75, 7.25, -0.75], "size": [1, 7, 1], "uv": [32, 0]},
						{"origin": [14.75, 9.25, 1.25], "size": [1, 5, 1], "uv": [32, 0]},
						{"origin": [14.75, 8.25, 2.25], "size": [1, 6, 1], "uv": [32, 0]},
						{"origin": [14.75, 10.25, 3.25], "size": [1, 4, 1], "uv": [32, 0]},
						{"origin": [14.75, 8.25, 0.25], "size": [1, 6, 1], "uv": [32, 0]},
						{"origin": [14.75, 11.25, -0.75], "size": [1, 3, 1], "uv": [32, 0]},
						{"origin": [15.75, 8.25, 1.25], "size": [1, 6, 1], "uv": [32, 0]},
						{"origin": [15.75, 10.25, 2.25], "size": [1, 4, 1], "uv": [32, 0]},
						{"origin": [15.75, 12.25, 3.25], "size": [1, 2, 1], "uv": [32, 0]},
						{"origin": [15.75, 9.25, 0.25], "size": [1, 5, 1], "uv": [32, 0]},
						{"origin": [15.75, 10.25, -0.75], "size": [1, 4, 1], "uv": [32, 0]},
						{"origin": [11.75, 10.25, 1.25], "size": [1, 4, 1], "uv": [32, 0]},
						{"origin": [11.75, 9.25, 2.25], "size": [1, 5, 1], "uv": [32, 0]},
						{"origin": [11.75, 7.25, 3.25], "size": [1, 7, 1], "uv": [32, 0]},
						{"origin": [11.75, 9.25, 0.25], "size": [1, 5, 1], "uv": [32, 0]},
						{"origin": [11.75, 7.25, -0.75], "size": [1, 7, 1], "uv": [32, 0]}
					]
				},
				{
					"name": "lower_body",
					"parent": "whole",
					"pivot": [0.25, 5, 1.75],
					"cubes": [
						{"origin": [-5.77469, 16, -0.94318], "size": [12, 9, 6], "inflate": 0.1, "uv": [44, 30]}
					]
				},
				{
					"name": "d_rightLeg",
					"parent": "whole",
					"pivot": [-2.25, 17, 1.25],
					"rotation": [-10, 0, 5],
					"cubes": [
						{"origin": [-5.77469, 7, -0.94318], "size": [6, 11, 6], "uv": [24, 48]}
					]
				},
				{
					"name": "rightLeg2",
					"parent": "d_rightLeg",
					"pivot": [-2.75, 8.5, 1.25],
					"rotation": [20, 0, 0],
					"cubes": [
						{"origin": [-5.77469, -1, -0.94318], "size": [6, 11, 6], "uv": [24, 48]},
						{"origin": [-5.77469, -1, -5.94318], "size": [6, 3, 5], "uv": [24, 48]}
					]
				},
				{
					"name": "d_leftLeg",
					"parent": "whole",
					"pivot": [3.75, 15, 1.25],
					"rotation": [-10, 0, -5],
					"cubes": [
						{"origin": [0.22531, 7, -0.94318], "size": [6, 11, 6], "uv": [48, 48]}
					]
				},
				{
					"name": "leftLeg2",
					"parent": "d_leftLeg",
					"pivot": [3.75, 8.5, 1.25],
					"rotation": [20, 0, 0],
					"cubes": [
						{"origin": [0.22531, -1, -0.94318], "size": [6, 11, 6], "uv": [104, 48]},
						{"origin": [0.22531, -1, -5.94318], "size": [6, 3, 5], "uv": [106, 48]}
					]
				},
				{
					"name": "mainhand",
					"pivot": [0, 0, 0]
				},
				{
					"name": "fp_rightArm",
					"parent": "mainhand",
					"pivot": [-7.75, 72.25, 1.25],
					"rotation": [50, 0, 147.5],
					"cubes": [
						{"origin": [-12.52469, 70.25, -0.94318], "size": [6, 5, 6], "uv": [0, 48]},
						{"origin": [-14.77469, 58.25, -0.94318], "size": [5, 8, 6], "pivot": [0.72531, 65.25, -0.94318], "rotation": [0, 0, 30], "uv": [0, 59]}
					]
				},
				{
					"name": "rightArm3",
					"parent": "fp_rightArm",
					"pivot": [-14.25, 66.25, 1.25],
					"cubes": [
						{"origin": [-16.77469, 54.25, -0.94318], "size": [6, 13, 6], "uv": [0, 73]}
					]
				},
				{
					"name": "fp_rightHand",
					"parent": "rightArm3",
					"pivot": [-15.25, 54.25, 1.25]
				},
				{
					"name": "joint17",
					"parent": "fp_rightHand",
					"pivot": [-15.75, 54.5, 4.5],
					"rotation": [0, 0, 15],
					"cubes": [
						{"origin": [-16.7747, 51.75, 3.80682], "size": [2, 3, 1.5], "uv": [0, 92]}
					]
				},
				{
					"name": "joint18",
					"parent": "joint17",
					"pivot": [-15.75, 52.25, 4.5],
					"rotation": [0, 0, -30],
					"cubes": [
						{"origin": [-16.7747, 49.75001, 3.80682], "size": [2, 3, 1.5], "uv": [0, 92]}
					]
				},
				{
					"name": "joint19",
					"parent": "fp_rightHand",
					"pivot": [-15.75, 54.5, 2],
					"rotation": [0, 0, 15],
					"cubes": [
						{"origin": [-16.7747, 51.75, 1.30682], "size": [2, 3, 1.5], "uv": [0, 92]}
					]
				},
				{
					"name": "joint20",
					"parent": "joint19",
					"pivot": [-15.75, 52.25, 2],
					"rotation": [0, 0, -30],
					"cubes": [
						{"origin": [-16.7747, 49.75001, 1.30682], "size": [2, 3, 1.5], "uv": [0, 92]}
					]
				},
				{
					"name": "joint21",
					"parent": "fp_rightHand",
					"pivot": [-15.75, 54.5, -0.5],
					"rotation": [0, 0, 15],
					"cubes": [
						{"origin": [-16.7747, 51.75, -1.19318], "size": [2, 3, 1.5], "uv": [0, 92]}
					]
				},
				{
					"name": "joint22",
					"parent": "joint21",
					"pivot": [-15.75, 52.25, -0.5],
					"rotation": [0, 0, -30],
					"cubes": [
						{"origin": [-16.7747, 49.75001, -1.19318], "size": [2, 3, 1.5], "uv": [0, 92]}
					]
				},
				{
					"name": "joint23",
					"parent": "fp_rightHand",
					"pivot": [-11.75, 54.5, -0.25],
					"rotation": [0, 0, -15],
					"cubes": [
						{"origin": [-12.7747, 52.75, -0.94318], "size": [2, 2, 1.5], "uv": [0, 92]}
					]
				},
				{
					"name": "joint24",
					"parent": "joint23",
					"pivot": [-11.75, 53.5, -0.25],
					"rotation": [0, 0, 30],
					"cubes": [
						{"origin": [-12.71996, 50.79318, -0.94318], "size": [2, 3, 1.5], "uv": [0, 92]}
					]
				},
				{
					"name": "fp_diamond_blade",
					"parent": "rightArm3",
					"pivot": [-14.25, 66.25, 1.25],
					"cubes": [
						{"origin": [-16.75, 51.25, -1], "size": [5, 3, 6], "uv": [0, 96]},
						{"origin": [-16.75, 47.25, -1], "size": [3, 4, 6], "uv": [0, 96]},
						{"origin": [-16.75, 43.25, -1], "size": [2, 4, 6], "uv": [0, 96]},
						{"origin": [-16.75, 41.25, -1], "size": [1, 2, 6], "uv": [0, 96]}
					]
				},
				{
					"name": "fp_diamond_bullet",
					"parent": "rightArm3",
					"pivot": [-15.25, 54.25, 1.25],
					"cubes": [
						{"origin": [-15.25, 46.25, 1.25], "size": [1, 8, 1], "uv": [32, 0]},
						{"origin": [-15.25, 47.25, 2.25], "size": [1, 7, 1], "uv": [32, 0]},
						{"origin": [-15.25, 49.25, 3.25], "size": [1, 5, 1], "uv": [32, 0]},
						{"origin": [-15.25, 50.25, 0.25], "size": [1, 4, 1], "uv": [32, 0]},
						{"origin": [-15.25, 49.25, -0.75], "size": [1, 5, 1], "uv": [32, 0]},
						{"origin": [-14.25, 47.25, 1.25], "size": [1, 7, 1], "uv": [32, 0]},
						{"origin": [-14.25, 48.25, 2.25], "size": [1, 6, 1], "uv": [32, 0]},
						{"origin": [-14.25, 47.25, 3.25], "size": [1, 7, 1], "uv": [32, 0]},
						{"origin": [-14.25, 48.25, 0.25], "size": [1, 6, 1], "uv": [32, 0]},
						{"origin": [-14.25, 47.25, -0.75], "size": [1, 7, 1], "uv": [32, 0]},
						{"origin": [-13.25, 49.25, 1.25], "size": [1, 5, 1], "uv": [32, 0]},
						{"origin": [-13.25, 48.25, 2.25], "size": [1, 6, 1], "uv": [32, 0]},
						{"origin": [-13.25, 50.25, 3.25], "size": [1, 4, 1], "uv": [32, 0]},
						{"origin": [-13.25, 48.25, 0.25], "size": [1, 6, 1], "uv": [32, 0]},
						{"origin": [-13.25, 51.25, -0.75], "size": [1, 3, 1], "uv": [32, 0]},
						{"origin": [-12.25, 48.25, 1.25], "size": [1, 6, 1], "uv": [32, 0]},
						{"origin": [-12.25, 50.25, 2.25], "size": [1, 4, 1], "uv": [32, 0]},
						{"origin": [-12.25, 52.25, 3.25], "size": [1, 2, 1], "uv": [32, 0]},
						{"origin": [-12.25, 49.25, 0.25], "size": [1, 5, 1], "uv": [32, 0]},
						{"origin": [-12.25, 50.25, -0.75], "size": [1, 4, 1], "uv": [32, 0]},
						{"origin": [-16.25, 50.25, 1.25], "size": [1, 4, 1], "uv": [32, 0]},
						{"origin": [-16.25, 49.25, 2.25], "size": [1, 5, 1], "uv": [32, 0]},
						{"origin": [-16.25, 47.25, 3.25], "size": [1, 7, 1], "uv": [32, 0]},
						{"origin": [-16.25, 49.25, 0.25], "size": [1, 5, 1], "uv": [32, 0]},
						{"origin": [-16.25, 47.25, -0.75], "size": [1, 7, 1], "uv": [32, 0]}
					]
				},
				{
					"name": "offhand",
					"pivot": [0, 0, 0]
				},
				{
					"name": "fp_leftArm",
					"parent": "offhand",
					"pivot": [9.25, 72.25, 1.25],
					"rotation": [50, 0, -147.5],
					"cubes": [
						{"origin": [6.97531, 70.25, -0.94318], "size": [6, 5, 6], "uv": [0, 48]},
						{"origin": [10.22531, 58.25, -0.94318], "size": [5, 8, 6], "pivot": [0.72531, 65.25, -0.94318], "rotation": [0, 0, -30], "uv": [0, 59]}
					]
				},
				{
					"name": "leftArm3",
					"parent": "fp_leftArm",
					"pivot": [14.75, 66.25, 1.25],
					"cubes": [
						{"origin": [11.22531, 54.25, -0.94318], "size": [6, 13, 6], "uv": [0, 73]}
					]
				},
				{
					"name": "fp_leftHand",
					"parent": "leftArm3",
					"pivot": [15.75, 54.25, 1.25]
				},
				{
					"name": "joint25",
					"parent": "fp_leftHand",
					"pivot": [16.25, 54.5, 4.5],
					"rotation": [0, 0, -15],
					"cubes": [
						{"origin": [15.2253, 51.75, 3.80682], "size": [2, 3, 1.5], "uv": [0, 92]}
					]
				},
				{
					"name": "joint26",
					"parent": "joint25",
					"pivot": [16.25, 52.25, 4.5],
					"rotation": [0, 0, 30],
					"cubes": [
						{"origin": [15.2253, 49.75001, 3.80682], "size": [2, 3, 1.5], "uv": [0, 92]}
					]
				},
				{
					"name": "joint27",
					"parent": "fp_leftHand",
					"pivot": [16.25, 54.5, 2],
					"rotation": [0, 0, -15],
					"cubes": [
						{"origin": [15.2253, 51.75, 1.30682], "size": [2, 3, 1.5], "uv": [0, 92]}
					]
				},
				{
					"name": "joint28",
					"parent": "joint27",
					"pivot": [16.25, 52.25, 2],
					"rotation": [0, 0, 30],
					"cubes": [
						{"origin": [15.2253, 49.75001, 1.30682], "size": [2, 3, 1.5], "uv": [0, 92]}
					]
				},
				{
					"name": "joint29",
					"parent": "fp_leftHand",
					"pivot": [16.25, 54.5, -0.5],
					"rotation": [0, 0, -15],
					"cubes": [
						{"origin": [15.2253, 51.75, -1.19318], "size": [2, 3, 1.5], "uv": [0, 92]}
					]
				},
				{
					"name": "joint30",
					"parent": "joint29",
					"pivot": [16.25, 52.25, -0.5],
					"rotation": [0, 0, 30],
					"cubes": [
						{"origin": [15.2253, 49.75001, -1.19318], "size": [2, 3, 1.5], "uv": [0, 92]}
					]
				},
				{
					"name": "joint31",
					"parent": "fp_leftHand",
					"pivot": [12.25, 54.5, -0.25],
					"rotation": [0, 0, 15],
					"cubes": [
						{"origin": [11.2253, 52.75, -0.94318], "size": [2, 2, 1.5], "uv": [0, 92]}
					]
				},
				{
					"name": "joint32",
					"parent": "joint31",
					"pivot": [12.25, 53.25, -0.25],
					"rotation": [0, 0, -30],
					"cubes": [
						{"origin": [11.28004, 50.79318, -0.94318], "size": [2, 3, 1.5], "uv": [0, 92]}
					]
				},
				{
					"name": "fp_diamond_bullet2",
					"parent": "leftArm3",
					"pivot": [15.75, 54.25, 1.25],
					"cubes": [
						{"origin": [12.75, 46.25, 1.25], "size": [1, 8, 1], "uv": [32, 0]},
						{"origin": [12.75, 47.25, 2.25], "size": [1, 7, 1], "uv": [32, 0]},
						{"origin": [12.75, 49.25, 3.25], "size": [1, 5, 1], "uv": [32, 0]},
						{"origin": [12.75, 50.25, 0.25], "size": [1, 4, 1], "uv": [32, 0]},
						{"origin": [12.75, 49.25, -0.75], "size": [1, 5, 1], "uv": [32, 0]},
						{"origin": [13.75, 47.25, 1.25], "size": [1, 7, 1], "uv": [32, 0]},
						{"origin": [13.75, 48.25, 2.25], "size": [1, 6, 1], "uv": [32, 0]},
						{"origin": [13.75, 47.25, 3.25], "size": [1, 7, 1], "uv": [32, 0]},
						{"origin": [13.75, 48.25, 0.25], "size": [1, 6, 1], "uv": [32, 0]},
						{"origin": [13.75, 47.25, -0.75], "size": [1, 7, 1], "uv": [32, 0]},
						{"origin": [14.75, 49.25, 1.25], "size": [1, 5, 1], "uv": [32, 0]},
						{"origin": [14.75, 48.25, 2.25], "size": [1, 6, 1], "uv": [32, 0]},
						{"origin": [14.75, 50.25, 3.25], "size": [1, 4, 1], "uv": [32, 0]},
						{"origin": [14.75, 48.25, 0.25], "size": [1, 6, 1], "uv": [32, 0]},
						{"origin": [14.75, 51.25, -0.75], "size": [1, 3, 1], "uv": [32, 0]},
						{"origin": [15.75, 48.25, 1.25], "size": [1, 6, 1], "uv": [32, 0]},
						{"origin": [15.75, 50.25, 2.25], "size": [1, 4, 1], "uv": [32, 0]},
						{"origin": [15.75, 52.25, 3.25], "size": [1, 2, 1], "uv": [32, 0]},
						{"origin": [15.75, 49.25, 0.25], "size": [1, 5, 1], "uv": [32, 0]},
						{"origin": [15.75, 50.25, -0.75], "size": [1, 4, 1], "uv": [32, 0]},
						{"origin": [11.75, 50.25, 1.25], "size": [1, 4, 1], "uv": [32, 0]},
						{"origin": [11.75, 49.25, 2.25], "size": [1, 5, 1], "uv": [32, 0]},
						{"origin": [11.75, 47.25, 3.25], "size": [1, 7, 1], "uv": [32, 0]},
						{"origin": [11.75, 49.25, 0.25], "size": [1, 5, 1], "uv": [32, 0]},
						{"origin": [11.75, 47.25, -0.75], "size": [1, 7, 1], "uv": [32, 0]}
					]
				}
			]
		}
	]
}