{
	"format_version": "1.12.0",
	"minecraft:geometry": [
		{
			"description": {
				"identifier": "geometry.heatblast.player",
				"texture_width": 128,
				"texture_height": 128,
				"visible_bounds_width": 4,
				"visible_bounds_height": 6,
				"visible_bounds_offset": [0, 3, 0]
			},
			"bones": [
				{
					"name": "whole",
					"pivot": [0, 0, 0.5]
				},
				{
					"name": "h_body",
					"parent": "whole",
					"pivot": [0, 26.75, 0.5],
					"cubes": [
						{"origin": [-6, 25.75, -3.5], "size": [12, 10, 8], "uv": [0, 19]}
					]
				},
				{
					"name": "h_head",
					"parent": "h_body",
					"pivot": [0, 41.25, 0.5],
					"cubes": [
						{"origin": [-4, 35.75, -3.5], "size": [8, 8, 8], "uv": [0, 0]}
					],
					"locators": {
						"head_par": [0, 43.75, 0.5]
					}
				},
				{
					"name": "h_rightArm",
					"parent": "h_body",
					"pivot": [-6, 34, 0.25],
					"rotation": [11.76782, -4.2453, 14.5623],
					"cubes": [
						{"origin": [-7.90798, 25.86698, -1.82139], "size": [4, 10, 4], "uv": [0, 52]}
					]
				},
				{
					"name": "rightArm2",
					"parent": "h_rightArm",
					"pivot": [-6, 27, 0.25],
					"rotation": [-25, 0, 0],
					"cubes": [
						{"origin": [-7.90798, 17.86698, -1.67861], "size": [4, 10, 4], "uv": [0, 66]}
					],
					"locators": {
						"flame1": [-6, 18, 0.5]
					}
				},
				{
					"name": "hand",
					"parent": "rightArm2",
					"pivot": [7.75, 28.75, 0]
				},
				{
					"name": "finger1",
					"parent": "hand",
					"pivot": [-7.5, 18.25, 1.75],
					"rotation": [0, 0, 17.5],
					"cubes": [
						{"origin": [-7.87659, 15.72027, 1.30822], "size": [1, 3, 1], "uv": [0, 80]}
					]
				},
				{
					"name": "joint1",
					"parent": "finger1",
					"pivot": [-7.5, 16, 1.5],
					"rotation": [0, 0, -22.5],
					"cubes": [
						{"origin": [-7.94659, 13.27124, 1.30822], "size": [1, 3, 1], "uv": [0, 80]}
					]
				},
				{
					"name": "finger2",
					"parent": "hand",
					"pivot": [-7.5, 18.25, 0.25],
					"rotation": [0, 0, 17.5],
					"cubes": [
						{"origin": [-7.87659, 15.72027, -0.19178], "size": [1, 3, 1], "uv": [0, 80]}
					]
				},
				{
					"name": "joint2",
					"parent": "finger2",
					"pivot": [-7.5, 16, 0],
					"rotation": [0, 0, -27.5],
					"cubes": [
						{"origin": [-7.94659, 13.27124, -0.19178], "size": [1, 3, 1], "uv": [0, 80]}
					]
				},
				{
					"name": "finger3",
					"parent": "hand",
					"pivot": [-7.5, 18.25, -1.25],
					"rotation": [0, 0, 25],
					"cubes": [
						{"origin": [-7.87659, 15.72027, -1.69178], "size": [1, 3, 1], "uv": [0, 80]}
					]
				},
				{
					"name": "joint3",
					"parent": "finger3",
					"pivot": [-7.5, 16, -1.5],
					"rotation": [0, 0, -37.5],
					"cubes": [
						{"origin": [-7.94659, 13.27124, -1.69178], "size": [1, 3, 1], "uv": [0, 80]}
					]
				},
				{
					"name": "finger4",
					"parent": "hand",
					"pivot": [-4.5, 18.25, -1.25],
					"rotation": [0, 0, -12.5],
					"cubes": [
						{"origin": [-4.87659, 15.72027, -1.69178], "size": [1, 3, 1], "uv": [0, 80]}
					]
				},
				{
					"name": "joint4",
					"parent": "finger4",
					"pivot": [-4.5, 16, -1.5],
					"rotation": [0, 0, 35],
					"cubes": [
						{"origin": [-4.94659, 13.27124, -1.69178], "size": [1, 3, 1], "uv": [0, 80]}
					]
				},
				{
					"name": "flame1",
					"parent": "rightArm2",
					"pivot": [-6.25, 18, 0],
					"cubes": [
						{"origin": [-7.75, 12, -1.5], "size": [1, 6, 3.75], "uv": [46, 28]},
						{"origin": [-6.75, 12, -1.5], "size": [1, 6, 3.75], "uv": [57, 28]},
						{"origin": [-5, 12, -1.5], "size": [1, 6, 3.75], "uv": [46, 28]},
						{"origin": [-6, 12, -1.5], "size": [1, 6, 3.75], "uv": [46, 28]}
					]
				},
				{
					"name": "h_leftArm",
					"parent": "h_body",
					"pivot": [6, 34, 0.25],
					"rotation": [11.76782, 4.2453, -14.5623],
					"cubes": [
						{"origin": [3.90798, 25.86698, -1.82139], "size": [4, 10, 4], "uv": [0, 52], "mirror": true}
					]
				},
				{
					"name": "leftArm2",
					"parent": "h_leftArm",
					"pivot": [6, 27, 0.25],
					"rotation": [-25, 0, 0],
					"cubes": [
						{"origin": [3.90798, 17.86698, -1.67861], "size": [4, 10, 4], "uv": [0, 66], "mirror": true}
					],
					"locators": {
						"flame2": [6, 18, 0.25]
					}
				},
				{
					"name": "hand2",
					"parent": "leftArm2",
					"pivot": [23.25, 28.75, 0]
				},
				{
					"name": "finger5",
					"parent": "hand2",
					"pivot": [4.25, 18.25, -1.25],
					"rotation": [0, 0, 10],
					"cubes": [
						{"origin": [3.87341, 15.72027, -1.69178], "size": [1, 3, 1], "uv": [0, 80]}
					]
				},
				{
					"name": "joint5",
					"parent": "finger5",
					"pivot": [4.25, 16, -1.5],
					"rotation": [0, 0, -25],
					"cubes": [
						{"origin": [3.80341, 13.27124, -1.69178], "size": [1, 3, 1], "uv": [0, 80]}
					]
				},
				{
					"name": "finger6",
					"parent": "hand2",
					"pivot": [7.25, 18.25, -1.25],
					"rotation": [0, 0, -15],
					"cubes": [
						{"origin": [6.87341, 15.72027, -1.69178], "size": [1, 3, 1], "uv": [0, 80]}
					]
				},
				{
					"name": "joint6",
					"parent": "finger6",
					"pivot": [7.25, 16, -1.5],
					"rotation": [0, 0, 27.5],
					"cubes": [
						{"origin": [6.80341, 13.27124, -1.69178], "size": [1, 3, 1], "uv": [0, 80]}
					]
				},
				{
					"name": "finger7",
					"parent": "hand2",
					"pivot": [7.25, 18.25, 0.25],
					"rotation": [0, 0, -20],
					"cubes": [
						{"origin": [6.87341, 15.72027, -0.19178], "size": [1, 3, 1], "uv": [0, 80]}
					]
				},
				{
					"name": "joint7",
					"parent": "finger7",
					"pivot": [7.25, 16, 0],
					"rotation": [0, 0, 30],
					"cubes": [
						{"origin": [6.80341, 13.27124, -0.19178], "size": [1, 3, 1], "uv": [0, 80]}
					]
				},
				{
					"name": "finger8",
					"parent": "hand2",
					"pivot": [7.25, 18.25, 1.75],
					"rotation": [0, 0, -20],
					"cubes": [
						{"origin": [6.87341, 15.72027, 1.30822], "size": [1, 3, 1], "uv": [0, 80]}
					]
				},
				{
					"name": "joint8",
					"parent": "finger8",
					"pivot": [7.25, 16, 1.5],
					"rotation": [0, 0, 27.5],
					"cubes": [
						{"origin": [6.80341, 13.27124, 1.30822], "size": [1, 3, 1], "uv": [0, 80]}
					]
				},
				{
					"name": "flame2",
					"parent": "leftArm2",
					"pivot": [5.75, 18, 0],
					"cubes": [
						{"origin": [3.98485, 12.15745, -1.55731], "size": [1, 6, 3.75], "uv": [46, 28]},
						{"origin": [4.98485, 12.15745, -1.55731], "size": [1, 6, 3.75], "uv": [57, 28]},
						{"origin": [6.73485, 12.15745, -1.55731], "size": [1, 6, 3.75], "uv": [46, 28]},
						{"origin": [5.73485, 12.15745, -1.55731], "size": [1, 6, 3.75], "uv": [46, 28]}
					]
				},
				{
					"name": "omnitrix",
					"parent": "h_body",
					"pivot": [0, 26.75, 0.5],
					"cubes": [
						{"origin": [-1, 30.75, -4.5], "size": [2, 2, 1], "uv": [0, 0]}
					]
				},
				{
					"name": "body2",
					"parent": "whole",
					"pivot": [0, 19.75, 0.5],
					"cubes": [
						{"origin": [-5, 18.75, -2.5], "size": [10, 7, 6], "uv": [0, 37]}
					]
				},
				{
					"name": "h_rightLeg",
					"parent": "whole",
					"pivot": [-2.5, 19.25, 0.5],
					"rotation": [-5, 0, 5],
					"cubes": [
						{"origin": [-5, 8.75, -2.5], "size": [5, 11, 6], "uv": [0, 84]}
					]
				},
				{
					"name": "rightLeg2",
					"parent": "h_rightLeg",
					"pivot": [-2.5, 10, 0.5],
					"rotation": [10, 0, 0],
					"cubes": [
						{"origin": [-5, -0.25, -2.5], "size": [5, 12, 6], "uv": [0, 101]}
					],
					"locators": {
						"flame3": [-2.5, -0.25, 0.25]
					}
				},
				{
					"name": "foot",
					"parent": "rightLeg2",
					"pivot": [-2.5, 0.25, 0.5]
				},
				{
					"name": "joint9",
					"parent": "foot",
					"pivot": [-4, -0.25, -2.5],
					"cubes": [
						{"origin": [-5, -0.25, -3.5], "size": [2, 1, 2], "uv": [0, 119]},
						{"origin": [-5, -0.25, -7.5], "size": [2, 1, 2], "uv": [0, 119]},
						{"origin": [-5, -0.25, -5.5], "size": [1, 1, 2], "uv": [0, 119]}
					]
				},
				{
					"name": "joint10",
					"parent": "foot",
					"pivot": [-1, -0.25, -1.5],
					"cubes": [
						{"origin": [-2, -0.25, -3.5], "size": [2, 1, 2], "uv": [0, 119]},
						{"origin": [-2, -0.25, -7.5], "size": [2, 1, 2], "uv": [0, 119]},
						{"origin": [-1, -0.25, -5.5], "size": [1, 1, 2], "uv": [0, 119]}
					]
				},
				{
					"name": "flame3",
					"parent": "rightLeg2",
					"pivot": [-2.5, -0.25, 0.5],
					"cubes": [
						{"origin": [-4.26515, -5.84255, -1.05731], "size": [1, 6, 3.75], "uv": [46, 28]},
						{"origin": [-3.26515, -5.84255, -1.05731], "size": [1, 6, 3.75], "uv": [57, 28]},
						{"origin": [-1.51515, -5.84255, -1.05731], "size": [1, 6, 3.75], "uv": [46, 28]},
						{"origin": [-2.51515, -5.84255, -1.05731], "size": [1, 6, 3.75], "uv": [46, 28]}
					]
				},
				{
					"name": "h_leftLeg",
					"parent": "whole",
					"pivot": [2.5, 19.25, 0.5],
					"rotation": [-5, 0, -5],
					"cubes": [
						{"origin": [0, 8.75, -2.5], "size": [5, 11, 6], "uv": [0, 84], "mirror": true}
					]
				},
				{
					"name": "leftLeg2",
					"parent": "h_leftLeg",
					"pivot": [2.5, 10, 0.5],
					"rotation": [10, 0, 0],
					"cubes": [
						{"origin": [0, -0.25, -2.5], "size": [5, 12, 6], "uv": [0, 101], "mirror": true}
					],
					"locators": {
						"flame4": [2.5, -0.25, 0.5]
					}
				},
				{
					"name": "foot2",
					"parent": "leftLeg2",
					"pivot": [2.5, 0.25, 0.5]
				},
				{
					"name": "joint11",
					"parent": "foot2",
					"pivot": [1, -0.25, -2.5],
					"cubes": [
						{"origin": [0, -0.25, -3.5], "size": [2, 1, 2], "uv": [0, 119], "mirror": true},
						{"origin": [0, -0.25, -7.5], "size": [2, 1, 2], "uv": [0, 119], "mirror": true},
						{"origin": [0, -0.25, -5.5], "size": [1, 1, 2], "uv": [0, 119], "mirror": true}
					]
				},
				{
					"name": "joint12",
					"parent": "foot2",
					"pivot": [4, -0.25, -1.5],
					"cubes": [
						{"origin": [3, -0.25, -3.5], "size": [2, 1, 2], "uv": [0, 119], "mirror": true},
						{"origin": [3, -0.25, -7.5], "size": [2, 1, 2], "uv": [0, 119], "mirror": true},
						{"origin": [4, -0.25, -5.5], "size": [1, 1, 2], "uv": [0, 119], "mirror": true}
					]
				},
				{
					"name": "flame4",
					"parent": "leftLeg2",
					"pivot": [2, -0.25, 0.5],
					"cubes": [
						{"origin": [0.23485, -5.84255, -1.05731], "size": [1, 6, 3.75], "uv": [46, 28]},
						{"origin": [1.23485, -5.84255, -1.05731], "size": [1, 6, 3.75], "uv": [57, 28]},
						{"origin": [2.98485, -5.84255, -1.05731], "size": [1, 6, 3.75], "uv": [46, 28]},
						{"origin": [1.98485, -5.84255, -1.05731], "size": [1, 6, 3.75], "uv": [46, 28]}
					]
				},
				{
					"name": "mainhand",
					"pivot": [0, 0, 0]
				},
				{
					"name": "fp_rightArm",
					"parent": "mainhand",
					"pivot": [-6, 72, 0.25],
					"rotation": [90.92031, -35.045, 104.72636],
					"cubes": [
						{"origin": [-7.90798, 63.86698, -1.82139], "size": [4, 10, 4], "uv": [0, 52]}
					]
				},
				{
					"name": "rightArm3",
					"parent": "fp_rightArm",
					"pivot": [-6, 65, 0.25],
					"rotation": [-25, 0, 0],
					"cubes": [
						{"origin": [-7.90798, 55.86698, -1.67861], "size": [4, 10, 4], "uv": [0, 66]}
					]
				},
				{
					"name": "hand3",
					"parent": "rightArm3",
					"pivot": [7.75, 66.75, 0]
				},
				{
					"name": "finger9",
					"parent": "hand3",
					"pivot": [-7.5, 56.25, 1.75],
					"rotation": [0, 0, 17.5],
					"cubes": [
						{"origin": [-7.87659, 53.72027, 1.30822], "size": [1, 3, 1], "uv": [0, 80]}
					]
				},
				{
					"name": "joint13",
					"parent": "finger9",
					"pivot": [-7.5, 54, 1.5],
					"rotation": [0, 0, -22.5],
					"cubes": [
						{"origin": [-7.94659, 51.27124, 1.30822], "size": [1, 3, 1], "uv": [0, 80]}
					]
				},
				{
					"name": "finger10",
					"parent": "hand3",
					"pivot": [-7.5, 56.25, 0.25],
					"rotation": [0, 0, 17.5],
					"cubes": [
						{"origin": [-7.87659, 53.72027, -0.19178], "size": [1, 3, 1], "uv": [0, 80]}
					]
				},
				{
					"name": "joint14",
					"parent": "finger10",
					"pivot": [-7.5, 54, 0],
					"rotation": [0, 0, -27.5],
					"cubes": [
						{"origin": [-7.94659, 51.27124, -0.19178], "size": [1, 3, 1], "uv": [0, 80]}
					]
				},
				{
					"name": "finger11",
					"parent": "hand3",
					"pivot": [-7.5, 56.25, -1.25],
					"rotation": [0, 0, 25],
					"cubes": [
						{"origin": [-7.87659, 53.72027, -1.69178], "size": [1, 3, 1], "uv": [0, 80]}
					]
				},
				{
					"name": "joint15",
					"parent": "finger11",
					"pivot": [-7.5, 54, -1.5],
					"rotation": [0, 0, -37.5],
					"cubes": [
						{"origin": [-7.94659, 51.27124, -1.69178], "size": [1, 3, 1], "uv": [0, 80]}
					]
				},
				{
					"name": "finger12",
					"parent": "hand3",
					"pivot": [-4.5, 56.25, -1.25],
					"rotation": [0, 0, -12.5],
					"cubes": [
						{"origin": [-4.87659, 53.72027, -1.69178], "size": [1, 3, 1], "uv": [0, 80]}
					]
				},
				{
					"name": "joint16",
					"parent": "finger12",
					"pivot": [-4.5, 54, -1.5],
					"rotation": [0, 0, 35],
					"cubes": [
						{"origin": [-4.94659, 51.27124, -1.69178], "size": [1, 3, 1], "uv": [0, 80]}
					]
				},
				{
					"name": "flame5",
					"parent": "rightArm3",
					"pivot": [-6.25, 56, 0],
					"cubes": [
						{"origin": [-7.75, 50, -1.5], "size": [1, 6, 3.75], "uv": [46, 28]},
						{"origin": [-6.75, 50, -1.5], "size": [1, 6, 3.75], "uv": [57, 28]},
						{"origin": [-5, 50, -1.5], "size": [1, 6, 3.75], "uv": [46, 28]},
						{"origin": [-6, 50, -1.5], "size": [1, 6, 3.75], "uv": [46, 28]}
					]
				},
				{
					"name": "offhand",
					"pivot": [0, 0, 0]
				},
				{
					"name": "fp_leftArm",
					"parent": "offhand",
					"pivot": [6, 72, 0.25],
					"rotation": [90.92031, 35.045, -104.72636],
					"cubes": [
						{"origin": [3.90798, 63.86698, -1.82139], "size": [4, 10, 4], "uv": [0, 52], "mirror": true}
					]
				},
				{
					"name": "leftArm3",
					"parent": "fp_leftArm",
					"pivot": [6, 65, 0.25],
					"rotation": [-25, 0, 0],
					"cubes": [
						{"origin": [3.90798, 55.86698, -1.67861], "size": [4, 10, 4], "uv": [0, 66], "mirror": true}
					]
				},
				{
					"name": "hand4",
					"parent": "leftArm3",
					"pivot": [23.25, 66.75, 0]
				},
				{
					"name": "finger13",
					"parent": "hand4",
					"pivot": [4.25, 56.25, -1.25],
					"rotation": [0, 0, 10],
					"cubes": [
						{"origin": [3.87341, 53.72027, -1.69178], "size": [1, 3, 1], "uv": [0, 80]}
					]
				},
				{
					"name": "joint17",
					"parent": "finger13",
					"pivot": [4.25, 54, -1.5],
					"rotation": [0, 0, -25],
					"cubes": [
						{"origin": [3.80341, 51.27124, -1.69178], "size": [1, 3, 1], "uv": [0, 80]}
					]
				},
				{
					"name": "finger14",
					"parent": "hand4",
					"pivot": [7.25, 56.25, -1.25],
					"rotation": [0, 0, -15],
					"cubes": [
						{"origin": [6.87341, 53.72027, -1.69178], "size": [1, 3, 1], "uv": [0, 80]}
					]
				},
				{
					"name": "joint18",
					"parent": "finger14",
					"pivot": [7.25, 54, -1.5],
					"rotation": [0, 0, 27.5],
					"cubes": [
						{"origin": [6.80341, 51.27124, -1.69178], "size": [1, 3, 1], "uv": [0, 80]}
					]
				},
				{
					"name": "finger15",
					"parent": "hand4",
					"pivot": [7.25, 56.25, 0.25],
					"rotation": [0, 0, -20],
					"cubes": [
						{"origin": [6.87341, 53.72027, -0.19178], "size": [1, 3, 1], "uv": [0, 80]}
					]
				},
				{
					"name": "joint19",
					"parent": "finger15",
					"pivot": [7.25, 54, 0],
					"rotation": [0, 0, 30],
					"cubes": [
						{"origin": [6.80341, 51.27124, -0.19178], "size": [1, 3, 1], "uv": [0, 80]}
					]
				},
				{
					"name": "finger16",
					"parent": "hand4",
					"pivot": [7.25, 56.25, 1.75],
					"rotation": [0, 0, -20],
					"cubes": [
						{"origin": [6.87341, 53.72027, 1.30822], "size": [1, 3, 1], "uv": [0, 80]}
					]
				},
				{
					"name": "joint20",
					"parent": "finger16",
					"pivot": [7.25, 54, 1.5],
					"rotation": [0, 0, 27.5],
					"cubes": [
						{"origin": [6.80341, 51.27124, 1.30822], "size": [1, 3, 1], "uv": [0, 80]}
					]
				},
				{
					"name": "flame6",
					"parent": "leftArm3",
					"pivot": [5.75, 56, 0],
					"cubes": [
						{"origin": [4.25, 50, -1.5], "size": [1, 6, 3.75], "uv": [46, 28]},
						{"origin": [5.25, 50, -1.5], "size": [1, 6, 3.75], "uv": [57, 28]},
						{"origin": [7, 50, -1.5], "size": [1, 6, 3.75], "uv": [46, 28]},
						{"origin": [6, 50, -1.5], "size": [1, 6, 3.75], "uv": [46, 28]}
					]
				}
			]
		}
	]
}