{
	"format_version": "1.12.0",
	"minecraft:geometry": [
		{
			"description": {
				"identifier": "geometry.stinkfly.player",
				"texture_width": 128,
				"texture_height": 128,
				"visible_bounds_width": 7,
				"visible_bounds_height": 8.5,
				"visible_bounds_offset": [0, 1.75, 0]
			},
			"bones": [
				{
					"name": "whole",
					"pivot": [0, 15, 0]
				},
				{
					"name": "main_body",
					"parent": "whole",
					"pivot": [0, 24, 0]
				},
				{
					"name": "body1",
					"parent": "main_body",
					"pivot": [0, 32, 1],
					"cubes": [
						{"origin": [-5, 32, -5], "size": [10, 12, 10], "uv": [0, 32]},
						{"origin": [-3, 42, -5], "size": [6, 8, 6], "pivot": [0, 44, -4], "rotation": [20, 0, 0], "uv": [32, 13]}
					]
				},
				{
					"name": "s_rightArm",
					"parent": "body1",
					"pivot": [-5, 39, 0],
					"rotation": [0, 0, 80],
					"cubes": [
						{"origin": [-6, 27.5, -1.5], "size": [3, 13, 3], "uv": [40, 27]}
					]
				},
				{
					"name": "rightArm2",
					"parent": "s_rightArm",
					"pivot": [-5, 29, 0],
					"rotation": [-65, -10, 0],
					"cubes": [
						{"origin": [-6, 17.5, -1.5], "size": [3, 13, 3], "uv": [40, 27]}
					]
				},
				{
					"name": "hand",
					"parent": "rightArm2",
					"pivot": [-5, 29, 0]
				},
				{
					"name": "finger",
					"parent": "hand",
					"pivot": [-4.5, 18, -0.75],
					"rotation": [-45, 0, 0],
					"cubes": [
						{"origin": [-5.25, 15, -1.5], "size": [1.5, 3, 1.5], "uv": [40, 43]}
					]
				},
				{
					"name": "finger2",
					"parent": "finger",
					"pivot": [-4.5, 15.5, -0.75],
					"rotation": [60, 0, 0],
					"cubes": [
						{"origin": [-5.25, 13, -1.5], "size": [1.5, 3, 1.5], "uv": [40, 43]}
					]
				},
				{
					"name": "finger3",
					"parent": "hand",
					"pivot": [-5.25, 18, 0.75],
					"rotation": [60, -50, 0],
					"cubes": [
						{"origin": [-6, 15, 0], "size": [1.5, 3, 1.5], "uv": [40, 43]}
					]
				},
				{
					"name": "finger4",
					"parent": "finger3",
					"pivot": [-5.25, 15.5, 0.75],
					"rotation": [-40, 0, 0],
					"cubes": [
						{"origin": [-6, 13, 0], "size": [1.5, 3, 1.5], "uv": [40, 43]}
					]
				},
				{
					"name": "finger5",
					"parent": "hand",
					"pivot": [-4, 18, 0.75],
					"rotation": [60, 45, 0],
					"cubes": [
						{"origin": [-4.5, 15, 0], "size": [1.5, 3, 1.5], "uv": [40, 43]}
					]
				},
				{
					"name": "finger6",
					"parent": "finger5",
					"pivot": [-3.75, 15.5, 0.75],
					"rotation": [-60, 0, 0],
					"cubes": [
						{"origin": [-4.5, 13, 0], "size": [1.5, 3, 1.5], "uv": [40, 43]}
					]
				},
				{
					"name": "s_leftArm",
					"parent": "body1",
					"pivot": [4, 39, 0],
					"rotation": [0, 0, -80],
					"cubes": [
						{"origin": [3, 27.5, -1.5], "size": [3, 13, 3], "uv": [40, 27]}
					]
				},
				{
					"name": "leftArm2",
					"parent": "s_leftArm",
					"pivot": [4, 29, 0],
					"rotation": [-65, 10, 0],
					"cubes": [
						{"origin": [3, 17.5, -1.5], "size": [3, 13, 3], "uv": [40, 27]}
					]
				},
				{
					"name": "hand2",
					"parent": "leftArm2",
					"pivot": [5.5, 29, 0]
				},
				{
					"name": "finger7",
					"parent": "hand2",
					"pivot": [4.75, 18, -0.75],
					"rotation": [-45, 0, 0],
					"cubes": [
						{"origin": [4, 15, -1.5], "size": [1.5, 3, 1.5], "uv": [40, 43]}
					]
				},
				{
					"name": "finger8",
					"parent": "finger7",
					"pivot": [4.75, 15.5, -0.75],
					"rotation": [60, 0, 0],
					"cubes": [
						{"origin": [4, 13, -1.5], "size": [1.5, 3, 1.5], "uv": [40, 43]}
					]
				},
				{
					"name": "finger9",
					"parent": "hand2",
					"pivot": [5.25, 18, 0.75],
					"rotation": [70, 40, 0],
					"cubes": [
						{"origin": [4.5, 15, 0], "size": [1.5, 3, 1.5], "uv": [40, 43]}
					]
				},
				{
					"name": "finger10",
					"parent": "finger9",
					"pivot": [5.25, 15.5, 0.75],
					"rotation": [-65, 0, 0],
					"cubes": [
						{"origin": [4.5, 13, 0], "size": [1.5, 3, 1.5], "uv": [40, 43]}
					]
				},
				{
					"name": "finger11",
					"parent": "hand2",
					"pivot": [3.5, 18, 0.75],
					"rotation": [50, -45, 0],
					"cubes": [
						{"origin": [3, 15, 0], "size": [1.5, 3, 1.5], "uv": [40, 43]}
					]
				},
				{
					"name": "finger12",
					"parent": "finger11",
					"pivot": [3.75, 15.5, 0.75],
					"rotation": [-50, 0, 0],
					"cubes": [
						{"origin": [3, 13, 0], "size": [1.5, 3, 1.5], "uv": [40, 43]}
					]
				},
				{
					"name": "rightWing",
					"parent": "body1",
					"pivot": [-1, 39, 5],
					"cubes": [
						{"origin": [-43, 32, 5], "size": [43, 45, 1], "uv": [40, 55], "mirror": true}
					]
				},
				{
					"name": "leftWing",
					"parent": "body1",
					"pivot": [1, 39, 5],
					"cubes": [
						{"origin": [0, 32, 5], "size": [43, 45, 1], "uv": [40, 55]}
					]
				},
				{
					"name": "main_head",
					"parent": "body1",
					"pivot": [0, 52.75, -6]
				},
				{
					"name": "upper_head",
					"parent": "main_head",
					"pivot": [0, 52.75, -2],
					"cubes": [
						{"origin": [-4, 52.75, -10], "size": [8, 5, 8], "uv": [0, 0]}
					]
				},
				{
					"name": "omnitrix",
					"parent": "upper_head",
					"pivot": [0, 49.75, -6],
					"cubes": [
						{"origin": [-1, 54.25, -11.5], "size": [2, 2, 1], "uv": [32, 0]}
					]
				},
				{
					"name": "eye1",
					"parent": "upper_head",
					"pivot": [-3, 56.75, -8],
					"rotation": [0, -20, 0],
					"cubes": [
						{"origin": [-9, 56.25, -8.5], "size": [6, 1.5, 1.5], "uv": [0, 24]}
					]
				},
				{
					"name": "look1",
					"parent": "eye1",
					"pivot": [-8, 56.75, -7],
					"rotation": [0, 25, 0],
					"cubes": [
						{"origin": [-9, 56.25, -12.5], "size": [1.5, 1.5, 5], "uv": [0, 26]}
					]
				},
				{
					"name": "eye2",
					"parent": "upper_head",
					"pivot": [-3, 53.75, -8],
					"rotation": [0, -20, -15],
					"cubes": [
						{"origin": [-9, 53.25, -8.5], "size": [6, 1.5, 1.5], "uv": [0, 24]}
					]
				},
				{
					"name": "look2",
					"parent": "eye2",
					"pivot": [-8, 53.75, -7],
					"rotation": [0, 25, 0],
					"cubes": [
						{"origin": [-9, 53.25, -12.5], "size": [1.5, 1.5, 5], "uv": [0, 26]}
					]
				},
				{
					"name": "eye3",
					"parent": "upper_head",
					"pivot": [4, 56.75, -8],
					"rotation": [0, 20, 0],
					"cubes": [
						{"origin": [3, 56.25, -8.5], "size": [6, 1.5, 1.5], "uv": [0, 24]}
					]
				},
				{
					"name": "look3",
					"parent": "eye3",
					"pivot": [8, 56.75, -7],
					"rotation": [0, -25, 0],
					"cubes": [
						{"origin": [7.5, 56.25, -12.5], "size": [1.5, 1.5, 5], "uv": [0, 26]}
					]
				},
				{
					"name": "eye4",
					"parent": "upper_head",
					"pivot": [4, 53.75, -8],
					"rotation": [0, 20, 15],
					"cubes": [
						{"origin": [3, 53.25, -8.5], "size": [6, 1.5, 1.5], "uv": [0, 24]}
					]
				},
				{
					"name": "look4",
					"parent": "eye4",
					"pivot": [8, 53.75, -7],
					"rotation": [0, -25, 0],
					"cubes": [
						{"origin": [7.5, 53.25, -12.5], "size": [1.5, 1.5, 5], "uv": [0, 26]}
					]
				},
				{
					"name": "upper_teeth",
					"parent": "upper_head",
					"pivot": [0, 52.75, -2]
				},
				{
					"name": "tooth1",
					"parent": "upper_teeth",
					"pivot": [-3, 52.75, -9.5],
					"cubes": [
						{"origin": [-4, 50.75, -10], "size": [2, 2, 1], "uv": [56, 0]}
					]
				},
				{
					"name": "tooth2",
					"parent": "upper_teeth",
					"pivot": [-2, 52.75, -9.5],
					"cubes": [
						{"origin": [-3, 50.75, -10], "size": [2, 2, 1], "uv": [56, 0]}
					]
				},
				{
					"name": "tooth3",
					"parent": "upper_teeth",
					"pivot": [0, 52.75, -9.5],
					"cubes": [
						{"origin": [-1, 50.75, -10], "size": [2, 2, 1], "uv": [56, 0]}
					]
				},
				{
					"name": "tooth4",
					"parent": "upper_teeth",
					"pivot": [2, 52.75, -9.5],
					"cubes": [
						{"origin": [1, 50.75, -10], "size": [2, 2, 1], "uv": [56, 0]}
					]
				},
				{
					"name": "tooth5",
					"parent": "upper_teeth",
					"pivot": [3, 52.75, -9.5],
					"cubes": [
						{"origin": [2, 50.75, -10], "size": [2, 2, 1], "uv": [56, 0]}
					]
				},
				{
					"name": "jaw",
					"parent": "main_head",
					"pivot": [0, 52.75, -2],
					"rotation": [15, 0, 0],
					"cubes": [
						{"origin": [-4, 49.75, -10], "size": [8, 3, 8], "uv": [0, 13]}
					]
				},
				{
					"name": "upper_teeth2",
					"parent": "jaw",
					"pivot": [-3, 53.75, -9.5]
				},
				{
					"name": "tooth6",
					"parent": "upper_teeth2",
					"pivot": [-3, 52.75, -9.5],
					"cubes": [
						{"origin": [-4, 52.75, -10], "size": [2, 2, 1], "uv": [56, 0]}
					]
				},
				{
					"name": "tooth7",
					"parent": "upper_teeth2",
					"pivot": [-2, 52.75, -9.5],
					"cubes": [
						{"origin": [-3, 52.75, -10], "size": [2, 2, 1], "uv": [56, 0]}
					]
				},
				{
					"name": "tooth8",
					"parent": "upper_teeth2",
					"pivot": [0, 52.75, -9.5],
					"cubes": [
						{"origin": [-1, 52.75, -10], "size": [2, 2, 1], "uv": [56, 0]}
					]
				},
				{
					"name": "tooth9",
					"parent": "upper_teeth2",
					"pivot": [2, 52.75, -9.5],
					"cubes": [
						{"origin": [1, 52.75, -10], "size": [2, 2, 1], "uv": [56, 0]}
					]
				},
				{
					"name": "tooth10",
					"parent": "upper_teeth2",
					"pivot": [3, 52.75, -9.5],
					"cubes": [
						{"origin": [2, 52.75, -10], "size": [2, 2, 1], "uv": [56, 0]}
					]
				},
				{
					"name": "body2",
					"parent": "main_body",
					"pivot": [0, 31, 2],
					"cubes": [
						{"origin": [-4, 23, -2], "size": [8, 9, 8], "uv": [0, 54]}
					]
				},
				{
					"name": "leg0",
					"parent": "body2",
					"pivot": [-3.75, 27, 1.75],
					"rotation": [-20, -20, 60],
					"cubes": [
						{"origin": [-5, 20, 0.75], "size": [2.25, 8.25, 2.25], "uv": [52, 27]}
					]
				},
				{
					"name": "leg1",
					"parent": "leg0",
					"pivot": [-3.75, 21, 0],
					"rotation": [0, 0, 55],
					"cubes": [
						{"origin": [-5, 15, 0.75], "size": [2.25, 7.25, 2.25], "uv": [52, 37]}
					]
				},
				{
					"name": "leg2",
					"parent": "leg1",
					"pivot": [-3.75, 16, 0],
					"rotation": [0, 0, -100],
					"cubes": [
						{"origin": [-5, 6, 0.75], "size": [2.25, 11.25, 2.25], "uv": [60, 27]},
						{"origin": [-4.75, 3.5, 1], "size": [1.75, 2.5, 1.75], "uv": [60, 40]},
						{"origin": [-4.5, 2.25, 1.25], "size": [1.25, 1.25, 1.25], "uv": [60, 43]}
					]
				},
				{
					"name": "leg3",
					"parent": "body2",
					"pivot": [4.25, 27, 1.75],
					"rotation": [-20, 20, -60],
					"cubes": [
						{"origin": [3, 20, 0.75], "size": [2.25, 8.25, 2.25], "uv": [52, 27]}
					]
				},
				{
					"name": "leg4",
					"parent": "leg3",
					"pivot": [4.25, 21, 0],
					"rotation": [0, 0, -55],
					"cubes": [
						{"origin": [3, 15, 0.75], "size": [2.25, 7.25, 2.25], "uv": [52, 37]}
					]
				},
				{
					"name": "leg5",
					"parent": "leg4",
					"pivot": [4.25, 16, 0],
					"rotation": [0, 0, 100],
					"cubes": [
						{"origin": [3, 6, 0.75], "size": [2.25, 11.25, 2.25], "uv": [60, 27]},
						{"origin": [3.25, 3.5, 1], "size": [1.75, 2.5, 1.75], "uv": [60, 40]},
						{"origin": [3.5, 2.25, 1.25], "size": [1.25, 1.25, 1.25], "uv": [60, 43]}
					]
				},
				{
					"name": "body3",
					"parent": "body2",
					"pivot": [0, 23, 4],
					"cubes": [
						{"origin": [-3, 16, 1], "size": [6, 7, 6], "uv": [0, 71]}
					]
				},
				{
					"name": "leg6",
					"parent": "body3",
					"pivot": [-3, 17.5, 3.75],
					"rotation": [-20, -20, 60],
					"cubes": [
						{"origin": [-4.25, 10.5, 2.75], "size": [2.25, 8.25, 2.25], "uv": [52, 27]}
					]
				},
				{
					"name": "leg7",
					"parent": "leg6",
					"pivot": [-3, 11.5, 2],
					"rotation": [0, 0, 55],
					"cubes": [
						{"origin": [-4.25, 5.5, 2.75], "size": [2.25, 7.25, 2.25], "uv": [52, 37]}
					]
				},
				{
					"name": "leg8",
					"parent": "leg7",
					"pivot": [-3, 6.5, 2],
					"rotation": [0, 0, -100],
					"cubes": [
						{"origin": [-4.25, -3.5, 2.75], "size": [2.25, 11.25, 2.25], "uv": [60, 27]},
						{"origin": [-4, -6, 3], "size": [1.75, 2.5, 1.75], "uv": [60, 40]},
						{"origin": [-3.75, -7.25, 3.25], "size": [1.25, 1.25, 1.25], "uv": [60, 43]}
					]
				},
				{
					"name": "leg9",
					"parent": "body3",
					"pivot": [3.25, 17.5, 3.75],
					"rotation": [-20, 20, -60],
					"cubes": [
						{"origin": [2, 10.5, 2.75], "size": [2.25, 8.25, 2.25], "uv": [52, 27]}
					]
				},
				{
					"name": "leg10",
					"parent": "leg9",
					"pivot": [3.25, 11.5, 2],
					"rotation": [0, 0, -55],
					"cubes": [
						{"origin": [2, 5.5, 2.75], "size": [2.25, 7.25, 2.25], "uv": [52, 37]}
					]
				},
				{
					"name": "leg11",
					"parent": "leg10",
					"pivot": [3.25, 6.5, 2],
					"rotation": [0, 0, 100],
					"cubes": [
						{"origin": [2, -3.5, 2.75], "size": [2.25, 11.25, 2.25], "uv": [60, 27]},
						{"origin": [2.25, -6, 3], "size": [1.75, 2.5, 1.75], "uv": [60, 40]},
						{"origin": [2.5, -7.25, 3.25], "size": [1.25, 1.25, 1.25], "uv": [60, 43]}
					]
				},
				{
					"name": "body4",
					"parent": "body3",
					"pivot": [0, 14, 6],
					"cubes": [
						{"origin": [-2, 12, 4], "size": [4, 4, 8], "uv": [0, 84]}
					]
				},
				{
					"name": "body5",
					"parent": "body4",
					"pivot": [0, 14, 11],
					"rotation": [35, 0, 0],
					"cubes": [
						{"origin": [-2, 12, 10], "size": [4, 4, 8], "uv": [0, 84]}
					]
				},
				{
					"name": "body6",
					"parent": "body5",
					"pivot": [0, 14, 18],
					"rotation": [-35, 0, 0],
					"cubes": [
						{"origin": [-4, 9, 17], "size": [8, 9, 2], "uv": [0, 96]},
						{"origin": [2, 16, 17], "size": [4, 4, 2], "uv": [0, 107]},
						{"origin": [4, 20, 17], "size": [2, 2, 2], "uv": [0, 113]},
						{"origin": [-5, 20, 17], "size": [2, 2, 2], "uv": [0, 113]},
						{"origin": [-5, 16, 17], "size": [4, 4, 2], "uv": [0, 107]},
						{"origin": [-3, 7, 17], "size": [6, 2, 2], "uv": [12, 107]},
						{"origin": [-1, 5, 17], "size": [2, 2, 2], "uv": [12, 111]}
					]
				},
				{
					"name": "mainhand",
					"pivot": [0, 0, 0]
				},
				{
					"name": "fp_rightArm",
					"parent": "mainhand",
					"pivot": [-5, 39, 0],
					"rotation": [95, -40, 130],
					"cubes": [
						{"origin": [-6, 27.5, -1.5], "size": [3, 13, 3], "uv": [40, 27]}
					]
				},
				{
					"name": "fp_rightArm2",
					"parent": "fp_rightArm",
					"pivot": [-5, 29, 0],
					"rotation": [-65, -10, 0],
					"cubes": [
						{"origin": [-6, 17.5, -1.5], "size": [3, 13, 3], "uv": [40, 27]}
					]
				},
				{
					"name": "fp_hand",
					"parent": "fp_rightArm2",
					"pivot": [-5, 29, 0]
				},
				{
					"name": "fp_finger",
					"parent": "fp_hand",
					"pivot": [-4.5, 18, -0.75],
					"rotation": [-45, 0, 0],
					"cubes": [
						{"origin": [-5.25, 15, -1.5], "size": [1.5, 3, 1.5], "uv": [40, 43]}
					]
				},
				{
					"name": "fp_finger2",
					"parent": "fp_finger",
					"pivot": [-4.5, 15.5, -0.75],
					"rotation": [60, 0, 0],
					"cubes": [
						{"origin": [-5.25, 13, -1.5], "size": [1.5, 3, 1.5], "uv": [40, 43]}
					]
				},
				{
					"name": "fp_finger3",
					"parent": "fp_hand",
					"pivot": [-5.25, 18, 0.75],
					"rotation": [60, -50, 0],
					"cubes": [
						{"origin": [-6, 15, 0], "size": [1.5, 3, 1.5], "uv": [40, 43]}
					]
				},
				{
					"name": "fp_finger4",
					"parent": "fp_finger3",
					"pivot": [-5.25, 15.5, 0.75],
					"rotation": [-40, 0, 0],
					"cubes": [
						{"origin": [-6, 13, 0], "size": [1.5, 3, 1.5], "uv": [40, 43]}
					]
				},
				{
					"name": "fp_finger5",
					"parent": "fp_hand",
					"pivot": [-4, 18, 0.75],
					"rotation": [60, 45, 0],
					"cubes": [
						{"origin": [-4.5, 15, 0], "size": [1.5, 3, 1.5], "uv": [40, 43]}
					]
				},
				{
					"name": "fp_finger6",
					"parent": "fp_finger5",
					"pivot": [-3.75, 15.5, 0.75],
					"rotation": [-60, 0, 0],
					"cubes": [
						{"origin": [-4.5, 13, 0], "size": [1.5, 3, 1.5], "uv": [40, 43]}
					]
				},
				{
					"name": "offhand",
					"pivot": [0, 0, 0]
				},
				{
					"name": "fp_leftArm",
					"parent": "offhand",
					"pivot": [4, 39, 0],
					"rotation": [95, 40, -130],
					"cubes": [
						{"origin": [3, 27.5, -1.5], "size": [3, 13, 3], "uv": [40, 27]}
					]
				},
				{
					"name": "fp_leftArm2",
					"parent": "fp_leftArm",
					"pivot": [4, 29, 0],
					"rotation": [-65, 10, 0],
					"cubes": [
						{"origin": [3, 17.5, -1.5], "size": [3, 13, 3], "uv": [40, 27]}
					]
				},
				{
					"name": "fp_hand2",
					"parent": "fp_leftArm2",
					"pivot": [5.5, 29, 0]
				},
				{
					"name": "fp_finger7",
					"parent": "fp_hand2",
					"pivot": [4.75, 18, -0.75],
					"rotation": [-45, 0, 0],
					"cubes": [
						{"origin": [4, 15, -1.5], "size": [1.5, 3, 1.5], "uv": [40, 43]}
					]
				},
				{
					"name": "fp_finger8",
					"parent": "fp_finger7",
					"pivot": [4.75, 15.5, -0.75],
					"rotation": [60, 0, 0],
					"cubes": [
						{"origin": [4, 13, -1.5], "size": [1.5, 3, 1.5], "uv": [40, 43]}
					]
				},
				{
					"name": "fp_finger9",
					"parent": "fp_hand2",
					"pivot": [5.25, 18, 0.75],
					"rotation": [70, 40, 0],
					"cubes": [
						{"origin": [4.5, 15, 0], "size": [1.5, 3, 1.5], "uv": [40, 43]}
					]
				},
				{
					"name": "fp_finger10",
					"parent": "fp_finger9",
					"pivot": [5.25, 15.5, 0.75],
					"rotation": [-65, 0, 0],
					"cubes": [
						{"origin": [4.5, 13, 0], "size": [1.5, 3, 1.5], "uv": [40, 43]}
					]
				},
				{
					"name": "fp_finger11",
					"parent": "fp_hand2",
					"pivot": [3.5, 18, 0.75],
					"rotation": [50, -45, 0],
					"cubes": [
						{"origin": [3, 15, 0], "size": [1.5, 3, 1.5], "uv": [40, 43]}
					]
				},
				{
					"name": "fp_finger12",
					"parent": "fp_finger11",
					"pivot": [3.75, 15.5, 0.75],
					"rotation": [-50, 0, 0],
					"cubes": [
						{"origin": [3, 13, 0], "size": [1.5, 3, 1.5], "uv": [40, 43]}
					]
				},
				{
					"name": "fp_body2",
					"pivot": [0, 47, 2],
					"rotation": [-180, 0, 180],
					"cubes": [
						{"origin": [-4, 39, -2], "size": [8, 9, 8], "uv": [0, 54]}
					]
				},
				{
					"name": "leg12",
					"parent": "fp_body2",
					"pivot": [-3.75, 43, 1.75],
					"rotation": [-20, -20, 60],
					"cubes": [
						{"origin": [-5, 36, 0.75], "size": [2.25, 8.25, 2.25], "uv": [52, 27]}
					]
				},
				{
					"name": "leg13",
					"parent": "leg12",
					"pivot": [-3.75, 37, 0],
					"rotation": [0, 0, 55],
					"cubes": [
						{"origin": [-5, 31, 0.75], "size": [2.25, 7.25, 2.25], "uv": [52, 37]}
					]
				},
				{
					"name": "leg14",
					"parent": "leg13",
					"pivot": [-3.75, 32, 0],
					"rotation": [0, 0, -100],
					"cubes": [
						{"origin": [-5, 22, 0.75], "size": [2.25, 11.25, 2.25], "uv": [60, 27]},
						{"origin": [-4.75, 19.5, 1], "size": [1.75, 2.5, 1.75], "uv": [60, 40]},
						{"origin": [-4.5, 18.25, 1.25], "size": [1.25, 1.25, 1.25], "uv": [60, 43]}
					]
				},
				{
					"name": "leg15",
					"parent": "fp_body2",
					"pivot": [4.25, 43, 1.75],
					"rotation": [-20, 20, -60],
					"cubes": [
						{"origin": [3, 36, 0.75], "size": [2.25, 8.25, 2.25], "uv": [52, 27]}
					]
				},
				{
					"name": "leg16",
					"parent": "leg15",
					"pivot": [4.25, 37, 0],
					"rotation": [0, 0, -55],
					"cubes": [
						{"origin": [3, 31, 0.75], "size": [2.25, 7.25, 2.25], "uv": [52, 37]}
					]
				},
				{
					"name": "leg17",
					"parent": "leg16",
					"pivot": [4.25, 32, 0],
					"rotation": [0, 0, 100],
					"cubes": [
						{"origin": [3, 22, 0.75], "size": [2.25, 11.25, 2.25], "uv": [60, 27]},
						{"origin": [3.25, 19.5, 1], "size": [1.75, 2.5, 1.75], "uv": [60, 40]},
						{"origin": [3.5, 18.25, 1.25], "size": [1.25, 1.25, 1.25], "uv": [60, 43]}
					]
				},
				{
					"name": "body8",
					"parent": "fp_body2",
					"pivot": [0, 39, 4],
					"cubes": [
						{"origin": [-3, 32, 1], "size": [6, 7, 6], "uv": [0, 71]}
					]
				},
				{
					"name": "leg18",
					"parent": "body8",
					"pivot": [-3, 33.5, 3.75],
					"rotation": [-20, -20, 60],
					"cubes": [
						{"origin": [-4.25, 26.5, 2.75], "size": [2.25, 8.25, 2.25], "uv": [52, 27]}
					]
				},
				{
					"name": "leg19",
					"parent": "leg18",
					"pivot": [-3, 27.5, 2],
					"rotation": [0, 0, 55],
					"cubes": [
						{"origin": [-4.25, 21.5, 2.75], "size": [2.25, 7.25, 2.25], "uv": [52, 37]}
					]
				},
				{
					"name": "leg20",
					"parent": "leg19",
					"pivot": [-3, 22.5, 2],
					"rotation": [0, 0, -100],
					"cubes": [
						{"origin": [-4.25, 12.5, 2.75], "size": [2.25, 11.25, 2.25], "uv": [60, 27]},
						{"origin": [-4, 10, 3], "size": [1.75, 2.5, 1.75], "uv": [60, 40]},
						{"origin": [-3.75, 8.75, 3.25], "size": [1.25, 1.25, 1.25], "uv": [60, 43]}
					]
				},
				{
					"name": "leg21",
					"parent": "body8",
					"pivot": [3.25, 33.5, 3.75],
					"rotation": [-20, 20, -60],
					"cubes": [
						{"origin": [2, 26.5, 2.75], "size": [2.25, 8.25, 2.25], "uv": [52, 27]}
					]
				},
				{
					"name": "leg22",
					"parent": "leg21",
					"pivot": [3.25, 27.5, 2],
					"rotation": [0, 0, -55],
					"cubes": [
						{"origin": [2, 21.5, 2.75], "size": [2.25, 7.25, 2.25], "uv": [52, 37]}
					]
				},
				{
					"name": "leg23",
					"parent": "leg22",
					"pivot": [3.25, 22.5, 2],
					"rotation": [0, 0, 100],
					"cubes": [
						{"origin": [2, 12.5, 2.75], "size": [2.25, 11.25, 2.25], "uv": [60, 27]},
						{"origin": [2.25, 10, 3], "size": [1.75, 2.5, 1.75], "uv": [60, 40]},
						{"origin": [2.5, 8.75, 3.25], "size": [1.25, 1.25, 1.25], "uv": [60, 43]}
					]
				},
				{
					"name": "body9",
					"parent": "body8",
					"pivot": [0, 30, 6],
					"cubes": [
						{"origin": [-2, 28, 4], "size": [4, 4, 8], "uv": [0, 84]}
					]
				},
				{
					"name": "body10",
					"parent": "body9",
					"pivot": [0, 30, 11],
					"rotation": [35, 0, 0],
					"cubes": [
						{"origin": [-2, 28, 10], "size": [4, 4, 8], "uv": [0, 84]}
					]
				},
				{
					"name": "body11",
					"parent": "body10",
					"pivot": [0, 30, 18],
					"rotation": [-35, 0, 0],
					"cubes": [
						{"origin": [-4, 25, 17], "size": [8, 9, 2], "uv": [0, 96]},
						{"origin": [2, 32, 17], "size": [4, 4, 2], "uv": [0, 107]},
						{"origin": [4, 36, 17], "size": [2, 2, 2], "uv": [0, 113]},
						{"origin": [-5, 36, 17], "size": [2, 2, 2], "uv": [0, 113]},
						{"origin": [-5, 32, 17], "size": [4, 4, 2], "uv": [0, 107]},
						{"origin": [-3, 23, 17], "size": [6, 2, 2], "uv": [12, 107]},
						{"origin": [-1, 21, 17], "size": [2, 2, 2], "uv": [12, 111]}
					]
				}
			]
		}
	]
}