{
	"format_version": "1.12.0",
	"minecraft:geometry": [
		{
			"description": {
				"identifier": "geometry.upchuck.player",
				"texture_width": 128,
				"texture_height": 128,
				"visible_bounds_width": 5,
				"visible_bounds_height": 4.5,
				"visible_bounds_offset": [0, 1.75, 0]
			},
			"bones": [
				{
					"name": "whole",
					"pivot": [0, 0, 0],
					"locators": {
						"transpar": [0, 17, 0]
					}
				},
				{
					"name": "u_body",
					"parent": "whole",
					"pivot": [0, 6, -1],
					"cubes": [
						{"origin": [-6, 5, -6], "size": [12, 15, 12], "uv": [0, 35]},
						{"origin": [-4, 8, -7], "size": [8, 10, 1], "uv": [0, 62]},
						{"origin": [-4, 6, 6], "size": [8, 9, 2], "uv": [32, 62]},
						{"origin": [-3, 9, -8], "size": [6, 8, 1], "uv": [18, 62]}
					]
				},
				{
					"name": "u_head",
					"parent": "u_body",
					"pivot": [0, 25, -1]
				},
				{
					"name": "upper_jaw",
					"parent": "u_head",
					"pivot": [0, 23, 4],
					"rotation": [-8, 0, 0],
					"cubes": [
						{"origin": [-4.8125, 23, -5.9375], "size": [10, 12, 10], "uv": [0, 0]},
						{"origin": [-3.8125, 35, -4.9375], "size": [8, 1, 8], "uv": [78, 0]},
						{"origin": [3.1875, 33, 4.0625], "size": [2, 2, 2], "uv": [0, 0]},
						{"origin": [-4.8125, 33, 4.0625], "size": [2, 2, 2], "uv": [0, 0]},
						{"origin": [-4.8125, 29, 4.0625], "size": [2, 2, 2], "uv": [0, 0]},
						{"origin": [-4.8125, 25, 4.0625], "size": [2, 2, 2], "uv": [0, 0]},
						{"origin": [3.1875, 29, 4.0625], "size": [2, 2, 2], "uv": [0, 0]},
						{"origin": [3.1875, 25, 4.0625], "size": [2, 2, 2], "uv": [0, 0]}
					]
				},
				{
					"name": "teeth1",
					"parent": "upper_jaw",
					"pivot": [0, 23.5, 4],
					"cubes": [
						{"origin": [-3.75, 21.5, -5.75], "size": [1, 2, 1], "uv": [0, 111]}
					]
				},
				{
					"name": "teeth2",
					"parent": "upper_jaw",
					"pivot": [1.25, 24, 4],
					"cubes": [
						{"origin": [-2.5, 22, -5.75], "size": [1, 2, 1], "uv": [0, 111]}
					]
				},
				{
					"name": "teeth3",
					"parent": "upper_jaw",
					"pivot": [7.25, 24, 4],
					"cubes": [
						{"origin": [3.5, 22, -5.75], "size": [1, 2, 1], "uv": [0, 111]}
					]
				},
				{
					"name": "lower_jaw",
					"parent": "u_head",
					"pivot": [0, 23, 4],
					"rotation": [8, 0, 0],
					"cubes": [
						{"origin": [-4.8125, 20, -5.9375], "size": [10, 3, 10], "uv": [0, 22]}
					]
				},
				{
					"name": "teeth4",
					"parent": "lower_jaw",
					"pivot": [-0.75, 24, 4],
					"cubes": [
						{"origin": [-4.5, 22, -5.75], "size": [1, 2, 1], "uv": [0, 111]}
					]
				},
				{
					"name": "teeth11",
					"parent": "lower_jaw",
					"pivot": [-0.75, 24, 5.25],
					"cubes": [
						{"origin": [-4.5, 22, -4.5], "size": [1, 2, 1], "uv": [0, 111]}
					]
				},
				{
					"name": "teeth12",
					"parent": "lower_jaw",
					"pivot": [-0.75, 24, 6.5],
					"cubes": [
						{"origin": [-4.5, 22, -3.25], "size": [1, 2, 1], "uv": [0, 111]}
					]
				},
				{
					"name": "teeth13",
					"parent": "lower_jaw",
					"pivot": [-0.75, 24, 7.75],
					"cubes": [
						{"origin": [-4.5, 22, -2], "size": [1, 2, 1], "uv": [0, 111]}
					]
				},
				{
					"name": "teeth14",
					"parent": "lower_jaw",
					"pivot": [-0.75, 24, 9],
					"cubes": [
						{"origin": [-4.5, 22, -0.75], "size": [1, 2, 1], "uv": [0, 111]}
					]
				},
				{
					"name": "teeth15",
					"parent": "lower_jaw",
					"pivot": [-0.75, 24, 10.25],
					"cubes": [
						{"origin": [-4.5, 22, 0.5], "size": [1, 2, 1], "uv": [0, 111]}
					]
				},
				{
					"name": "teeth5",
					"parent": "lower_jaw",
					"pivot": [0.75, 24, 4],
					"cubes": [
						{"origin": [-3, 22, -5.75], "size": [1, 2, 1], "uv": [0, 111]}
					]
				},
				{
					"name": "teeth6",
					"parent": "lower_jaw",
					"pivot": [2, 24, 4],
					"cubes": [
						{"origin": [-1.75, 22, -5.75], "size": [1, 2, 1], "uv": [0, 111]}
					]
				},
				{
					"name": "teeth7",
					"parent": "lower_jaw",
					"pivot": [3, 24, 4],
					"cubes": [
						{"origin": [-0.5, 22, -5.75], "size": [1, 2, 1], "uv": [0, 111]}
					]
				},
				{
					"name": "teeth8",
					"parent": "lower_jaw",
					"pivot": [4.75, 24, 4],
					"cubes": [
						{"origin": [1, 22, -5.75], "size": [1, 2, 1], "uv": [0, 111]}
					]
				},
				{
					"name": "teeth9",
					"parent": "lower_jaw",
					"pivot": [6.25, 24, 4],
					"cubes": [
						{"origin": [2.5, 22, -5.75], "size": [1, 2, 1], "uv": [0, 111]}
					]
				},
				{
					"name": "teeth10",
					"parent": "lower_jaw",
					"pivot": [7.5, 24, 4],
					"cubes": [
						{"origin": [3.75, 22, -5.75], "size": [1, 2, 1], "uv": [0, 111]}
					]
				},
				{
					"name": "teeth19",
					"parent": "lower_jaw",
					"pivot": [7.5, 24, 5.25],
					"cubes": [
						{"origin": [3.75, 22, -4.5], "size": [1, 2, 1], "uv": [0, 111]}
					]
				},
				{
					"name": "teeth20",
					"parent": "lower_jaw",
					"pivot": [7.5, 24, 6.5],
					"cubes": [
						{"origin": [3.75, 22, -3.25], "size": [1, 2, 1], "uv": [0, 111]}
					]
				},
				{
					"name": "teeth21",
					"parent": "lower_jaw",
					"pivot": [7.5, 24, 7.75],
					"cubes": [
						{"origin": [3.75, 22, -2], "size": [1, 2, 1], "uv": [0, 111]}
					]
				},
				{
					"name": "teeth22",
					"parent": "lower_jaw",
					"pivot": [7.5, 24, 9],
					"cubes": [
						{"origin": [3.75, 22, -0.75], "size": [1, 2, 1], "uv": [0, 111]}
					]
				},
				{
					"name": "teeth23",
					"parent": "lower_jaw",
					"pivot": [7.5, 24, 10.25],
					"cubes": [
						{"origin": [3.75, 22, 0.5], "size": [1, 2, 1], "uv": [0, 111]}
					]
				},
				{
					"name": "tongue1",
					"parent": "lower_jaw",
					"pivot": [0.25, 22.5, 4],
					"rotation": [-10, 0, 0],
					"cubes": [
						{"origin": [-0.25, 22, -2], "size": [1, 1, 6], "uv": [64, 0]}
					]
				},
				{
					"name": "tongue2",
					"parent": "lower_jaw",
					"pivot": [-2, 22.5, 4],
					"rotation": [-10, 0, 0],
					"cubes": [
						{"origin": [-2.5, 22, -2], "size": [1, 1, 6], "uv": [64, 0]}
					]
				},
				{
					"name": "tongue3",
					"parent": "lower_jaw",
					"pivot": [2.5, 22.5, 4],
					"rotation": [-10, 0, 0],
					"cubes": [
						{"origin": [2, 22, -2], "size": [1, 1, 6], "uv": [64, 0]}
					]
				},
				{
					"name": "u_rightArm",
					"parent": "u_body",
					"pivot": [-6, 19, 0],
					"rotation": [0, 0, 20],
					"cubes": [
						{"origin": [-7.5, 7, -2], "size": [3, 13, 4], "uv": [0, 73]}
					]
				},
				{
					"name": "joint1",
					"parent": "u_rightArm",
					"pivot": [-7, 7.5, 1.5],
					"rotation": [15, 0, 0],
					"cubes": [
						{"origin": [-7.25, 4, 1], "size": [1, 4, 1], "uv": [0, 90]}
					]
				},
				{
					"name": "joint2",
					"parent": "u_rightArm",
					"pivot": [-7, 7.5, 0.5],
					"rotation": [5, 0, 0],
					"cubes": [
						{"origin": [-7.25, 4, 0], "size": [1, 4, 1], "uv": [0, 90]}
					]
				},
				{
					"name": "joint3",
					"parent": "u_rightArm",
					"pivot": [-7, 7.5, -0.5],
					"rotation": [-5, 0, 0],
					"cubes": [
						{"origin": [-7.25, 4, -1], "size": [1, 4, 1], "uv": [0, 90]}
					]
				},
				{
					"name": "joint4",
					"parent": "u_rightArm",
					"pivot": [-7, 7.5, -1.5],
					"rotation": [-15, 0, 0],
					"cubes": [
						{"origin": [-7.25, 4, -2], "size": [1, 4, 1], "uv": [0, 90]}
					]
				},
				{
					"name": "u_leftArm",
					"parent": "u_body",
					"pivot": [6, 19, 0],
					"rotation": [0, 0, -20],
					"cubes": [
						{"origin": [4.5, 7, -2], "size": [3, 13, 4], "uv": [0, 73], "mirror": true}
					]
				},
				{
					"name": "joint5",
					"parent": "u_leftArm",
					"pivot": [6.75, 7.5, 1.5],
					"rotation": [15, 0, 0],
					"cubes": [
						{"origin": [6.25, 4, 1], "size": [1, 4, 1], "uv": [0, 90]}
					]
				},
				{
					"name": "joint6",
					"parent": "u_leftArm",
					"pivot": [6.75, 7.5, 0.5],
					"rotation": [5, 0, 0],
					"cubes": [
						{"origin": [6.25, 4, 0], "size": [1, 4, 1], "uv": [0, 90]}
					]
				},
				{
					"name": "joint7",
					"parent": "u_leftArm",
					"pivot": [6.75, 7.5, -0.5],
					"rotation": [-5, 0, 0],
					"cubes": [
						{"origin": [6.25, 4, -1], "size": [1, 4, 1], "uv": [0, 90]}
					]
				},
				{
					"name": "joint8",
					"parent": "u_leftArm",
					"pivot": [6.75, 7.5, -1.5],
					"rotation": [-15, 0, 0],
					"cubes": [
						{"origin": [6.25, 4, -2], "size": [1, 4, 1], "uv": [0, 90]}
					]
				},
				{
					"name": "omnitrix",
					"parent": "u_leftArm",
					"pivot": [6, 19, 0],
					"cubes": [
						{"origin": [7.25, 11, -1], "size": [1, 2, 2], "inflate": 0.4, "uv": [0, 4]}
					]
				},
				{
					"name": "tail1",
					"parent": "u_body",
					"pivot": [0, 8, 5.5],
					"rotation": [32.5, 0, 0],
					"cubes": [
						{"origin": [-2, 6, 5], "size": [4, 4, 8], "uv": [40, 0]}
					]
				},
				{
					"name": "tail2",
					"parent": "tail1",
					"pivot": [-0.5, 8, 12],
					"rotation": [-52.5, 0, 0],
					"cubes": [
						{"origin": [-1.5, 6.5, 11], "size": [3, 3, 8], "uv": [40, 12]}
					]
				},
				{
					"name": "tail3",
					"parent": "tail2",
					"pivot": [-1, 8, 18],
					"rotation": [-42.5, 0, 0],
					"cubes": [
						{"origin": [-1, 7, 17], "size": [2, 2, 8], "uv": [40, 23]}
					]
				},
				{
					"name": "tail4",
					"parent": "tail3",
					"pivot": [0, 8, 24.5],
					"rotation": [67.5, 0, 0],
					"cubes": [
						{"origin": [-0.5, 7.5, 24], "size": [1, 1, 5], "uv": [40, 33]}
					]
				},
				{
					"name": "food",
					"parent": "u_body",
					"pivot": [0, 6, -1],
					"cubes": [
						{"origin": [-2, 10, -8.25], "size": [4, 4, 1], "uv": [30, 0]}
					]
				},
				{
					"name": "u_rightLeg",
					"parent": "whole",
					"pivot": [-4, 5.5, 0],
					"cubes": [
						{"origin": [-6, 0, -2], "size": [4, 6, 4], "uv": [0, 95]},
						{"origin": [-4.5, 0, -6], "size": [1, 1, 5], "uv": [0, 105]},
						{"origin": [-6, 0, -6], "size": [1, 1, 5], "pivot": [-5.5, 0.5, -1.5], "rotation": [0, 15, 0], "uv": [0, 105]},
						{"origin": [-3, 0, -6], "size": [1, 1, 5], "pivot": [-2.5, 0.5, -1.5], "rotation": [0, -15, 0], "uv": [0, 105]}
					]
				},
				{
					"name": "u_leftLeg",
					"parent": "whole",
					"pivot": [4, 5.5, 0],
					"cubes": [
						{"origin": [2, 0, -2], "size": [4, 6, 4], "uv": [0, 95]},
						{"origin": [3.5, 0, -6], "size": [1, 1, 5], "uv": [0, 105]},
						{"origin": [2, 0, -6], "size": [1, 1, 5], "pivot": [2.5, 0.5, -1.5], "rotation": [0, 15, 0], "uv": [0, 105]},
						{"origin": [5, 0, -6], "size": [1, 1, 5], "pivot": [5.5, 0.5, -1.5], "rotation": [0, -15, 0], "uv": [0, 105]}
					]
				},
				{
					"name": "mainhand",
					"pivot": [0, 0, 0]
				},
				{
					"name": "fp_rightArm",
					"parent": "mainhand",
					"pivot": [10, 44, 12],
					"rotation": [-137.5, -137.5, -67.5],
					"cubes": [
						{"origin": [8.5, 32, 10], "size": [3, 13, 4], "uv": [0, 73]}
					]
				},
				{
					"name": "joint9",
					"parent": "fp_rightArm",
					"pivot": [9, 32.5, 13.5],
					"rotation": [15, 0, 0],
					"cubes": [
						{"origin": [8.75, 29, 13], "size": [1, 4, 1], "uv": [0, 90]}
					]
				},
				{
					"name": "joint10",
					"parent": "fp_rightArm",
					"pivot": [9, 32.5, 12.5],
					"rotation": [5, 0, 0],
					"cubes": [
						{"origin": [8.75, 29, 12], "size": [1, 4, 1], "uv": [0, 90]}
					]
				},
				{
					"name": "joint11",
					"parent": "fp_rightArm",
					"pivot": [9, 32.5, 11.5],
					"rotation": [-5, 0, 0],
					"cubes": [
						{"origin": [8.75, 29, 11], "size": [1, 4, 1], "uv": [0, 90]}
					]
				},
				{
					"name": "joint12",
					"parent": "fp_rightArm",
					"pivot": [9, 32.5, 10.5],
					"rotation": [-15, 0, 0],
					"cubes": [
						{"origin": [8.75, 29, 10], "size": [1, 4, 1], "uv": [0, 90]}
					]
				}
			]
		}
	]
}