{
	"format_version": "1.12.0",
	"minecraft:geometry": [
		{
			"description": {
				"identifier": "geometry.upgrade.player",
				"texture_width": 128,
				"texture_height": 128,
				"visible_bounds_width": 9,
				"visible_bounds_height": 6.5,
				"visible_bounds_offset": [0, 2.75, 0]
			},
			"bones": [
				{
					"name": "whole",
					"pivot": [0, 0, 1.5],
					"cubes": [
						{"origin": [-9.5, 41.75, -3], "size": [19, 10, 9], "uv": [0, 64]},
						{"origin": [-2, 44.75, -4], "size": [4, 4, 1], "uv": [0, 0]},
						{"origin": [-8.5, 25.75, -2.5], "size": [17, 16, 8], "uv": [0, 83]}
					]
				},
				{
					"name": "body_upper",
					"parent": "whole",
					"pivot": [0, 49.75, 1.5],
					"cubes": [
						{"origin": [-11, 48.75, -3.5], "size": [22, 10, 10], "uv": [0, 44]}
					]
				},
				{
					"name": "u_head",
					"parent": "body_upper",
					"pivot": [0, 64.25, 1.5],
					"cubes": [
						{"origin": [-5, 58.75, -3.5], "size": [10, 10, 10], "uv": [0, 0]},
						{"origin": [-4, 68.75, -2.5], "size": [8, 3, 8], "uv": [0, 20]},
						{"origin": [-3, 71.75, -1.5], "size": [6, 2, 6], "uv": [0, 31]},
						{"origin": [-2, 73.75, -0.5], "size": [4, 1, 4], "uv": [0, 39]}
					]
				},
				{
					"name": "u_rightArm",
					"parent": "body_upper",
					"pivot": [-9.25, 59.25, 1.5],
					"rotation": [12.5, 0, 15],
					"cubes": [
						{"origin": [-13.12864, 34.70659, -4.06149], "size": [8, 24, 8], "uv": [40, 0]}
					]
				},
				{
					"name": "rightArm2",
					"parent": "u_rightArm",
					"pivot": [-9.12864, 38.70659, -0.06149],
					"rotation": [-20, 0, 0],
					"cubes": [
						{"origin": [-13.12864, 17.70659, -4.06149], "size": [8, 24, 8], "uv": [72, 0]}
					]
				},
				{
					"name": "hand1",
					"parent": "rightArm2",
					"pivot": [-9.12864, 38.70659, -0.06149]
				},
				{
					"name": "joint1",
					"parent": "hand1",
					"pivot": [-12.62864, 18.20659, 2.93851],
					"rotation": [13.9042, -5.68422, 21.80633],
					"cubes": [
						{"origin": [-13.12864, 12.70659, 1.93851], "size": [1, 6, 2], "uv": [104, 0]}
					]
				},
				{
					"name": "joint2",
					"parent": "joint1",
					"pivot": [-12.62864, 13.20659, 2.93851],
					"rotation": [0, 0, -32.5],
					"cubes": [
						{"origin": [-13.12864, 9.70659, 1.93851], "size": [1, 4, 2], "uv": [110, 0]}
					]
				},
				{
					"name": "joint3",
					"parent": "joint2",
					"pivot": [-12.62864, 10.20659, 2.93851],
					"rotation": [0, 0, -27.5],
					"cubes": [
						{"origin": [-13.12864, 7.70659, 1.93851], "size": [1, 3, 2], "uv": [116, 0]}
					]
				},
				{
					"name": "joint4",
					"parent": "hand1",
					"pivot": [-12.62864, 18.20659, -0.06149],
					"rotation": [0, 0, 20],
					"cubes": [
						{"origin": [-13.12864, 12.70659, -1.06149], "size": [1, 6, 2], "uv": [104, 0]}
					]
				},
				{
					"name": "joint5",
					"parent": "joint4",
					"pivot": [-12.62864, 13.20659, -0.06149],
					"rotation": [0, 0, -25],
					"cubes": [
						{"origin": [-13.12864, 9.70659, -1.06149], "size": [1, 4, 2], "uv": [110, 0]}
					]
				},
				{
					"name": "joint6",
					"parent": "joint5",
					"pivot": [-12.62864, 10.20659, -0.06149],
					"rotation": [0, 0, -27.5],
					"cubes": [
						{"origin": [-13.12864, 7.70659, -1.06149], "size": [1, 3, 2], "uv": [116, 0]}
					]
				},
				{
					"name": "joint7",
					"parent": "hand1",
					"pivot": [-12.62864, 18.20659, -3.06149],
					"rotation": [-16.50371, 5.90316, 19.14314],
					"cubes": [
						{"origin": [-13.12864, 12.70659, -4.06149], "size": [1, 6, 2], "uv": [104, 0]}
					]
				},
				{
					"name": "joint8",
					"parent": "joint7",
					"pivot": [-12.62864, 13.20659, -3.06149],
					"rotation": [0, 0, -25],
					"cubes": [
						{"origin": [-13.12864, 9.70659, -4.06149], "size": [1, 4, 2], "uv": [110, 0]}
					]
				},
				{
					"name": "joint9",
					"parent": "joint8",
					"pivot": [-12.62864, 10.20659, -3.06149],
					"rotation": [0, 0, -30],
					"cubes": [
						{"origin": [-13.12864, 7.70659, -4.06149], "size": [1, 3, 2], "uv": [116, 0]}
					]
				},
				{
					"name": "joint10",
					"parent": "hand1",
					"pivot": [-5.62864, 18.20659, -3.06149],
					"rotation": [-14.13272, -5.07855, -19.37006],
					"cubes": [
						{"origin": [-6.12864, 12.70659, -4.06149], "size": [1, 6, 2], "uv": [104, 0], "mirror": true}
					]
				},
				{
					"name": "joint11",
					"parent": "joint10",
					"pivot": [-5.62864, 13.20659, -3.06149],
					"rotation": [0, 0, 30],
					"cubes": [
						{"origin": [-6.12864, 9.70659, -4.06149], "size": [1, 4, 2], "uv": [110, 0], "mirror": true}
					]
				},
				{
					"name": "joint12",
					"parent": "joint11",
					"pivot": [-5.62864, 10.20659, -3.06149],
					"rotation": [0, 0, 40],
					"cubes": [
						{"origin": [-6.12864, 7.70659, -4.06149], "size": [1, 3, 2], "uv": [116, 0], "mirror": true}
					]
				},
				{
					"name": "u_leftArm",
					"parent": "body_upper",
					"pivot": [10, 59.5, 1.5],
					"rotation": [12.5, 0, -15],
					"cubes": [
						{"origin": [5.08949, 34.91035, -4.07174], "size": [8, 24, 8], "uv": [40, 0], "mirror": true}
					]
				},
				{
					"name": "leftArm2",
					"parent": "u_leftArm",
					"pivot": [9.08949, 38.91035, -0.07174],
					"rotation": [-20, 0, 0],
					"cubes": [
						{"origin": [5.08949, 17.91035, -4.07174], "size": [8, 24, 8], "uv": [72, 0], "mirror": true}
					]
				},
				{
					"name": "hand2",
					"parent": "leftArm2",
					"pivot": [9.08949, 38.91035, -0.07174]
				},
				{
					"name": "joint13",
					"parent": "hand2",
					"pivot": [12.58949, 18.41035, 2.92826],
					"rotation": [13.9042, 5.68422, -21.80633],
					"cubes": [
						{"origin": [12.08949, 12.91035, 1.92826], "size": [1, 6, 2], "uv": [104, 0], "mirror": true}
					]
				},
				{
					"name": "joint14",
					"parent": "joint13",
					"pivot": [12.58949, 13.41035, 2.92826],
					"rotation": [0, 0, 32.5],
					"cubes": [
						{"origin": [12.08949, 9.91035, 1.92826], "size": [1, 4, 2], "uv": [110, 0], "mirror": true}
					]
				},
				{
					"name": "joint15",
					"parent": "joint14",
					"pivot": [12.58949, 10.41035, 2.92826],
					"rotation": [0, 0, 30],
					"cubes": [
						{"origin": [12.08949, 7.91035, 1.92826], "size": [1, 3, 2], "uv": [116, 0], "mirror": true}
					]
				},
				{
					"name": "joint16",
					"parent": "hand2",
					"pivot": [12.58949, 18.41035, -0.07174],
					"rotation": [0, 0, -20],
					"cubes": [
						{"origin": [12.08949, 12.91035, -1.07174], "size": [1, 6, 2], "uv": [104, 0], "mirror": true}
					]
				},
				{
					"name": "joint17",
					"parent": "joint16",
					"pivot": [12.58949, 13.41035, -0.07174],
					"rotation": [0, 0, 25],
					"cubes": [
						{"origin": [12.08949, 9.91035, -1.07174], "size": [1, 4, 2], "uv": [110, 0], "mirror": true}
					]
				},
				{
					"name": "joint18",
					"parent": "joint17",
					"pivot": [12.58949, 10.41035, -0.07174],
					"rotation": [0, 0, 32.5],
					"cubes": [
						{"origin": [12.08949, 7.91035, -1.07174], "size": [1, 3, 2], "uv": [116, 0], "mirror": true}
					]
				},
				{
					"name": "joint19",
					"parent": "hand2",
					"pivot": [12.58949, 18.41035, -3.07174],
					"rotation": [-11.93845, -3.73171, -17.10967],
					"cubes": [
						{"origin": [12.08949, 12.91035, -4.07174], "size": [1, 6, 2], "uv": [104, 0], "mirror": true}
					]
				},
				{
					"name": "joint20",
					"parent": "joint19",
					"pivot": [12.58949, 13.41035, -3.07174],
					"rotation": [0, 0, 25],
					"cubes": [
						{"origin": [12.08949, 9.91035, -4.07174], "size": [1, 4, 2], "uv": [110, 0], "mirror": true}
					]
				},
				{
					"name": "joint21",
					"parent": "joint20",
					"pivot": [12.58949, 10.41035, -3.07174],
					"rotation": [0, 0, 32.5],
					"cubes": [
						{"origin": [12.08949, 7.91035, -4.07174], "size": [1, 3, 2], "uv": [116, 0], "mirror": true}
					]
				},
				{
					"name": "joint22",
					"parent": "hand2",
					"pivot": [5.58949, 18.41035, -3.07174],
					"rotation": [-11.93845, 3.73171, 17.10967],
					"cubes": [
						{"origin": [5.08949, 12.91035, -4.07174], "size": [1, 6, 2], "uv": [104, 0]}
					]
				},
				{
					"name": "joint23",
					"parent": "joint22",
					"pivot": [5.58949, 13.41035, -3.07174],
					"rotation": [0, 0, -17.5],
					"cubes": [
						{"origin": [5.08949, 9.91035, -4.07174], "size": [1, 4, 2], "uv": [110, 0]}
					]
				},
				{
					"name": "joint24",
					"parent": "joint23",
					"pivot": [5.58949, 10.41035, -3.07174],
					"rotation": [0, 0, -35],
					"cubes": [
						{"origin": [5.08949, 7.91035, -4.07174], "size": [1, 3, 2], "uv": [116, 0]}
					]
				},
				{
					"name": "u_rightLeg",
					"parent": "whole",
					"pivot": [-5, 26.75, 1.5],
					"rotation": [-5, 0, 5],
					"cubes": [
						{"origin": [-8.5, 12.75, -2], "size": [7, 16, 7], "uv": [64, 32]}
					]
				},
				{
					"name": "rightLeg2",
					"parent": "u_rightLeg",
					"pivot": [-5, 13.75, 1.5],
					"rotation": [10, 0, 0],
					"cubes": [
						{"origin": [-8.5, -0.25, -2], "size": [7, 16, 7], "uv": [64, 32]}
					]
				},
				{
					"name": "foot1",
					"parent": "rightLeg2",
					"pivot": [-5, 13.75, 1.5],
					"cubes": [
						{"origin": [-8.5, -0.25, -4], "size": [7, 5, 2], "uv": [0, 107]},
						{"origin": [-8.5, -0.25, -5], "size": [7, 4, 1], "uv": [0, 107]}
					]
				},
				{
					"name": "u_leftLeg",
					"parent": "whole",
					"pivot": [5, 26.75, 1.5],
					"rotation": [-5, 0, -5],
					"cubes": [
						{"origin": [1.5, 12.75, -2], "size": [7, 16, 7], "uv": [64, 32], "mirror": true}
					]
				},
				{
					"name": "leftLeg2",
					"parent": "u_leftLeg",
					"pivot": [5, 13.75, 1.5],
					"rotation": [10, 0, 0],
					"cubes": [
						{"origin": [1.5, -0.25, -2], "size": [7, 16, 7], "uv": [64, 32], "mirror": true}
					]
				},
				{
					"name": "foot2",
					"parent": "leftLeg2",
					"pivot": [5, 13.75, 1.5],
					"cubes": [
						{"origin": [1.5, -0.25, -4], "size": [7, 5, 2], "uv": [0, 107], "mirror": true},
						{"origin": [1.5, -0.25, -5], "size": [7, 4, 1], "uv": [0, 107], "mirror": true}
					]
				},
				{
					"name": "mainhand",
					"pivot": [0, 0, 0]
				},
				{
					"name": "fp_rightArm",
					"parent": "mainhand",
					"pivot": [44, 52.25, 1.5],
					"rotation": [65.27806, -43.83106, 110.24233],
					"cubes": [
						{"origin": [40, 34.75, -2.5], "size": [8, 24, 8], "uv": [40, 0]}
					]
				},
				{
					"name": "fp_rightArm2",
					"parent": "fp_rightArm",
					"pivot": [44, 38.75, 1.5],
					"rotation": [-20, 0, 0],
					"cubes": [
						{"origin": [40, 17.75, -2.5], "size": [8, 24, 8], "uv": [72, 0]}
					]
				},
				{
					"name": "hand3",
					"parent": "fp_rightArm2",
					"pivot": [44, 38.75, 1.5]
				},
				{
					"name": "joint25",
					"parent": "hand3",
					"pivot": [40.5, 18.25, 4.5],
					"rotation": [13.9042, -5.68422, 21.80633],
					"cubes": [
						{"origin": [40, 12.75, 3.5], "size": [1, 6, 2], "uv": [104, 0]}
					]
				},
				{
					"name": "joint26",
					"parent": "joint25",
					"pivot": [40.5, 13.25, 4.5],
					"rotation": [0, 0, -32.5],
					"cubes": [
						{"origin": [40, 9.75, 3.5], "size": [1, 4, 2], "uv": [110, 0]}
					]
				},
				{
					"name": "joint27",
					"parent": "joint26",
					"pivot": [40.5, 10.25, 4.5],
					"rotation": [0, 0, -27.5],
					"cubes": [
						{"origin": [40, 7.75, 3.5], "size": [1, 3, 2], "uv": [116, 0]}
					]
				},
				{
					"name": "joint28",
					"parent": "hand3",
					"pivot": [40.5, 18.25, 1.5],
					"rotation": [0, 0, 20],
					"cubes": [
						{"origin": [40, 12.75, 0.5], "size": [1, 6, 2], "uv": [104, 0]}
					]
				},
				{
					"name": "joint29",
					"parent": "joint28",
					"pivot": [40.5, 13.25, 1.5],
					"rotation": [0, 0, -25],
					"cubes": [
						{"origin": [40, 9.75, 0.5], "size": [1, 4, 2], "uv": [110, 0]}
					]
				},
				{
					"name": "joint30",
					"parent": "joint29",
					"pivot": [40.5, 10.25, 1.5],
					"rotation": [0, 0, -27.5],
					"cubes": [
						{"origin": [40, 7.75, 0.5], "size": [1, 3, 2], "uv": [116, 0]}
					]
				},
				{
					"name": "joint31",
					"parent": "hand3",
					"pivot": [40.5, 18.25, -1.5],
					"rotation": [-16.50371, 5.90316, 19.14314],
					"cubes": [
						{"origin": [40, 12.75, -2.5], "size": [1, 6, 2], "uv": [104, 0]}
					]
				},
				{
					"name": "joint32",
					"parent": "joint31",
					"pivot": [40.5, 13.25, -1.5],
					"rotation": [0, 0, -25],
					"cubes": [
						{"origin": [40, 9.75, -2.5], "size": [1, 4, 2], "uv": [110, 0]}
					]
				},
				{
					"name": "joint33",
					"parent": "joint32",
					"pivot": [40.5, 10.25, -1.5],
					"rotation": [0, 0, -30],
					"cubes": [
						{"origin": [40, 7.75, -2.5], "size": [1, 3, 2], "uv": [116, 0]}
					]
				},
				{
					"name": "joint34",
					"parent": "hand3",
					"pivot": [47.5, 18.25, -1.5],
					"rotation": [-14.13272, -5.07855, -19.37006],
					"cubes": [
						{"origin": [47, 12.75, -2.5], "size": [1, 6, 2], "uv": [104, 0], "mirror": true}
					]
				},
				{
					"name": "joint35",
					"parent": "joint34",
					"pivot": [47.5, 13.25, -1.5],
					"rotation": [0, 0, 30],
					"cubes": [
						{"origin": [47, 9.75, -2.5], "size": [1, 4, 2], "uv": [110, 0], "mirror": true}
					]
				},
				{
					"name": "joint36",
					"parent": "joint35",
					"pivot": [47.5, 10.25, -1.5],
					"rotation": [0, 0, 40],
					"cubes": [
						{"origin": [47, 7.75, -2.5], "size": [1, 3, 2], "uv": [116, 0], "mirror": true}
					]
				},
				{
					"name": "offhand",
					"pivot": [0, 0, 0]
				},
				{
					"name": "fp_leftArm",
					"parent": "offhand",
					"pivot": [-52, 52.25, 1.5],
					"rotation": [65.2781, 43.8311, -110.2423],
					"cubes": [
						{"origin": [-56, 34.75, -2.5], "size": [8, 24, 8], "uv": [40, 0], "mirror": true}
					]
				},
				{
					"name": "fp_leftArm2",
					"parent": "fp_leftArm",
					"pivot": [-52, 38.75, 1.5],
					"rotation": [-20, 0, 0],
					"cubes": [
						{"origin": [-56, 17.75, -2.5], "size": [8, 24, 8], "uv": [72, 0], "mirror": true}
					]
				},
				{
					"name": "hand4",
					"parent": "fp_leftArm2",
					"pivot": [-52, 38.75, 1.5]
				},
				{
					"name": "joint37",
					"parent": "hand4",
					"pivot": [-48.5, 18.25, 4.5],
					"rotation": [13.9042, 5.68422, -21.80633],
					"cubes": [
						{"origin": [-49, 12.75, 3.5], "size": [1, 6, 2], "uv": [104, 0], "mirror": true}
					]
				},
				{
					"name": "joint38",
					"parent": "joint37",
					"pivot": [-48.5, 13.25, 4.5],
					"rotation": [0, 0, 32.5],
					"cubes": [
						{"origin": [-49, 9.75, 3.5], "size": [1, 4, 2], "uv": [110, 0], "mirror": true}
					]
				},
				{
					"name": "joint39",
					"parent": "joint38",
					"pivot": [-48.5, 10.25, 4.5],
					"rotation": [0, 0, 30],
					"cubes": [
						{"origin": [-49, 7.75, 3.5], "size": [1, 3, 2], "uv": [116, 0], "mirror": true}
					]
				},
				{
					"name": "joint40",
					"parent": "hand4",
					"pivot": [-48.5, 18.25, 1.5],
					"rotation": [0, 0, -20],
					"cubes": [
						{"origin": [-49, 12.75, 0.5], "size": [1, 6, 2], "uv": [104, 0], "mirror": true}
					]
				},
				{
					"name": "joint41",
					"parent": "joint40",
					"pivot": [-48.5, 13.25, 1.5],
					"rotation": [0, 0, 25],
					"cubes": [
						{"origin": [-49, 9.75, 0.5], "size": [1, 4, 2], "uv": [110, 0], "mirror": true}
					]
				},
				{
					"name": "joint42",
					"parent": "joint41",
					"pivot": [-48.5, 10.25, 1.5],
					"rotation": [0, 0, 32.5],
					"cubes": [
						{"origin": [-49, 7.75, 0.5], "size": [1, 3, 2], "uv": [116, 0], "mirror": true}
					]
				},
				{
					"name": "joint43",
					"parent": "hand4",
					"pivot": [-48.5, 18.25, -1.5],
					"rotation": [-11.93845, -3.73171, -17.10967],
					"cubes": [
						{"origin": [-49, 12.75, -2.5], "size": [1, 6, 2], "uv": [104, 0], "mirror": true}
					]
				},
				{
					"name": "joint44",
					"parent": "joint43",
					"pivot": [-48.5, 13.25, -1.5],
					"rotation": [0, 0, 25],
					"cubes": [
						{"origin": [-49, 9.75, -2.5], "size": [1, 4, 2], "uv": [110, 0], "mirror": true}
					]
				},
				{
					"name": "joint45",
					"parent": "joint44",
					"pivot": [-48.5, 10.25, -1.5],
					"rotation": [0, 0, 32.5],
					"cubes": [
						{"origin": [-49, 7.75, -2.5], "size": [1, 3, 2], "uv": [116, 0], "mirror": true}
					]
				},
				{
					"name": "joint46",
					"parent": "hand4",
					"pivot": [-55.5, 18.25, -1.5],
					"rotation": [-11.93845, 3.73171, 17.10967],
					"cubes": [
						{"origin": [-56, 12.75, -2.5], "size": [1, 6, 2], "uv": [104, 0]}
					]
				},
				{
					"name": "joint47",
					"parent": "joint46",
					"pivot": [-55.5, 13.25, -1.5],
					"rotation": [0, 0, -17.5],
					"cubes": [
						{"origin": [-56, 9.75, -2.5], "size": [1, 4, 2], "uv": [110, 0]}
					]
				},
				{
					"name": "joint48",
					"parent": "joint47",
					"pivot": [-55.5, 10.25, -1.5],
					"rotation": [0, 0, -35],
					"cubes": [
						{"origin": [-56, 7.75, -2.5], "size": [1, 3, 2], "uv": [116, 0]}
					]
				}
			]
		}
	]
}