{
	"format_version": "1.12.0",
	"minecraft:geometry": [
		{
			"description": {
				"identifier": "geometry.way_big_charged.player",
				"texture_width": 256,
				"texture_height": 512,
				"visible_bounds_width": 133,
				"visible_bounds_height": 44,
				"visible_bounds_offset": [0, 0, 0]
			},
			"bones": [
				{
					"name": "root",
					"pivot": [0, 0, 0]
				},
				{
					"name": "waist",
					"parent": "root",
					"pivot": [0, 0, 0]
				},
				{
					"name": "body",
					"parent": "waist",
					"pivot": [0, 0, 0]
				},
				{
					"name": "whole",
					"parent": "body",
					"pivot": [0, -180, 0],
					"locators": {
						"transpar": [0, -62, 0]
					}
				},
				{
					"name": "upper_body",
					"parent": "whole",
					"pivot": [0, -9.75, 2]
				},
				{
					"name": "w_leftArm",
					"parent": "upper_body",
					"pivot": [22, 3, 2],
					"rotation": [-15, 180, -10]
				},
				{
					"name": "leftArm2",
					"parent": "w_leftArm",
					"pivot": [24.5, -27.5, 2],
					"rotation": [30, 0, 0],
					"cubes": [
						{"origin": [19.5, -84, -1061.5], "size": [5, 5, 1057], "uv": [0, 254]}
					],
					"locators": {
						"ray_par": [22, -82, -4]
					}
				},
				{
					"name": "fp_leftArm",
					"parent": "body",
					"pivot": [22, 335, 2],
					"rotation": [-15, 180, -10]
				},
				{
					"name": "leftArm3",
					"parent": "fp_leftArm",
					"pivot": [24.5, 304.5, 2],
					"rotation": [30, 0, 0],
					"cubes": [
						{"origin": [19.5, 248, -1061.5], "size": [5, 5, 1057], "inflate": 2, "uv": [0, 254]}
					],
					"locators": {
						"ray_par2": [22, 250, -4]
					}
				}
			]
		}
	]
}