{
	"format_version": "1.12.0",
	"minecraft:geometry": [
		{
			"description": {
				"identifier": "geometry.way_big.player",
				"texture_width": 256,
				"texture_height": 512,
				"visible_bounds_width": 133,
				"visible_bounds_height": 44,
				"visible_bounds_offset": [0, 0, 0]
			},
			"bones": [
				{
					"name": "root",
					"pivot": [0, 0, 0]
				},
				{
					"name": "waist",
					"parent": "root",
					"pivot": [0, 0, 0]
				},
				{
					"name": "body",
					"parent": "waist",
					"pivot": [0, 0, 0]
				},
				{
					"name": "whole",
					"parent": "body",
					"pivot": [0, -180, 0],
					"locators": {
						"transpar": [0, -62, 0]
					}
				},
				{
					"name": "upper_body",
					"parent": "whole",
					"pivot": [0, -9.75, 2],
					"cubes": [
						{"origin": [-6, 9, -1], "size": [12, 11, 6], "uv": [68, 0]},
						{"origin": [-22, -12, -5.5], "size": [44, 21, 15], "uv": [42, 22]}
					]
				},
				{
					"name": "omnitrix",
					"parent": "upper_body",
					"pivot": [0, -83, 0],
					"cubes": [
						{"origin": [-4, -10, -8.5], "size": [8, 8, 3], "uv": [104, 0]}
					]
				},
				{
					"name": "w_head",
					"parent": "upper_body",
					"pivot": [0, 24.1875, 0.09375],
					"cubes": [
						{"origin": [-8.5, 23, -4], "size": [17, 9, 8], "uv": [0, 0]},
						{"origin": [-0.5, 32, -4], "size": [1, 14, 8], "uv": [50, 0]},
						{"origin": [-1, 21, -5], "size": [2, 26, 4], "uv": [0, 55]},
						{"origin": [-1, 40, -1], "size": [2, 7, 1], "uv": [0, 85]},
						{"origin": [-1, 44, 0], "size": [2, 3, 1], "uv": [0, 93]},
						{"origin": [-1, 45, 1], "size": [2, 2, 5], "uv": [0, 97]},
						{"origin": [-1, 47, 4], "size": [2, 17, 2], "uv": [0, 104]},
						{"origin": [-1, 47, 2], "size": [2, 15, 2], "uv": [0, 123]},
						{"origin": [-1, 47, 0], "size": [2, 11, 2], "uv": [0, 140]},
						{"origin": [-1, 47, -3], "size": [2, 8, 3], "uv": [0, 153]},
						{"origin": [-1, 47, -5], "size": [2, 4, 2], "uv": [0, 164]},
						{"origin": [-6.5, 17, -4], "size": [13, 6, 8], "uv": [0, 17]},
						{"origin": [-1.5, 16, -4], "size": [3, 1, 8], "uv": [0, 37]},
						{"origin": [-0.5, 15, -4], "size": [1, 1, 8], "uv": [0, 46]},
						{"origin": [-10.5, 21, -2.75], "size": [6, 3, 3], "pivot": [-5.5, 21.5, -2.25], "rotation": [0, -27.5, -40], "uv": [0, 31]},
						{"origin": [4.5, 21, -2.75], "size": [6, 3, 3], "pivot": [5.5, 22.5, -2.25], "rotation": [0, 27.5, 40], "uv": [0, 31], "mirror": true}
					]
				},
				{
					"name": "w_rightArm",
					"parent": "upper_body",
					"pivot": [-22, 3, 2],
					"rotation": [15, 0, 10],
					"cubes": [
						{"origin": [-28.5, -9, -4.5], "size": [13, 18, 13], "uv": [10, 149]},
						{"origin": [-23.5, -16, -4.5], "size": [8, 7, 13], "uv": [0, 180]},
						{"origin": [-23.5, -23, -4.5], "size": [8, 7, 13], "uv": [0, 180]},
						{"origin": [-23.5, -30, -4.5], "size": [8, 7, 13], "uv": [0, 180]}
					]
				},
				{
					"name": "rightArm2",
					"parent": "w_rightArm",
					"pivot": [-19.5, -27.5, 2],
					"rotation": [-30, 0, 0],
					"cubes": [
						{"origin": [-32.5, -63, -4.5], "size": [17, 37, 13], "uv": [160, 33]},
						{"origin": [-34.5, -63, 0.5], "size": [2, 2, 3], "uv": [126, 0]},
						{"origin": [-34.5, -61, -1.5], "size": [2, 2, 7], "uv": [129, 0]},
						{"origin": [-34.5, -59, -6.5], "size": [2, 14, 17], "uv": [104, 132]},
						{"origin": [-32.5, -57, -6.5], "size": [2, 12, 17], "uv": [75, 163]},
						{"origin": [-30.5, -55, -6.5], "size": [2, 10, 17], "uv": [96, 163]},
						{"origin": [-28.5, -50, -6.5], "size": [2, 5, 17], "uv": [67, 192]},
						{"origin": [-15.5, -63, -6.5], "size": [2, 27, 17], "uv": [66, 111]},
						{"origin": [-13.5, -42, -6.5], "size": [2, 4, 17], "uv": [155, 122]},
						{"origin": [-13.5, -48, -6.5], "size": [2, 4, 17], "uv": [155, 122]},
						{"origin": [-13.5, -54, -6.5], "size": [2, 4, 17], "uv": [155, 122]},
						{"origin": [-22.5, -42, -8.5], "size": [11, 4, 2], "uv": [176, 122]},
						{"origin": [-22.5, -48, -8.5], "size": [11, 4, 2], "uv": [176, 122]},
						{"origin": [-22.5, -54, -8.5], "size": [11, 4, 2], "uv": [176, 122]},
						{"origin": [-22.5, -42, 10.5], "size": [11, 4, 2], "uv": [176, 122]},
						{"origin": [-22.5, -48, 10.5], "size": [11, 4, 2], "uv": [176, 122]},
						{"origin": [-22.5, -54, 10.5], "size": [11, 4, 2], "uv": [176, 122]},
						{"origin": [-29.5, -42, -6.5], "size": [5, 11, 2], "uv": [114, 58]},
						{"origin": [-29.5, -42, 8.5], "size": [5, 11, 2], "uv": [114, 58]},
						{"origin": [-24.5, -63, -6.5], "size": [9, 27, 2], "uv": [86, 82]},
						{"origin": [-28.5, -97, -4.5], "size": [13, 34, 2], "uv": [62, 155]},
						{"origin": [-28.5, -97, 6.5], "size": [13, 34, 2], "uv": [62, 155]},
						{"origin": [-24.5, -63, -6.5], "size": [9, 27, 2], "uv": [86, 82]},
						{"origin": [-24.5, -63, 8.5], "size": [9, 27, 2], "uv": [86, 82]},
						{"origin": [-28.5, -31, -6.5], "size": [4, 1, 2], "uv": [128, 58]},
						{"origin": [-28.5, -31, 8.5], "size": [4, 1, 2], "uv": [128, 58]},
						{"origin": [-27.5, -30, -6.5], "size": [3, 1, 2], "uv": [140, 58]},
						{"origin": [-27.5, -30, 8.5], "size": [3, 1, 2], "uv": [140, 58]},
						{"origin": [-25.5, -29, -6.5], "size": [1, 1, 2], "uv": [150, 58]},
						{"origin": [-25.5, -29, 8.5], "size": [1, 1, 2], "uv": [150, 58]},
						{"origin": [-28.5, -97, -2.5], "size": [13, 34, 9], "uv": [28, 211]},
						{"origin": [-27.5, -110, -3.5], "size": [11, 13, 11], "uv": [104, 108]},
						{"origin": [-33.5, -104, -9.5], "size": [23, 6, 23], "uv": [148, 93]},
						{"origin": [-15.5, -97, -4.5], "size": [2, 34, 13], "uv": [114, 61]},
						{"origin": [-30.5, -97, -4.5], "size": [2, 34, 13], "uv": [114, 61]},
						{"origin": [-32.5, -26, -4.5], "size": [1, 12, 13], "uv": [0, 200]},
						{"origin": [-31.5, -26, -4.5], "size": [1, 8, 13], "uv": [0, 225]},
						{"origin": [-30.5, -26, -4.5], "size": [1, 4, 13], "uv": [42, 180]},
						{"origin": [-29.5, -26, -4.5], "size": [1, 1, 13], "uv": [29, 197]}
					]
				},
				{
					"name": "joint1",
					"parent": "rightArm2",
					"pivot": [-26, -109, 6],
					"rotation": [10, 0, 35],
					"cubes": [
						{"origin": [-27.5, -120, 4.5], "size": [3, 12, 3], "uv": [148, 122]}
					]
				},
				{
					"name": "joint2",
					"parent": "joint1",
					"pivot": [-26, -119, 6],
					"rotation": [0, 0, -57.5],
					"cubes": [
						{"origin": [-27.5, -130, 4.5], "size": [3, 12, 3], "uv": [160, 122]}
					]
				},
				{
					"name": "joint3",
					"parent": "rightArm2",
					"pivot": [-26, -109, 2],
					"rotation": [0, 0, 32.5],
					"cubes": [
						{"origin": [-27.5, -120, 0.5], "size": [3, 12, 3], "uv": [148, 122]}
					]
				},
				{
					"name": "joint4",
					"parent": "joint3",
					"pivot": [-26, -119, 2],
					"rotation": [0, 0, -55],
					"cubes": [
						{"origin": [-27.5, -130, 0.5], "size": [3, 12, 3], "uv": [160, 122]}
					]
				},
				{
					"name": "joint5",
					"parent": "rightArm2",
					"pivot": [-26, -109, -2],
					"rotation": [-10, 0, 30],
					"cubes": [
						{"origin": [-27.5, -120, -3.5], "size": [3, 12, 3], "uv": [148, 122]}
					]
				},
				{
					"name": "joint6",
					"parent": "joint5",
					"pivot": [-26, -119, -2],
					"rotation": [0, 0, -52.5],
					"cubes": [
						{"origin": [-27.5, -130, -3.5], "size": [3, 12, 3], "uv": [160, 122]}
					]
				},
				{
					"name": "joint7",
					"parent": "rightArm2",
					"pivot": [-18, -109, -2],
					"rotation": [-10, 0, -30],
					"cubes": [
						{"origin": [-19.5, -120, -3.5], "size": [3, 12, 3], "uv": [148, 122]}
					]
				},
				{
					"name": "joint8",
					"parent": "joint7",
					"pivot": [-18, -119, -2],
					"rotation": [0, 0, 52.5],
					"cubes": [
						{"origin": [-19.5, -130, -3.5], "size": [3, 12, 3], "uv": [160, 122]}
					]
				},
				{
					"name": "w_leftArm",
					"parent": "upper_body",
					"pivot": [22, 3, 2],
					"rotation": [-15, 180, -10],
					"cubes": [
						{"origin": [15.5, -9, -4.5], "size": [13, 18, 13], "uv": [10, 149]},
						{"origin": [20.5, -16, -4.5], "size": [8, 7, 13], "uv": [0, 180]},
						{"origin": [20.5, -23, -4.5], "size": [8, 7, 13], "uv": [0, 180]},
						{"origin": [20.5, -30, -4.5], "size": [8, 7, 13], "uv": [0, 180]}
					]
				},
				{
					"name": "leftArm2",
					"parent": "w_leftArm",
					"pivot": [24.5, -27.5, 2],
					"rotation": [30, 0, 0],
					"cubes": [
						{"origin": [11.5, -63, -4.5], "size": [17, 37, 13], "uv": [160, 33]},
						{"origin": [9.5, -63, 0.5], "size": [2, 2, 3], "uv": [126, 0]},
						{"origin": [9.5, -61, -1.5], "size": [2, 2, 7], "uv": [129, 0]},
						{"origin": [9.5, -59, -6.5], "size": [2, 14, 17], "uv": [104, 132]},
						{"origin": [11.5, -57, -6.5], "size": [2, 12, 17], "uv": [75, 163]},
						{"origin": [13.5, -55, -6.5], "size": [2, 10, 17], "uv": [96, 163]},
						{"origin": [15.5, -50, -6.5], "size": [2, 5, 17], "uv": [67, 192]},
						{"origin": [28.5, -63, -6.5], "size": [2, 27, 17], "uv": [66, 111]},
						{"origin": [30.5, -42, -6.5], "size": [2, 4, 17], "uv": [155, 122]},
						{"origin": [30.5, -48, -6.5], "size": [2, 4, 17], "uv": [155, 122]},
						{"origin": [30.5, -54, -6.5], "size": [2, 4, 17], "uv": [155, 122]},
						{"origin": [21.5, -42, -8.5], "size": [11, 4, 2], "uv": [176, 122]},
						{"origin": [21.5, -48, -8.5], "size": [11, 4, 2], "uv": [176, 122]},
						{"origin": [21.5, -54, -8.5], "size": [11, 4, 2], "uv": [176, 122]},
						{"origin": [21.5, -42, 10.5], "size": [11, 4, 2], "uv": [176, 122]},
						{"origin": [21.5, -48, 10.5], "size": [11, 4, 2], "uv": [176, 122]},
						{"origin": [21.5, -54, 10.5], "size": [11, 4, 2], "uv": [176, 122]},
						{"origin": [14.5, -42, -6.5], "size": [5, 11, 2], "uv": [114, 58]},
						{"origin": [14.5, -42, 8.5], "size": [5, 11, 2], "uv": [114, 58]},
						{"origin": [19.5, -63, -6.5], "size": [9, 27, 2], "uv": [86, 82]},
						{"origin": [15.5, -97, -4.5], "size": [13, 34, 2], "uv": [62, 155]},
						{"origin": [19.5, -84, -1061.5], "size": [5, 5, 1057], "uv": [0, 254]},
						{"origin": [15.5, -97, 6.5], "size": [13, 34, 2], "uv": [62, 155]},
						{"origin": [19.5, -63, -6.5], "size": [9, 27, 2], "uv": [86, 82]},
						{"origin": [19.5, -63, 8.5], "size": [9, 27, 2], "uv": [86, 82]},
						{"origin": [15.5, -31, -6.5], "size": [4, 1, 2], "uv": [128, 58]},
						{"origin": [15.5, -31, 8.5], "size": [4, 1, 2], "uv": [128, 58]},
						{"origin": [16.5, -30, -6.5], "size": [3, 1, 2], "uv": [140, 58]},
						{"origin": [16.5, -30, 8.5], "size": [3, 1, 2], "uv": [140, 58]},
						{"origin": [18.5, -29, -6.5], "size": [1, 1, 2], "uv": [150, 58]},
						{"origin": [18.5, -29, 8.5], "size": [1, 1, 2], "uv": [150, 58]},
						{"origin": [15.5, -97, -2.5], "size": [13, 34, 9], "uv": [28, 211]},
						{"origin": [16.5, -110, -3.5], "size": [11, 13, 11], "uv": [104, 108]},
						{"origin": [10.5, -104, -9.5], "size": [23, 6, 23], "uv": [148, 93]},
						{"origin": [28.5, -97, -4.5], "size": [2, 34, 13], "uv": [114, 61]},
						{"origin": [13.5, -97, -4.5], "size": [2, 34, 13], "uv": [114, 61]},
						{"origin": [11.5, -26, -4.5], "size": [1, 12, 13], "uv": [0, 200]},
						{"origin": [12.5, -26, -4.5], "size": [1, 8, 13], "uv": [0, 225]},
						{"origin": [13.5, -26, -4.5], "size": [1, 4, 13], "uv": [42, 180]},
						{"origin": [14.5, -26, -4.5], "size": [1, 1, 13], "uv": [29, 197]}
					],
					"locators": {
						"ray_par": [22, -82, -4]
					}
				},
				{
					"name": "joint9",
					"parent": "leftArm2",
					"pivot": [18, -109, 6],
					"rotation": [10, 0, 37.5],
					"cubes": [
						{"origin": [16.5, -120, 4.5], "size": [3, 12, 3], "uv": [148, 122]}
					]
				},
				{
					"name": "joint10",
					"parent": "joint9",
					"pivot": [18, -119, 6],
					"rotation": [0, 0, -70],
					"cubes": [
						{"origin": [16.5, -130, 4.5], "size": [3, 12, 3], "uv": [160, 122]}
					]
				},
				{
					"name": "joint11",
					"parent": "leftArm2",
					"pivot": [18, -109, 2],
					"rotation": [0, 0, 35],
					"cubes": [
						{"origin": [16.5, -120, 0.5], "size": [3, 12, 3], "uv": [148, 122]}
					]
				},
				{
					"name": "joint12",
					"parent": "joint11",
					"pivot": [18, -119, 2],
					"rotation": [0, 0, -67.5],
					"cubes": [
						{"origin": [16.5, -130, 0.5], "size": [3, 12, 3], "uv": [160, 122]}
					]
				},
				{
					"name": "joint13",
					"parent": "leftArm2",
					"pivot": [18, -109, -2],
					"rotation": [-10, 0, 35],
					"cubes": [
						{"origin": [16.5, -120, -3.5], "size": [3, 12, 3], "uv": [148, 122]}
					]
				},
				{
					"name": "joint14",
					"parent": "joint13",
					"pivot": [18, -119, -2],
					"rotation": [0, 0, -67.5],
					"cubes": [
						{"origin": [16.5, -130, -3.5], "size": [3, 12, 3], "uv": [160, 122]}
					]
				},
				{
					"name": "joint15",
					"parent": "leftArm2",
					"pivot": [26, -109, -2],
					"rotation": [-10, 0, -32.5],
					"cubes": [
						{"origin": [24.5, -120, -3.5], "size": [3, 12, 3], "uv": [148, 122]}
					]
				},
				{
					"name": "joint16",
					"parent": "joint15",
					"pivot": [26, -119, -2],
					"rotation": [0, 0, 57.5],
					"cubes": [
						{"origin": [24.5, -130, -3.5], "size": [3, 12, 3], "uv": [160, 122]}
					]
				},
				{
					"name": "disc1",
					"parent": "upper_body",
					"pivot": [-19, 2.75, 2],
					"rotation": [0, 0, -17.5],
					"cubes": [
						{"origin": [-20, 1, -6.5], "size": [2, 16, 17], "uv": [145, 0]},
						{"origin": [-20, 17, -5.5], "size": [2, 6, 15], "uv": [183, 0]},
						{"origin": [-20, 23, -3.5], "size": [2, 2, 11], "uv": [202, 0]},
						{"origin": [-20, 25, -0.5], "size": [2, 2, 5], "uv": [217, 0]}
					]
				},
				{
					"name": "disc2",
					"parent": "upper_body",
					"pivot": [19, 2.75, 2],
					"rotation": [0, 0, 17.5],
					"cubes": [
						{"origin": [18, 1, -6.5], "size": [2, 16, 17], "uv": [145, 0]},
						{"origin": [18, 17, -5.5], "size": [2, 6, 15], "uv": [183, 0]},
						{"origin": [18, 23, -3.5], "size": [2, 2, 11], "uv": [202, 0]},
						{"origin": [18, 25, -0.5], "size": [2, 2, 5], "uv": [217, 0]}
					]
				},
				{
					"name": "lower_body",
					"parent": "whole",
					"pivot": [0.5, -15, 2],
					"cubes": [
						{"origin": [-20, -20, -3.5], "size": [40, 13, 11], "uv": [12, 58]},
						{"origin": [-13, -28, -3.5], "size": [26, 8, 11], "uv": [12, 82]},
						{"origin": [-8, -45, -3.5], "size": [16, 17, 11], "uv": [8, 101]},
						{"origin": [-9, -54, -3.5], "size": [18, 9, 11], "uv": [8, 129]}
					]
				},
				{
					"name": "w_rightLeg",
					"parent": "lower_body",
					"pivot": [-6.5, -53, 2],
					"rotation": [-7.5, 0, 7.5],
					"cubes": [
						{"origin": [-13, -120, -4.5], "size": [13, 68, 13], "uv": [142, 143]},
						{"origin": [-15, -98, -2.5], "size": [2, 33, 9], "uv": [224, 154]},
						{"origin": [0, -98, -2.5], "size": [2, 33, 9], "uv": [224, 154]},
						{"origin": [-17, -94, 0.5], "size": [2, 25, 3], "uv": [226, 196]},
						{"origin": [2, -94, 0.5], "size": [2, 25, 3], "uv": [226, 196]}
					]
				},
				{
					"name": "rightLeg2",
					"parent": "w_rightLeg",
					"pivot": [-6.5, -113, 2],
					"rotation": [15, 0, 0],
					"cubes": [
						{"origin": [-13, -175, -4.5], "size": [13, 68, 13], "uv": [142, 143]},
						{"origin": [-11.5, -183, -16.5], "size": [10, 8, 29], "uv": [177, 203]},
						{"origin": [-11.5, -175, -25.5], "size": [10, 2, 15], "uv": [108, 224]},
						{"origin": [-1.5, -183, -25.5], "size": [2, 10, 5], "uv": [220, 43]},
						{"origin": [-13.5, -183, -25.5], "size": [2, 10, 5], "uv": [220, 43]},
						{"origin": [-11.5, -183, 12.5], "size": [10, 6, 2], "uv": [166, 0]},
						{"origin": [-9.5, -183, 14.5], "size": [6, 3, 2], "uv": [166, 8]},
						{"origin": [-7.5, -183, 16.5], "size": [2, 1, 1], "uv": [166, 13]},
						{"origin": [-1.5, -179, -16.5], "size": [1, 4, 29], "uv": [77, 216]},
						{"origin": [-12.5, -179, -16.5], "size": [1, 4, 29], "uv": [77, 216]},
						{"origin": [-1.5, -183, 7.5], "size": [1, 4, 5], "uv": [107, 190]},
						{"origin": [-12.5, -183, 7.5], "size": [1, 4, 5], "uv": [107, 190]},
						{"origin": [-1.5, -183, -6.5], "size": [1, 4, 5], "uv": [107, 190]},
						{"origin": [-1.5, -183, -11.5], "size": [1, 4, 5], "uv": [107, 190]},
						{"origin": [-1.5, -183, -16.5], "size": [1, 4, 5], "uv": [107, 190]},
						{"origin": [-1.5, -183, -21.5], "size": [1, 4, 5], "uv": [107, 190]},
						{"origin": [-1.5, -179, -21.5], "size": [1, 4, 5], "uv": [107, 190]},
						{"origin": [-12.5, -183, -6.5], "size": [1, 4, 5], "uv": [107, 190]},
						{"origin": [-12.5, -183, -11.5], "size": [1, 4, 5], "uv": [107, 190]},
						{"origin": [-12.5, -183, -16.5], "size": [1, 4, 5], "uv": [107, 190]},
						{"origin": [-12.5, -183, -21.5], "size": [1, 4, 5], "uv": [107, 190]},
						{"origin": [-12.5, -179, -21.5], "size": [1, 4, 5], "uv": [107, 190]},
						{"origin": [-1.5, -180, -1.5], "size": [1, 1, 2], "uv": [140, 0]},
						{"origin": [-12.5, -180, -1.5], "size": [1, 1, 2], "uv": [140, 0]},
						{"origin": [-1.5, -180, 5.5], "size": [1, 1, 2], "uv": [140, 0]},
						{"origin": [-12.5, -180, 5.5], "size": [1, 1, 2], "uv": [140, 0]},
						{"origin": [-8, -175, -7.5], "size": [3, 62, 3], "uv": [194, 167]},
						{"origin": [-9, -175, -8.5], "size": [5, 27, 4], "uv": [206, 167]},
						{"origin": [-10, -175, -9.5], "size": [7, 17, 5], "uv": [207, 21]},
						{"origin": [-11, -175, -10.5], "size": [9, 7, 6], "uv": [76, 214]},
						{"origin": [-15, -143, -2.5], "size": [2, 36, 9], "uv": [194, 122]},
						{"origin": [0, -143, -2.5], "size": [2, 36, 9], "uv": [194, 122]},
						{"origin": [-18, -139, -0.5], "size": [3, 28, 5], "uv": [216, 122]},
						{"origin": [2, -139, -0.5], "size": [3, 28, 5], "uv": [216, 122]},
						{"origin": [-21, -132, 1], "size": [3, 14, 2], "uv": [232, 122]},
						{"origin": [5, -132, 1], "size": [3, 14, 2], "uv": [232, 122]},
						{"origin": [-24, -127, 1], "size": [3, 4, 2], "uv": [232, 122]},
						{"origin": [8, -127, 1], "size": [3, 4, 2], "uv": [232, 122]}
					]
				},
				{
					"name": "toe1",
					"parent": "rightLeg2",
					"pivot": [-9.25, -179.875, -16],
					"rotation": [0, 5, 0],
					"cubes": [
						{"origin": [-11.5, -183, -25.5], "size": [5, 8, 10], "uv": [76, 227]},
						{"origin": [-10.5, -183, -29.5], "size": [4, 7, 4], "uv": [88, 192]},
						{"origin": [-8.5, -183, -33.5], "size": [2, 6, 4], "uv": [117, 163]},
						{"origin": [-7.5, -183, -37.5], "size": [1, 4, 4], "uv": [129, 163]}
					]
				},
				{
					"name": "toe2",
					"parent": "rightLeg2",
					"pivot": [-4, -179.875, -16],
					"rotation": [0, -5, 0],
					"cubes": [
						{"origin": [-6.5, -183, -25.5], "size": [5, 8, 10], "uv": [76, 227], "mirror": true},
						{"origin": [-6.5, -183, -29.5], "size": [4, 7, 4], "uv": [88, 192], "mirror": true},
						{"origin": [-6.5, -183, -33.5], "size": [2, 6, 4], "uv": [117, 163], "mirror": true},
						{"origin": [-6.5, -183, -37.5], "size": [1, 4, 4], "uv": [129, 163], "mirror": true}
					]
				},
				{
					"name": "w_leftLeg",
					"parent": "lower_body",
					"pivot": [6.5, -53, 2],
					"rotation": [-7.5, 0, -7.5],
					"cubes": [
						{"origin": [0, -120, -4.5], "size": [13, 68, 13], "uv": [142, 143]},
						{"origin": [-2, -98, -2.5], "size": [2, 33, 9], "uv": [224, 154]},
						{"origin": [13, -98, -2.5], "size": [2, 33, 9], "uv": [224, 154]},
						{"origin": [-4, -94, 0.5], "size": [2, 25, 3], "uv": [226, 196]},
						{"origin": [15, -94, 0.5], "size": [2, 25, 3], "uv": [226, 196]}
					]
				},
				{
					"name": "leftLeg2",
					"parent": "w_leftLeg",
					"pivot": [6.5, -113, 2],
					"rotation": [15, 0, 0],
					"cubes": [
						{"origin": [0, -175, -4.5], "size": [13, 68, 13], "uv": [142, 143]},
						{"origin": [1.5, -183, -16.5], "size": [10, 8, 29], "uv": [177, 203]},
						{"origin": [1.5, -175, -25.5], "size": [10, 2, 15], "uv": [108, 224]},
						{"origin": [11.5, -183, -25.5], "size": [2, 10, 5], "uv": [220, 43]},
						{"origin": [-0.5, -183, -25.5], "size": [2, 10, 5], "uv": [220, 43]},
						{"origin": [1.5, -183, 12.5], "size": [10, 6, 2], "uv": [166, 0]},
						{"origin": [3.5, -183, 14.5], "size": [6, 3, 2], "uv": [166, 8]},
						{"origin": [5.5, -183, 16.5], "size": [2, 1, 1], "uv": [166, 13]},
						{"origin": [11.5, -179, -16.5], "size": [1, 4, 29], "uv": [77, 216]},
						{"origin": [0.5, -179, -16.5], "size": [1, 4, 29], "uv": [77, 216]},
						{"origin": [11.5, -183, 7.5], "size": [1, 4, 5], "uv": [107, 190]},
						{"origin": [0.5, -183, 7.5], "size": [1, 4, 5], "uv": [107, 190]},
						{"origin": [11.5, -183, -6.5], "size": [1, 4, 5], "uv": [107, 190]},
						{"origin": [11.5, -183, -11.5], "size": [1, 4, 5], "uv": [107, 190]},
						{"origin": [11.5, -183, -16.5], "size": [1, 4, 5], "uv": [107, 190]},
						{"origin": [11.5, -183, -21.5], "size": [1, 4, 5], "uv": [107, 190]},
						{"origin": [11.5, -179, -21.5], "size": [1, 4, 5], "uv": [107, 190]},
						{"origin": [0.5, -183, -6.5], "size": [1, 4, 5], "uv": [107, 190]},
						{"origin": [0.5, -183, -11.5], "size": [1, 4, 5], "uv": [107, 190]},
						{"origin": [0.5, -183, -16.5], "size": [1, 4, 5], "uv": [107, 190]},
						{"origin": [0.5, -183, -21.5], "size": [1, 4, 5], "uv": [107, 190]},
						{"origin": [0.5, -179, -21.5], "size": [1, 4, 5], "uv": [107, 190]},
						{"origin": [11.5, -180, -1.5], "size": [1, 1, 2], "uv": [140, 0]},
						{"origin": [0.5, -180, -1.5], "size": [1, 1, 2], "uv": [140, 0]},
						{"origin": [11.5, -180, 5.5], "size": [1, 1, 2], "uv": [140, 0]},
						{"origin": [0.5, -180, 5.5], "size": [1, 1, 2], "uv": [140, 0]},
						{"origin": [5, -175, -7.5], "size": [3, 62, 3], "uv": [194, 167]},
						{"origin": [4, -175, -8.5], "size": [5, 27, 4], "uv": [206, 167]},
						{"origin": [3, -175, -9.5], "size": [7, 17, 5], "uv": [207, 21]},
						{"origin": [2, -175, -10.5], "size": [9, 7, 6], "uv": [76, 214]},
						{"origin": [-2, -143, -2.5], "size": [2, 36, 9], "uv": [194, 122]},
						{"origin": [13, -143, -2.5], "size": [2, 36, 9], "uv": [194, 122]},
						{"origin": [-5, -139, -0.5], "size": [3, 28, 5], "uv": [216, 122]},
						{"origin": [15, -139, -0.5], "size": [3, 28, 5], "uv": [216, 122]},
						{"origin": [-8, -132, 1], "size": [3, 14, 2], "uv": [232, 122]},
						{"origin": [18, -132, 1], "size": [3, 14, 2], "uv": [232, 122]},
						{"origin": [-11, -127, 1], "size": [3, 4, 2], "uv": [232, 122]},
						{"origin": [21, -127, 1], "size": [3, 4, 2], "uv": [232, 122]}
					]
				},
				{
					"name": "toe3",
					"parent": "leftLeg2",
					"pivot": [3.75, -179.875, -16],
					"rotation": [0, 5, 0],
					"cubes": [
						{"origin": [1.5, -183, -25.5], "size": [5, 8, 10], "uv": [76, 227]},
						{"origin": [2.5, -183, -29.5], "size": [4, 7, 4], "uv": [88, 192]},
						{"origin": [4.5, -183, -33.5], "size": [2, 6, 4], "uv": [117, 163]},
						{"origin": [5.5, -183, -37.5], "size": [1, 4, 4], "uv": [129, 163]}
					]
				},
				{
					"name": "toe4",
					"parent": "leftLeg2",
					"pivot": [9, -179.875, -16],
					"rotation": [0, -5, 0],
					"cubes": [
						{"origin": [6.5, -183, -25.5], "size": [5, 8, 10], "uv": [76, 227], "mirror": true},
						{"origin": [6.5, -183, -29.5], "size": [4, 7, 4], "uv": [88, 192], "mirror": true},
						{"origin": [6.5, -183, -33.5], "size": [2, 6, 4], "uv": [117, 163], "mirror": true},
						{"origin": [6.5, -183, -37.5], "size": [1, 4, 4], "uv": [129, 163], "mirror": true}
					]
				},
				{
					"name": "fin1",
					"parent": "lower_body",
					"pivot": [-6, -49.5, -3],
					"rotation": [-80, 0, -25],
					"cubes": [
						{"origin": [-8, -50, -15.5], "size": [4, 1, 13], "uv": [221, 45]},
						{"origin": [-7, -50, -17.5], "size": [3, 1, 2], "uv": [221, 59]},
						{"origin": [-6, -50, -19.5], "size": [2, 1, 2], "uv": [221, 59]},
						{"origin": [-5, -50, -21.5], "size": [1, 1, 2], "uv": [221, 62]}
					]
				},
				{
					"name": "fin2",
					"parent": "lower_body",
					"pivot": [6, -49.5, -3],
					"rotation": [-80, 0, 25],
					"cubes": [
						{"origin": [4, -50, -15.5], "size": [4, 1, 13], "uv": [221, 45], "mirror": true},
						{"origin": [4, -50, -17.5], "size": [3, 1, 2], "uv": [221, 59]},
						{"origin": [4, -50, -19.5], "size": [2, 1, 2], "uv": [221, 59], "mirror": true},
						{"origin": [4, -50, -21.5], "size": [1, 1, 2], "uv": [221, 62], "mirror": true}
					]
				},
				{
					"name": "mainhand",
					"parent": "body",
					"pivot": [0, 0, 0]
				},
				{
					"name": "fp_rightArm",
					"parent": "mainhand",
					"pivot": [-22, 335, 2],
					"rotation": [15, 0, 10],
					"cubes": [
						{"origin": [-28.5, 323, -4.5], "size": [13, 18, 13], "uv": [10, 149]},
						{"origin": [-23.5, 316, -4.5], "size": [8, 7, 13], "uv": [0, 180]},
						{"origin": [-23.5, 309, -4.5], "size": [8, 7, 13], "uv": [0, 180]},
						{"origin": [-23.5, 302, -4.5], "size": [8, 7, 13], "uv": [0, 180]}
					]
				},
				{
					"name": "rightArm3",
					"parent": "fp_rightArm",
					"pivot": [-19.5, 304.5, 2],
					"rotation": [-30, 0, 0],
					"cubes": [
						{"origin": [-32.5, 269, -4.5], "size": [17, 37, 13], "uv": [160, 33]},
						{"origin": [-34.5, 269, 0.5], "size": [2, 2, 3], "uv": [126, 0]},
						{"origin": [-34.5, 271, -1.5], "size": [2, 2, 7], "uv": [129, 0]},
						{"origin": [-34.5, 273, -6.5], "size": [2, 14, 17], "uv": [104, 132]},
						{"origin": [-32.5, 275, -6.5], "size": [2, 12, 17], "uv": [75, 163]},
						{"origin": [-30.5, 277, -6.5], "size": [2, 10, 17], "uv": [96, 163]},
						{"origin": [-28.5, 282, -6.5], "size": [2, 5, 17], "uv": [67, 192]},
						{"origin": [-15.5, 269, -6.5], "size": [2, 27, 17], "uv": [66, 111]},
						{"origin": [-13.5, 290, -6.5], "size": [2, 4, 17], "uv": [155, 122]},
						{"origin": [-13.5, 284, -6.5], "size": [2, 4, 17], "uv": [155, 122]},
						{"origin": [-13.5, 278, -6.5], "size": [2, 4, 17], "uv": [155, 122]},
						{"origin": [-22.5, 290, -8.5], "size": [11, 4, 2], "uv": [176, 122]},
						{"origin": [-22.5, 284, -8.5], "size": [11, 4, 2], "uv": [176, 122]},
						{"origin": [-22.5, 278, -8.5], "size": [11, 4, 2], "uv": [176, 122]},
						{"origin": [-22.5, 290, 10.5], "size": [11, 4, 2], "uv": [176, 122]},
						{"origin": [-22.5, 284, 10.5], "size": [11, 4, 2], "uv": [176, 122]},
						{"origin": [-22.5, 278, 10.5], "size": [11, 4, 2], "uv": [176, 122]},
						{"origin": [-29.5, 290, -6.5], "size": [5, 11, 2], "uv": [114, 58]},
						{"origin": [-29.5, 290, 8.5], "size": [5, 11, 2], "uv": [114, 58]},
						{"origin": [-24.5, 269, -6.5], "size": [9, 27, 2], "uv": [86, 82]},
						{"origin": [-28.5, 235, -4.5], "size": [13, 34, 2], "uv": [62, 155]},
						{"origin": [-28.5, 235, 6.5], "size": [13, 34, 2], "uv": [62, 155]},
						{"origin": [-24.5, 269, -6.5], "size": [9, 27, 2], "uv": [86, 82]},
						{"origin": [-24.5, 269, 8.5], "size": [9, 27, 2], "uv": [86, 82]},
						{"origin": [-28.5, 301, -6.5], "size": [4, 1, 2], "uv": [128, 58]},
						{"origin": [-28.5, 301, 8.5], "size": [4, 1, 2], "uv": [128, 58]},
						{"origin": [-27.5, 302, -6.5], "size": [3, 1, 2], "uv": [140, 58]},
						{"origin": [-27.5, 302, 8.5], "size": [3, 1, 2], "uv": [140, 58]},
						{"origin": [-25.5, 303, -6.5], "size": [1, 1, 2], "uv": [150, 58]},
						{"origin": [-25.5, 303, 8.5], "size": [1, 1, 2], "uv": [150, 58]},
						{"origin": [-28.5, 235, -2.5], "size": [13, 34, 9], "uv": [28, 211]},
						{"origin": [-27.5, 222, -3.5], "size": [11, 13, 11], "uv": [104, 108]},
						{"origin": [-33.5, 228, -9.5], "size": [23, 6, 23], "uv": [148, 93]},
						{"origin": [-15.5, 235, -4.5], "size": [2, 34, 13], "uv": [114, 61]},
						{"origin": [-30.5, 235, -4.5], "size": [2, 34, 13], "uv": [114, 61]},
						{"origin": [-32.5, 306, -4.5], "size": [1, 12, 13], "uv": [0, 200]},
						{"origin": [-31.5, 306, -4.5], "size": [1, 8, 13], "uv": [0, 225]},
						{"origin": [-30.5, 306, -4.5], "size": [1, 4, 13], "uv": [42, 180]},
						{"origin": [-29.5, 306, -4.5], "size": [1, 1, 13], "uv": [29, 197]}
					]
				},
				{
					"name": "joint17",
					"parent": "rightArm3",
					"pivot": [-26, 223, 6],
					"rotation": [10, 0, 35],
					"cubes": [
						{"origin": [-27.5, 212, 4.5], "size": [3, 12, 3], "uv": [148, 122]}
					]
				},
				{
					"name": "joint18",
					"parent": "joint17",
					"pivot": [-26, 213, 6],
					"rotation": [0, 0, -57.5],
					"cubes": [
						{"origin": [-27.5, 202, 4.5], "size": [3, 12, 3], "uv": [160, 122]}
					]
				},
				{
					"name": "joint19",
					"parent": "rightArm3",
					"pivot": [-26, 223, 2],
					"rotation": [0, 0, 32.5],
					"cubes": [
						{"origin": [-27.5, 212, 0.5], "size": [3, 12, 3], "uv": [148, 122]}
					]
				},
				{
					"name": "joint20",
					"parent": "joint19",
					"pivot": [-26, 213, 2],
					"rotation": [0, 0, -55],
					"cubes": [
						{"origin": [-27.5, 202, 0.5], "size": [3, 12, 3], "uv": [160, 122]}
					]
				},
				{
					"name": "joint21",
					"parent": "rightArm3",
					"pivot": [-26, 223, -2],
					"rotation": [-10, 0, 30],
					"cubes": [
						{"origin": [-27.5, 212, -3.5], "size": [3, 12, 3], "uv": [148, 122]}
					]
				},
				{
					"name": "joint22",
					"parent": "joint21",
					"pivot": [-26, 213, -2],
					"rotation": [0, 0, -52.5],
					"cubes": [
						{"origin": [-27.5, 202, -3.5], "size": [3, 12, 3], "uv": [160, 122]}
					]
				},
				{
					"name": "joint23",
					"parent": "rightArm3",
					"pivot": [-18, 223, -2],
					"rotation": [-10, 0, -30],
					"cubes": [
						{"origin": [-19.5, 212, -3.5], "size": [3, 12, 3], "uv": [148, 122]}
					]
				},
				{
					"name": "joint24",
					"parent": "joint23",
					"pivot": [-18, 213, -2],
					"rotation": [0, 0, 52.5],
					"cubes": [
						{"origin": [-19.5, 202, -3.5], "size": [3, 12, 3], "uv": [160, 122]}
					]
				},
				{
					"name": "offhand",
					"parent": "body",
					"pivot": [0, 0, 0]
				},
				{
					"name": "fp_leftArm",
					"parent": "offhand",
					"pivot": [22, 335, 2],
					"rotation": [-15, 180, -10],
					"cubes": [
						{"origin": [15.5, 323, -4.5], "size": [13, 18, 13], "uv": [10, 149]},
						{"origin": [20.5, 316, -4.5], "size": [8, 7, 13], "uv": [0, 180]},
						{"origin": [20.5, 309, -4.5], "size": [8, 7, 13], "uv": [0, 180]},
						{"origin": [20.5, 302, -4.5], "size": [8, 7, 13], "uv": [0, 180]}
					]
				},
				{
					"name": "leftArm3",
					"parent": "fp_leftArm",
					"pivot": [24.5, 304.5, 2],
					"rotation": [30, 0, 0],
					"cubes": [
						{"origin": [11.5, 269, -4.5], "size": [17, 37, 13], "uv": [160, 33]},
						{"origin": [9.5, 269, 0.5], "size": [2, 2, 3], "uv": [126, 0]},
						{"origin": [9.5, 271, -1.5], "size": [2, 2, 7], "uv": [129, 0]},
						{"origin": [9.5, 273, -6.5], "size": [2, 14, 17], "uv": [104, 132]},
						{"origin": [11.5, 275, -6.5], "size": [2, 12, 17], "uv": [75, 163]},
						{"origin": [13.5, 277, -6.5], "size": [2, 10, 17], "uv": [96, 163]},
						{"origin": [15.5, 282, -6.5], "size": [2, 5, 17], "uv": [67, 192]},
						{"origin": [28.5, 269, -6.5], "size": [2, 27, 17], "uv": [66, 111]},
						{"origin": [30.5, 290, -6.5], "size": [2, 4, 17], "uv": [155, 122]},
						{"origin": [30.5, 284, -6.5], "size": [2, 4, 17], "uv": [155, 122]},
						{"origin": [30.5, 278, -6.5], "size": [2, 4, 17], "uv": [155, 122]},
						{"origin": [21.5, 290, -8.5], "size": [11, 4, 2], "uv": [176, 122]},
						{"origin": [21.5, 284, -8.5], "size": [11, 4, 2], "uv": [176, 122]},
						{"origin": [21.5, 278, -8.5], "size": [11, 4, 2], "uv": [176, 122]},
						{"origin": [21.5, 290, 10.5], "size": [11, 4, 2], "uv": [176, 122]},
						{"origin": [21.5, 284, 10.5], "size": [11, 4, 2], "uv": [176, 122]},
						{"origin": [21.5, 278, 10.5], "size": [11, 4, 2], "uv": [176, 122]},
						{"origin": [14.5, 290, -6.5], "size": [5, 11, 2], "uv": [114, 58]},
						{"origin": [14.5, 290, 8.5], "size": [5, 11, 2], "uv": [114, 58]},
						{"origin": [19.5, 269, -6.5], "size": [9, 27, 2], "uv": [86, 82]},
						{"origin": [15.5, 235, -4.5], "size": [13, 34, 2], "uv": [62, 155]},
						{"origin": [19.5, 248, -1061.5], "size": [5, 5, 1057], "uv": [0, 254]},
						{"origin": [15.5, 235, 6.5], "size": [13, 34, 2], "uv": [62, 155]},
						{"origin": [19.5, 269, -6.5], "size": [9, 27, 2], "uv": [86, 82]},
						{"origin": [19.5, 269, 8.5], "size": [9, 27, 2], "uv": [86, 82]},
						{"origin": [15.5, 301, -6.5], "size": [4, 1, 2], "uv": [128, 58]},
						{"origin": [15.5, 301, 8.5], "size": [4, 1, 2], "uv": [128, 58]},
						{"origin": [16.5, 302, -6.5], "size": [3, 1, 2], "uv": [140, 58]},
						{"origin": [16.5, 302, 8.5], "size": [3, 1, 2], "uv": [140, 58]},
						{"origin": [18.5, 303, -6.5], "size": [1, 1, 2], "uv": [150, 58]},
						{"origin": [18.5, 303, 8.5], "size": [1, 1, 2], "uv": [150, 58]},
						{"origin": [15.5, 235, -2.5], "size": [13, 34, 9], "uv": [28, 211]},
						{"origin": [16.5, 222, -3.5], "size": [11, 13, 11], "uv": [104, 108]},
						{"origin": [10.5, 228, -9.5], "size": [23, 6, 23], "uv": [148, 93]},
						{"origin": [28.5, 235, -4.5], "size": [2, 34, 13], "uv": [114, 61]},
						{"origin": [13.5, 235, -4.5], "size": [2, 34, 13], "uv": [114, 61]},
						{"origin": [11.5, 306, -4.5], "size": [1, 12, 13], "uv": [0, 200]},
						{"origin": [12.5, 306, -4.5], "size": [1, 8, 13], "uv": [0, 225]},
						{"origin": [13.5, 306, -4.5], "size": [1, 4, 13], "uv": [42, 180]},
						{"origin": [14.5, 306, -4.5], "size": [1, 1, 13], "uv": [29, 197]}
					],
					"locators": {
						"ray_par2": [22, 250, -4]
					}
				},
				{
					"name": "joint25",
					"parent": "leftArm3",
					"pivot": [18, 223, 6],
					"rotation": [10, 0, 37.5],
					"cubes": [
						{"origin": [16.5, 212, 4.5], "size": [3, 12, 3], "uv": [148, 122]}
					]
				},
				{
					"name": "joint26",
					"parent": "joint25",
					"pivot": [18, 213, 6],
					"rotation": [0, 0, -70],
					"cubes": [
						{"origin": [16.5, 202, 4.5], "size": [3, 12, 3], "uv": [160, 122]}
					]
				},
				{
					"name": "joint27",
					"parent": "leftArm3",
					"pivot": [18, 223, 2],
					"rotation": [0, 0, 35],
					"cubes": [
						{"origin": [16.5, 212, 0.5], "size": [3, 12, 3], "uv": [148, 122]}
					]
				},
				{
					"name": "joint28",
					"parent": "joint27",
					"pivot": [18, 213, 2],
					"rotation": [0, 0, -67.5],
					"cubes": [
						{"origin": [16.5, 202, 0.5], "size": [3, 12, 3], "uv": [160, 122]}
					]
				},
				{
					"name": "joint29",
					"parent": "leftArm3",
					"pivot": [18, 223, -2],
					"rotation": [-10, 0, 35],
					"cubes": [
						{"origin": [16.5, 212, -3.5], "size": [3, 12, 3], "uv": [148, 122]}
					]
				},
				{
					"name": "joint30",
					"parent": "joint29",
					"pivot": [18, 213, -2],
					"rotation": [0, 0, -67.5],
					"cubes": [
						{"origin": [16.5, 202, -3.5], "size": [3, 12, 3], "uv": [160, 122]}
					]
				},
				{
					"name": "joint31",
					"parent": "leftArm3",
					"pivot": [26, 223, 6],
					"rotation": [10, 0, -32.5],
					"cubes": [
						{"origin": [24.5, 212, 4.5], "size": [3, 12, 3], "uv": [148, 122]}
					]
				},
				{
					"name": "joint32",
					"parent": "joint31",
					"pivot": [26, 213, 6],
					"rotation": [0, 0, 57.5],
					"cubes": [
						{"origin": [24.5, 202, 4.5], "size": [3, 12, 3], "uv": [160, 122]}
					]
				}
			]
		}
	]
}