{
	"format_version": "1.12.0",
	"minecraft:geometry": [
		{
			"description": {
				"identifier": "geometry.wildmutt.player",
				"texture_width": 128,
				"texture_height": 128,
				"visible_bounds_width": 4,
				"visible_bounds_height": 4,
				"visible_bounds_offset": [0, 2, 0]
			},
			"bones": [
				{
					"name": "whole",
					"pivot": [0, 1, 0],
					"locators": {
						"transpar": [0, 7, 0]
					}
				},
				{
					"name": "w_body",
					"parent": "whole",
					"pivot": [0, 4, 0],
					"cubes": [
						{"origin": [-6.5, 10, -1.5], "size": [13, 6, 5], "pivot": [0.5, 4, -0.5], "rotation": [-5, 0, 0], "uv": [0, 0]},
						{"origin": [-5.5, 10, -3.5], "size": [11, 5, 3], "uv": [0, 11]},
						{"origin": [-3.5, 10, -4.5], "size": [7, 4, 3], "pivot": [0.5, 4, -0.5], "rotation": [10, 0, 0], "uv": [0, 19]},
						{"origin": [-5.5, 10.75, -1.5], "size": [11, 5, 5], "pivot": [0.5, 4, -0.5], "rotation": [-30, 0, 0], "uv": [36, 0]},
						{"origin": [-4.5, 11, 1], "size": [9, 4, 4], "pivot": [0.5, 4, -0.5], "rotation": [-45, 0, 0], "uv": [28, 11]}
					]
				},
				{
					"name": "w_rightArm",
					"parent": "w_body",
					"pivot": [-6.5, 12.5, 1.5],
					"cubes": [
						{"origin": [-8.75, 13.25, -2.75], "size": [8, 3.25, 3.25], "pivot": [0, 4, 0], "rotation": [-15, 0, -25], "uv": [20, 53]}
					]
				},
				{
					"name": "leg0_2",
					"parent": "w_rightArm",
					"pivot": [-11.75, 10, 2.25],
					"cubes": [
						{"origin": [-13.5, 5.70011, -3.69054], "size": [3.5, 3.5, 9.75], "pivot": [0, 4, 0], "rotation": [40, 0, 0], "uv": [20, 53]},
						{"origin": [-13, -2.5, -4.75], "size": [2.25, 3, 2.25], "pivot": [0, 4, 0], "rotation": [-50, 0, 0], "uv": [20, 53]}
					]
				},
				{
					"name": "foot2",
					"parent": "leg0_2",
					"pivot": [-11.5, 2, -7.75],
					"cubes": [
						{"origin": [-13, 2, -9], "size": [2, 1, 2], "uv": [20, 53]},
						{"origin": [-14, 0, -10], "size": [4, 2, 3], "uv": [20, 53]},
						{"origin": [-12.5, -0.25, -12.5], "size": [1, 1, 2], "inflate": -0.25, "uv": [0, 117]},
						{"origin": [-10.5, -0.25, -12.5], "size": [1, 1, 2], "inflate": -0.25, "pivot": [-9.5, -0.25, -11.5], "rotation": [0, -5, 0], "uv": [0, 117]},
						{"origin": [-14.25, -0.25, -12.5], "size": [1, 1, 2], "inflate": -0.25, "pivot": [-13.25, -0.25, -11.5], "rotation": [0, 5, 0], "uv": [0, 117]},
						{"origin": [-12.5, 0, -11.5], "size": [1, 1, 2], "uv": [44, 45]},
						{"origin": [-10.5, 0, -10.5], "size": [1, 1, 2], "pivot": [-2, 4, -12.5], "rotation": [0, -5, 0], "uv": [44, 45]},
						{"origin": [-14.5, 0, -12], "size": [1, 1, 2], "pivot": [-6, 4, -14], "rotation": [0, 5, 0], "uv": [44, 45]}
					]
				},
				{
					"name": "w_leftArm",
					"parent": "w_body",
					"pivot": [7.5, 12.5, 1.5],
					"cubes": [
						{"origin": [1.25, 13.25, -2.75], "size": [8, 3.25, 3.25], "pivot": [0, 4, 0], "rotation": [-15, 0, 25], "uv": [20, 19]},
						{"origin": [7.5, 10.5, 0], "size": [3, 4, 4], "pivot": [8.5, 13.5, 0], "rotation": [-15, 0, 25], "uv": [0, 55]}
					]
				},
				{
					"name": "omnitrix",
					"parent": "w_leftArm",
					"pivot": [7.5, 12.5, 1.5],
					"cubes": [
						{"origin": [7.5, 15, 0.75], "size": [2, 1, 2], "pivot": [7.5, 12.5, 1.5], "rotation": [-15, 0, 25], "uv": [34, 47]},
						{"origin": [7.25, 14, 0.5], "size": [2.5, 1, 2.5], "pivot": [7.5, 12.5, 1.5], "rotation": [-15, 0, 25], "uv": [34, 50]}
					]
				},
				{
					"name": "leg1_2",
					"parent": "w_leftArm",
					"pivot": [12.25, 10, 2.25],
					"cubes": [
						{"origin": [10.5, 5.75, -3.75], "size": [3.5, 3.5, 9.75], "pivot": [0, 4, 0], "rotation": [40, 0, 0], "uv": [20, 25]},
						{"origin": [11, -2.5, -4.75], "size": [2.25, 3, 2.25], "pivot": [0, 4, 0], "rotation": [-50, 0, 0], "uv": [20, 37]}
					]
				},
				{
					"name": "foot",
					"parent": "leg1_2",
					"pivot": [12.5, 2, -7.75],
					"cubes": [
						{"origin": [11, 2, -9], "size": [2, 1, 2], "uv": [20, 42]},
						{"origin": [10, 0, -10], "size": [4, 2, 3], "uv": [20, 45]},
						{"origin": [11.5, -0.25, -12.5], "size": [1, 1, 2], "inflate": -0.25, "uv": [0, 117]},
						{"origin": [13.5, -0.25, -12.5], "size": [1, 1, 2], "inflate": -0.25, "pivot": [14.5, -0.25, -11.5], "rotation": [0, -5, 0], "uv": [0, 117]},
						{"origin": [9.5, -0.25, -12.5], "size": [1, 1, 2], "inflate": -0.25, "pivot": [10.5, -0.25, -11.5], "rotation": [0, 5, 0], "uv": [0, 117]},
						{"origin": [11.5, 0, -11.5], "size": [1, 1, 2], "uv": [44, 45]},
						{"origin": [9.25, 0, -12], "size": [1, 1, 2], "pivot": [17.75, 4, -14], "rotation": [0, 5, 0], "uv": [44, 45]},
						{"origin": [13.5, 0, -10.75], "size": [1, 1, 2], "pivot": [22, 4, -12.75], "rotation": [0, -5, 0], "uv": [44, 45]}
					]
				},
				{
					"name": "w_rightLeg",
					"parent": "w_body",
					"pivot": [-4.5, 7.25, 7.75],
					"cubes": [
						{"origin": [-7.5, 7, -1.5], "size": [3, 8, 3], "pivot": [0, 4, 0], "rotation": [-70, 0, 0], "uv": [44, 25]},
						{"origin": [-7.25, -0.5, 3.75], "size": [2.5, 2.75, 2.5], "pivot": [0, 4, 0], "rotation": [25, 0, 0], "uv": [44, 36]},
						{"origin": [-7.75, -1.5, 1.75], "size": [3.5, 1, 4.5], "pivot": [0, 4, 0], "rotation": [25, 0, 0], "uv": [44, 40]},
						{"origin": [-8.5, 0, 2], "size": [1, 1, 2], "pivot": [0, 4, 0], "rotation": [0, 5, 0], "uv": [44, 45]},
						{"origin": [-4.75, 0, 3.25], "size": [1, 1, 2], "pivot": [3.75, 4, 1.25], "rotation": [0, -5, 0], "uv": [44, 45]},
						{"origin": [-6.5, 0, 2.5], "size": [1, 1, 2], "uv": [44, 45]},
						{"origin": [-8.25, -0.25, 1.25], "size": [1, 1, 2], "inflate": -0.25, "pivot": [-7.25, -0.25, 2.25], "rotation": [0, 5, 0], "uv": [0, 117]},
						{"origin": [-4.75, -0.25, 1.25], "size": [1, 1, 2], "inflate": -0.25, "pivot": [-3.75, -0.25, 2.25], "rotation": [0, -5, 0], "uv": [0, 117]},
						{"origin": [-6.5, -0.25, 1.25], "size": [1, 1, 2], "inflate": -0.25, "uv": [0, 117]}
					]
				},
				{
					"name": "w_leftLeg",
					"parent": "w_body",
					"pivot": [5.5, 7.25, 7.75],
					"cubes": [
						{"origin": [4.5, 7, -1.5], "size": [3, 8, 3], "pivot": [14, 4, 0], "rotation": [-70, 0, 0], "uv": [44, 25]},
						{"origin": [4.75, -0.5, 3.75], "size": [2.5, 2.75, 2.5], "pivot": [14, 4, 0], "rotation": [25, 0, 0], "uv": [44, 36]},
						{"origin": [4.25, -1.5, 1.75], "size": [3.5, 1, 4.5], "pivot": [14, 4, 0], "rotation": [25, 0, 0], "uv": [44, 40]},
						{"origin": [5.5, 0, 2.5], "size": [1, 1, 2], "uv": [44, 45]},
						{"origin": [7.5, 0, 3.25], "size": [1, 1, 2], "pivot": [16, 4, 1.25], "rotation": [0, -5, 0], "uv": [44, 45]},
						{"origin": [3.5, 0, 2], "size": [1, 1, 2], "pivot": [12, 4, 0], "rotation": [0, 5, 0], "uv": [44, 45]},
						{"origin": [3.75, -0.25, 1.25], "size": [1, 1, 2], "inflate": -0.25, "pivot": [4.25, 0.25, 2.75], "rotation": [0, 5, 0], "uv": [0, 117]},
						{"origin": [5.5, -0.25, 1.25], "size": [1, 1, 2], "inflate": -0.25, "uv": [0, 117]},
						{"origin": [7.25, -0.25, 1.25], "size": [1, 1, 2], "inflate": -0.25, "pivot": [7.75, 0.25, 2.75], "rotation": [0, -5, 0], "uv": [0, 117]}
					]
				},
				{
					"name": "w_head",
					"parent": "w_body",
					"pivot": [0.5, 10.5, -5.25]
				},
				{
					"name": "upper_jaw",
					"parent": "w_head",
					"pivot": [0.5, 10.5, -5.25],
					"cubes": [
						{"origin": [-2.5, 10, -5.5], "size": [5, 4, 4], "pivot": [0.5, 4, -0.5], "rotation": [25, 0, 0], "uv": [0, 26]},
						{"origin": [-2.5, 10.25, 0.75], "size": [5, 4, 3], "pivot": [0.5, 4, -0.5], "rotation": [75, 0, 0], "uv": [0, 34]}
					]
				},
				{
					"name": "upper_teeth",
					"parent": "upper_jaw",
					"pivot": [0, 7, -6.25],
					"rotation": [-17.5, 0, 0],
					"cubes": [
						{"origin": [-7.5, 5.75, -21.25], "size": [1, 2, 15], "uv": [0, 80]},
						{"origin": [6.5, 5.75, -21.25], "size": [1, 2, 15], "uv": [0, 80]},
						{"origin": [-7.5, 5.75, -22.25], "size": [15, 2, 1], "uv": [32, 80]},
						{"origin": [-6, 3.75, -21.25], "size": [2, 4, 1], "uv": [0, 97]},
						{"origin": [-3.5, 3.75, -21.25], "size": [2, 4, 1], "uv": [0, 97]},
						{"origin": [-1, 3.75, -21.25], "size": [2, 4, 1], "uv": [0, 97]},
						{"origin": [1.5, 3.75, -21.25], "size": [2, 4, 1], "uv": [0, 97]},
						{"origin": [3.75, 3.75, -21.25], "size": [2, 4, 1], "uv": [0, 97]}
					]
				},
				{
					"name": "lower_jaw",
					"parent": "w_head",
					"pivot": [0, 6.75, -6.25],
					"rotation": [35, 0, 0],
					"cubes": [
						{"origin": [-6.5, 6.25, -21.25], "size": [13, 1, 15], "uv": [0, 64]},
						{"origin": [-7.5, 7.25, -21.25], "size": [1, 2, 15], "uv": [0, 80]},
						{"origin": [6.5, 7.25, -21.25], "size": [1, 2, 15], "uv": [0, 80]},
						{"origin": [-7.5, 7.25, -22.25], "size": [15, 2, 1], "uv": [32, 80]},
						{"origin": [-1, 7.25, -21.25], "size": [2, 4, 1], "uv": [0, 97]},
						{"origin": [-6, 7.25, -21.25], "size": [2, 4, 1], "uv": [0, 97]},
						{"origin": [-6, 11.25, -21.25], "size": [1, 1, 1], "uv": [0, 102]},
						{"origin": [4.75, 11.25, -21.25], "size": [1, 1, 1], "uv": [0, 102]},
						{"origin": [3.75, 7.25, -21.25], "size": [2, 4, 1], "uv": [0, 97]},
						{"origin": [-3.5, 7.25, -21.25], "size": [2, 4, 1], "uv": [0, 97]},
						{"origin": [1.25, 7.25, -21.25], "size": [2, 4, 1], "uv": [0, 97]},
						{"origin": [-3.5, 7.25, -19.25], "size": [7, 1, 12], "uv": [0, 104]}
					]
				},
				{
					"name": "mainhand",
					"pivot": [0, 0, 0]
				},
				{
					"name": "fp_rightArm",
					"parent": "mainhand",
					"pivot": [-6.5, 28.5, 1.5],
					"rotation": [100, 0, 180],
					"cubes": [
						{"origin": [-8.75, 29.25, -2.75], "size": [8, 3.25, 3.25], "pivot": [0, 20, 0], "rotation": [-15, 0, -25], "uv": [20, 53]}
					]
				},
				{
					"name": "leg0_3",
					"parent": "fp_rightArm",
					"pivot": [-11.75, 26, 2.25],
					"cubes": [
						{"origin": [-13.5, 21.70011, -3.69054], "size": [3.5, 3.5, 9.75], "pivot": [0, 20, 0], "rotation": [40, 0, 0], "uv": [20, 53]},
						{"origin": [-13, 13.5, -4.75], "size": [2.25, 3, 2.25], "pivot": [0, 20, 0], "rotation": [-50, 0, 0], "uv": [20, 53]}
					]
				},
				{
					"name": "foot3",
					"parent": "leg0_3",
					"pivot": [-11.5, 18, -7.75],
					"cubes": [
						{"origin": [-13, 18, -9], "size": [2, 1, 2], "uv": [20, 53]},
						{"origin": [-14, 16, -10], "size": [4, 2, 3], "uv": [20, 53]},
						{"origin": [-12.5, 15.75, -12.5], "size": [1, 1, 2], "inflate": -0.25, "uv": [0, 117]},
						{"origin": [-10.5, 15.75, -12.5], "size": [1, 1, 2], "inflate": -0.25, "pivot": [-9.5, 15.75, -11.5], "rotation": [0, -5, 0], "uv": [0, 117]},
						{"origin": [-14.25, 15.75, -12.5], "size": [1, 1, 2], "inflate": -0.25, "pivot": [-13.25, 15.75, -11.5], "rotation": [0, 5, 0], "uv": [0, 117]},
						{"origin": [-12.5, 16, -11.5], "size": [1, 1, 2], "uv": [44, 45]},
						{"origin": [-10.5, 16, -10.5], "size": [1, 1, 2], "pivot": [-2, 20, -12.5], "rotation": [0, -5, 0], "uv": [44, 45]},
						{"origin": [-14.5, 16, -12], "size": [1, 1, 2], "pivot": [-6, 20, -14], "rotation": [0, 5, 0], "uv": [44, 45]}
					]
				},
				{
					"name": "offhand",
					"pivot": [0, 0, 0]
				},
				{
					"name": "fp_leftArm",
					"parent": "offhand",
					"pivot": [7.5, 28.5, 1.5],
					"rotation": [100, 0, -180],
					"cubes": [
						{"origin": [1.25, 29.25, -2.75], "size": [8, 3.25, 3.25], "pivot": [0, 20, 0], "rotation": [-15, 0, 25], "uv": [20, 19]},
						{"origin": [7.5, 26.5, 0], "size": [3, 4, 4], "pivot": [8.5, 29.5, 0], "rotation": [-15, 0, 25], "uv": [0, 55]}
					]
				},
				{
					"name": "omnitrix2",
					"parent": "fp_leftArm",
					"pivot": [7.5, 28.5, 1.5],
					"cubes": [
						{"origin": [7.5, 31, 0.75], "size": [2, 1, 2], "pivot": [7.5, 28.5, 1.5], "rotation": [-15, 0, 25], "uv": [34, 47]},
						{"origin": [7.25, 30, 0.5], "size": [2.5, 1, 2.5], "pivot": [7.5, 28.5, 1.5], "rotation": [-15, 0, 25], "uv": [34, 50]}
					]
				},
				{
					"name": "leg1_3",
					"parent": "fp_leftArm",
					"pivot": [12.25, 26, 2.25],
					"cubes": [
						{"origin": [10.5, 21.75, -3.75], "size": [3.5, 3.5, 9.75], "pivot": [0, 20, 0], "rotation": [40, 0, 0], "uv": [20, 25]},
						{"origin": [11, 13.5, -4.75], "size": [2.25, 3, 2.25], "pivot": [0, 20, 0], "rotation": [-50, 0, 0], "uv": [20, 37]}
					]
				},
				{
					"name": "foot4",
					"parent": "leg1_3",
					"pivot": [12.5, 18, -7.75],
					"cubes": [
						{"origin": [11, 18, -9], "size": [2, 1, 2], "uv": [20, 42]},
						{"origin": [10, 16, -10], "size": [4, 2, 3], "uv": [20, 45]},
						{"origin": [11.5, 15.75, -12.5], "size": [1, 1, 2], "inflate": -0.25, "uv": [0, 117]},
						{"origin": [13.5, 15.75, -12.5], "size": [1, 1, 2], "inflate": -0.25, "pivot": [14.5, 15.75, -11.5], "rotation": [0, -5, 0], "uv": [0, 117]},
						{"origin": [9.5, 15.75, -12.5], "size": [1, 1, 2], "inflate": -0.25, "pivot": [10.5, 15.75, -11.5], "rotation": [0, 5, 0], "uv": [0, 117]},
						{"origin": [11.5, 16, -11.5], "size": [1, 1, 2], "uv": [44, 45]},
						{"origin": [9.25, 16, -12], "size": [1, 1, 2], "pivot": [17.75, 20, -14], "rotation": [0, 5, 0], "uv": [44, 45]},
						{"origin": [13.5, 16, -10.75], "size": [1, 1, 2], "pivot": [22, 20, -12.75], "rotation": [0, -5, 0], "uv": [44, 45]}
					]
				},
				{
					"name": "xray_vision",
					"pivot": [0, 35, 0],
					"cubes": [
						{"origin": [-20, 15, -0.5], "size": [40, 40, 1], "uv": [68, 0]}
					]
				}
			]
		}
	]
}