{
	"format_version": "1.12.0",
	"minecraft:geometry": [
		{
			"description": {
				"identifier": "geometry.wildvine.player",
				"texture_width": 128,
				"texture_height": 128,
				"visible_bounds_width": 7,
				"visible_bounds_height": 14.5,
				"visible_bounds_offset": [0, 6.75, 0]
			},
			"bones": [
				{
					"name": "whole",
					"pivot": [0, 0, 0],
					"locators": {
						"transpar": [0, 54, 0]
					}
				},
				{
					"name": "upper_body",
					"parent": "whole",
					"pivot": [0, 68, 0]
				},
				{
					"name": "body1",
					"parent": "upper_body",
					"pivot": [0, 84, 0],
					"cubes": [
						{"origin": [-13, 89, -4.5], "size": [26, 18, 9], "uv": [0, 48]},
						{"origin": [-3.5, 95, -6.5], "size": [7, 3, 2], "uv": [0, 120]},
						{"origin": [-3.5, 95, 4.5], "size": [7, 12, 2], "uv": [56, 75]},
						{"origin": [-5.5, 102, 4.5], "size": [11, 10, 2], "uv": [56, 89]},
						{"origin": [-7.5, 108, 4.5], "size": [15, 4, 2], "uv": [18, 120]},
						{"origin": [5, 112, 4.5], "size": [3, 1, 2], "uv": [50, 119]},
						{"origin": [7, 113, 4.5], "size": [1, 1, 2], "uv": [60, 119]},
						{"origin": [-8, 113, 4.5], "size": [1, 1, 2], "uv": [60, 119]},
						{"origin": [-8, 112, 4.5], "size": [3, 1, 2], "uv": [50, 119]},
						{"origin": [-2.5, 94, -6.5], "size": [5, 1, 2], "uv": [0, 125]},
						{"origin": [-10.5, 84, -3.5], "size": [21, 8, 7], "uv": [0, 75]},
						{"origin": [-6.5, 88, -9], "size": [1, 1, 6], "pivot": [-6, 88.5, -3], "rotation": [65, 0, 0], "uv": [24, 0]},
						{"origin": [6.5, 88, -9], "size": [1, 1, 6], "pivot": [7, 88.5, -3], "rotation": [65, 0, 0], "uv": [24, 0]},
						{"origin": [4.5, 81, -9], "size": [1, 1, 6], "pivot": [5, 81.5, -3], "rotation": [65, 0, 0], "uv": [24, 0]},
						{"origin": [-4.5, 81, -9], "size": [1, 1, 6], "pivot": [-4, 81.5, -3], "rotation": [65, 0, 0], "uv": [24, 0]}
					]
				},
				{
					"name": "w_head",
					"parent": "body1",
					"pivot": [0, 107, -4.5],
					"cubes": [
						{"origin": [-3, 102, -7.5], "size": [6, 10, 6], "uv": [0, 0]},
						{"origin": [-2.5, 112, -6.5], "size": [5, 1, 5], "uv": [0, 21]},
						{"origin": [-0.5, 112, -7.5], "size": [1, 2, 6], "uv": [0, 27]},
						{"origin": [-0.5, 114, -4.5], "size": [1, 1, 4], "uv": [0, 35]},
						{"origin": [-0.5, 115, -1.5], "size": [1, 1, 2], "uv": [0, 40]},
						{"origin": [-2, 107, -8.5], "size": [4, 4, 1], "uv": [0, 16]},
						{"origin": [-1, 110.5, -8.5], "size": [2, 1, 1], "uv": [0, 43]},
						{"origin": [-1, 106.5, -8.5], "size": [2, 1, 1], "uv": [0, 43]},
						{"origin": [1.5, 108, -8.5], "size": [1, 2, 1], "uv": [0, 45]},
						{"origin": [-2.5, 108, -8.5], "size": [1, 2, 1], "uv": [0, 45]}
					]
				},
				{
					"name": "omnitrix",
					"parent": "body1",
					"pivot": [0, 84, 0],
					"cubes": [
						{"origin": [-1, 85.25, -4], "size": [2, 2, 1], "inflate": 1, "uv": [0, 0]}
					]
				},
				{
					"name": "spikey_cover",
					"parent": "body1",
					"pivot": [0, 84, 0]
				},
				{
					"name": "sc_part1",
					"parent": "spikey_cover",
					"pivot": [-3, 97, -0.5],
					"rotation": [0, 0, -20],
					"cubes": [
						{"origin": [-4, 97, -8.5], "size": [2, 18, 14], "uv": [86, 0]},
						{"origin": [-3.5, 105, -10.5], "size": [1, 1, 2], "uv": [104, 0]},
						{"origin": [-3.5, 97, -10.5], "size": [1, 1, 2], "uv": [104, 0]}
					]
				},
				{
					"name": "sc_part2",
					"parent": "sc_part1",
					"pivot": [-3, 114, -1.5],
					"rotation": [0, 0, 20],
					"cubes": [
						{"origin": [-4, 113, -8.5], "size": [2, 10, 14], "uv": [86, 32]},
						{"origin": [-4, 123, -7.5], "size": [2, 1, 12], "uv": [58, 29]},
						{"origin": [-4, 124, -4.5], "size": [2, 1, 6], "uv": [30, 29]},
						{"origin": [-3.5, 121, -10.5], "size": [1, 1, 2], "uv": [104, 0]},
						{"origin": [-3.5, 124, -5.5], "size": [1, 2, 1], "uv": [110, 0]},
						{"origin": [-3.5, 124, 1.5], "size": [1, 2, 1], "uv": [110, 0]},
						{"origin": [-3.5, 121, 5.5], "size": [1, 1, 2], "uv": [104, 0]},
						{"origin": [-3.5, 113, -10.5], "size": [1, 1, 2], "uv": [104, 0]},
						{"origin": [-3.5, 113, 5.5], "size": [1, 1, 2], "uv": [104, 0]}
					]
				},
				{
					"name": "sc_part3",
					"parent": "spikey_cover",
					"pivot": [3, 97, -0.5],
					"rotation": [0, 0, 20],
					"cubes": [
						{"origin": [2, 97, -8.5], "size": [2, 18, 14], "uv": [86, 0], "mirror": true},
						{"origin": [2.5, 105, -10.5], "size": [1, 1, 2], "uv": [104, 0]},
						{"origin": [2.5, 97, -10.5], "size": [1, 1, 2], "uv": [104, 0]}
					]
				},
				{
					"name": "sc_part4",
					"parent": "sc_part3",
					"pivot": [3, 114, -1.5],
					"rotation": [0, 0, -20],
					"cubes": [
						{"origin": [2, 113, -8.5], "size": [2, 10, 14], "uv": [86, 32], "mirror": true},
						{"origin": [2, 123, -7.5], "size": [2, 1, 12], "uv": [58, 29]},
						{"origin": [2, 124, -4.5], "size": [2, 1, 6], "uv": [30, 29]},
						{"origin": [2.5, 121, -10.5], "size": [1, 1, 2], "uv": [104, 0]},
						{"origin": [2.5, 124, -5.5], "size": [1, 2, 1], "uv": [110, 0]},
						{"origin": [2.5, 124, 1.5], "size": [1, 2, 1], "uv": [110, 0]},
						{"origin": [-2.5, 113, 5], "size": [1, 2, 1], "uv": [110, 0]},
						{"origin": [-10.5, 113, 5], "size": [1, 2, 1], "uv": [110, 0]},
						{"origin": [2.5, 121, 5.5], "size": [1, 1, 2], "uv": [104, 0]},
						{"origin": [2.5, 113, -10.5], "size": [1, 1, 2], "uv": [104, 0]},
						{"origin": [2.5, 113, 5.5], "size": [1, 1, 2], "uv": [104, 0]}
					]
				},
				{
					"name": "seed1",
					"parent": "body1",
					"pivot": [8.5, 99.25, 4.5],
					"rotation": [45, 15, 0],
					"cubes": [
						{"origin": [6.5, 90.75, 2.5], "size": [4, 7, 4], "uv": [14, 30]},
						{"origin": [7, 97.75, 3], "size": [3, 1, 3], "uv": [14, 41]},
						{"origin": [8, 98.75, 4], "size": [1, 1, 1], "uv": [14, 45]},
						{"origin": [8, 88.75, 4], "size": [1, 1, 1], "uv": [14, 45]},
						{"origin": [7, 89.75, 3], "size": [3, 1, 3], "uv": [14, 41]}
					]
				},
				{
					"name": "leaf1",
					"parent": "seed1",
					"pivot": [8.5, 99.25, 4.5],
					"rotation": [-35, 0, 0],
					"cubes": [
						{"origin": [7.5, 98.75, 4], "size": [2, 1, 4], "uv": [30, 36]},
						{"origin": [8, 98.75, 8], "size": [1, 1, 1], "uv": [30, 41]}
					]
				},
				{
					"name": "leaf2",
					"parent": "seed1",
					"pivot": [8.5, 99.25, 4.5],
					"rotation": [-35, -90, 0],
					"cubes": [
						{"origin": [7.5, 98.75, 4], "size": [2, 1, 4], "uv": [30, 36]},
						{"origin": [8, 98.75, 8], "size": [1, 1, 1], "uv": [30, 41]}
					]
				},
				{
					"name": "leaf3",
					"parent": "seed1",
					"pivot": [8.5, 99.25, 4.5],
					"rotation": [-35, 180, 0],
					"cubes": [
						{"origin": [7.5, 98.75, 4], "size": [2, 1, 4], "uv": [30, 36]},
						{"origin": [8, 98.75, 8], "size": [1, 1, 1], "uv": [30, 41]}
					]
				},
				{
					"name": "leaf4",
					"parent": "seed1",
					"pivot": [8.5, 99.25, 4.5],
					"rotation": [-35, 90, 0],
					"cubes": [
						{"origin": [7.5, 98.75, 4], "size": [2, 1, 4], "uv": [30, 36]},
						{"origin": [8, 98.75, 8], "size": [1, 1, 1], "uv": [30, 41]}
					]
				},
				{
					"name": "seed2",
					"parent": "body1",
					"pivot": [-8.5, 99.25, 4.5],
					"rotation": [45, -15, 0],
					"cubes": [
						{"origin": [-10.5, 90.75, 2.5], "size": [4, 7, 4], "uv": [14, 30]},
						{"origin": [-10, 97.75, 3], "size": [3, 1, 3], "uv": [14, 41]},
						{"origin": [-9, 98.75, 4], "size": [1, 1, 1], "uv": [14, 45]},
						{"origin": [-9, 88.75, 4], "size": [1, 1, 1], "uv": [14, 45]},
						{"origin": [-10, 89.75, 3], "size": [3, 1, 3], "uv": [14, 41]}
					]
				},
				{
					"name": "leaf5",
					"parent": "seed2",
					"pivot": [-8.5, 99.25, 4.5],
					"rotation": [-35, 0, 0],
					"cubes": [
						{"origin": [-9.5, 98.75, 4], "size": [2, 1, 4], "uv": [30, 36]},
						{"origin": [-9, 98.75, 8], "size": [1, 1, 1], "uv": [30, 41]}
					]
				},
				{
					"name": "leaf6",
					"parent": "seed2",
					"pivot": [-8.5, 99.25, 4.5],
					"rotation": [-35, -90, 0],
					"cubes": [
						{"origin": [-9.5, 98.75, 4], "size": [2, 1, 4], "uv": [30, 36]},
						{"origin": [-9, 98.75, 8], "size": [1, 1, 1], "uv": [30, 41]}
					]
				},
				{
					"name": "leaf7",
					"parent": "seed2",
					"pivot": [-8.5, 99.25, 4.5],
					"rotation": [-35, 180, 0],
					"cubes": [
						{"origin": [-9.5, 98.75, 4], "size": [2, 1, 4], "uv": [30, 36]},
						{"origin": [-9, 98.75, 8], "size": [1, 1, 1], "uv": [30, 41]}
					]
				},
				{
					"name": "leaf8",
					"parent": "seed2",
					"pivot": [-8.5, 99.25, 4.5],
					"rotation": [-35, 90, 0],
					"cubes": [
						{"origin": [-9.5, 98.75, 4], "size": [2, 1, 4], "uv": [30, 36]},
						{"origin": [-9, 98.75, 8], "size": [1, 1, 1], "uv": [30, 41]}
					]
				},
				{
					"name": "seed3",
					"parent": "body1",
					"pivot": [3.5, 91.25, 4.5],
					"rotation": [37.5, 15, 0],
					"cubes": [
						{"origin": [1.01704, 82.82878, 2.39733], "size": [4, 7, 4], "uv": [14, 30]},
						{"origin": [1.51704, 89.82878, 2.89733], "size": [3, 1, 3], "uv": [14, 41]},
						{"origin": [2.51704, 90.82878, 3.89733], "size": [1, 1, 1], "uv": [14, 45]},
						{"origin": [2.51704, 80.82878, 3.89733], "size": [1, 1, 1], "uv": [14, 45]},
						{"origin": [1.51704, 81.82878, 2.89733], "size": [3, 1, 3], "uv": [14, 41]}
					]
				},
				{
					"name": "leaf9",
					"parent": "seed3",
					"pivot": [3.5, 91.25, 4.5],
					"rotation": [-35, 0, 0],
					"cubes": [
						{"origin": [2.01704, 90.75564, 3.87071], "size": [2, 1, 4], "uv": [30, 36]},
						{"origin": [2.51704, 90.75564, 7.87071], "size": [1, 1, 1], "uv": [30, 41]}
					]
				},
				{
					"name": "leaf10",
					"parent": "seed3",
					"pivot": [3.5, 91.25, 4.5],
					"rotation": [-35, -90, 0],
					"cubes": [
						{"origin": [2.39733, 91.09155, 4.35043], "size": [2, 1, 4], "uv": [30, 36]},
						{"origin": [2.89733, 91.09155, 8.35043], "size": [1, 1, 1], "uv": [30, 41]}
					]
				},
				{
					"name": "leaf11",
					"parent": "seed3",
					"pivot": [3.5, 91.25, 4.5],
					"rotation": [-35, 180, 0],
					"cubes": [
						{"origin": [2.98296, 90.87342, 4.03891], "size": [2, 1, 4], "uv": [30, 36]},
						{"origin": [3.48296, 90.87342, 8.03891], "size": [1, 1, 1], "uv": [30, 41]}
					]
				},
				{
					"name": "leaf12",
					"parent": "seed3",
					"pivot": [3.5, 91.25, 4.5],
					"rotation": [-35, 90, 0],
					"cubes": [
						{"origin": [2.60267, 90.53752, 3.55919], "size": [2, 1, 4], "uv": [30, 36]},
						{"origin": [3.10267, 90.53752, 7.55919], "size": [1, 1, 1], "uv": [30, 41]}
					]
				},
				{
					"name": "seed4",
					"parent": "body1",
					"pivot": [-1.75, 91.25, 4.5],
					"rotation": [37.5, -15, 0],
					"cubes": [
						{"origin": [-3.75, 82.75, 2.5], "size": [4, 7, 4], "uv": [14, 30]},
						{"origin": [-3.25, 89.75, 3], "size": [3, 1, 3], "uv": [14, 41]},
						{"origin": [-2.25, 90.75, 4], "size": [1, 1, 1], "uv": [14, 45]},
						{"origin": [-2.25, 80.75, 4], "size": [1, 1, 1], "uv": [14, 45]},
						{"origin": [-3.25, 81.75, 3], "size": [3, 1, 3], "uv": [14, 41]}
					]
				},
				{
					"name": "leaf13",
					"parent": "seed4",
					"pivot": [-1.75, 91.25, 4.5],
					"rotation": [-35, 0, 0],
					"cubes": [
						{"origin": [-2.75, 90.75, 4], "size": [2, 1, 4], "uv": [30, 36]},
						{"origin": [-2.25, 90.75, 8], "size": [1, 1, 1], "uv": [30, 41]}
					]
				},
				{
					"name": "leaf14",
					"parent": "seed4",
					"pivot": [-1.75, 91.25, 4.5],
					"rotation": [-35, -90, 0],
					"cubes": [
						{"origin": [-2.75, 90.75, 4], "size": [2, 1, 4], "uv": [30, 36]},
						{"origin": [-2.25, 90.75, 8], "size": [1, 1, 1], "uv": [30, 41]}
					]
				},
				{
					"name": "leaf15",
					"parent": "seed4",
					"pivot": [-1.75, 91.25, 4.5],
					"rotation": [-35, 180, 0],
					"cubes": [
						{"origin": [-2.75, 90.75, 4], "size": [2, 1, 4], "uv": [30, 36]},
						{"origin": [-2.25, 90.75, 8], "size": [1, 1, 1], "uv": [30, 41]}
					]
				},
				{
					"name": "leaf16",
					"parent": "seed4",
					"pivot": [-1.75, 91.25, 4.5],
					"rotation": [-35, 90, 0],
					"cubes": [
						{"origin": [-2.75, 90.75, 4], "size": [2, 1, 4], "uv": [30, 36]},
						{"origin": [-2.25, 90.75, 8], "size": [1, 1, 1], "uv": [30, 41]}
					]
				},
				{
					"name": "w_rightArm",
					"parent": "body1",
					"pivot": [-13, 107.25, 0],
					"rotation": [11.76782, -4.2453, 19.5623],
					"cubes": [
						{"origin": [-14.58087, 84.35097, -3.91987], "size": [6, 23, 6], "uv": [38, 0]},
						{"origin": [-16.58087, 100.35097, -2.91987], "size": [2, 4, 4], "uv": [24, 7]},
						{"origin": [-17.58087, 100.85097, -2.41987], "size": [1, 3, 3], "uv": [24, 15]}
					]
				},
				{
					"name": "rightArm2",
					"parent": "w_rightArm",
					"pivot": [-11.58087, 87.10097, -0.91987],
					"rotation": [-20, 0, 0],
					"cubes": [
						{"origin": [-14.58087, 67.35097, -3.91987], "size": [6, 23, 6], "inflate": -0.1, "uv": [62, 0]},
						{"origin": [-13.08087, 78.35097, -9.16987], "size": [1, 1, 6], "pivot": [-12.58087, 78.85097, -3.16987], "rotation": [-65, 0, 0], "uv": [24, 0]},
						{"origin": [-10.83087, 74.35097, -9.16987], "size": [1, 1, 6], "inflate": -1, "pivot": [-10.33087, 74.85097, -3.16987], "rotation": [-65, 0, 0], "uv": [24, 0]},
						{"origin": [-13.33087, 69.60097, -8.16987], "size": [1, 1, 6], "inflate": -0.1, "pivot": [-12.83087, 70.10097, -2.16987], "rotation": [-65, 0, 0], "uv": [24, 0]}
					]
				},
				{
					"name": "hand1",
					"parent": "rightArm2",
					"pivot": [11.41913, 51.35097, -0.91987]
				},
				{
					"name": "joint1",
					"parent": "hand1",
					"pivot": [-14.08087, 67.85097, 1.58013],
					"rotation": [13.64973, -6.27967, 24.24769],
					"cubes": [
						{"origin": [-14.58087, 60.35097, 1.08013], "size": [1, 8, 1], "uv": [20, 21]}
					]
				},
				{
					"name": "joint2",
					"parent": "joint1",
					"pivot": [-14.08087, 60.85097, 1.58013],
					"rotation": [0, 0, -40],
					"cubes": [
						{"origin": [-14.58087, 55.35097, 1.08013], "size": [1, 6, 1], "uv": [24, 21]}
					]
				},
				{
					"name": "joint3",
					"parent": "joint2",
					"pivot": [-14.08087, 55.85097, 1.58013],
					"rotation": [0, 0, -32.5],
					"cubes": [
						{"origin": [-14.58087, 53.35097, 1.08013], "size": [1, 3, 1], "uv": [28, 21]}
					]
				},
				{
					"name": "joint4",
					"parent": "hand1",
					"pivot": [-14.08087, 67.85097, -0.91987],
					"rotation": [0, 0, 20],
					"cubes": [
						{"origin": [-14.58087, 60.35097, -1.41987], "size": [1, 8, 1], "uv": [20, 21]}
					]
				},
				{
					"name": "joint5",
					"parent": "joint4",
					"pivot": [-14.08087, 60.85097, -0.91987],
					"rotation": [0, 0, -32.5],
					"cubes": [
						{"origin": [-14.58087, 55.35097, -1.41987], "size": [1, 6, 1], "uv": [24, 21]}
					]
				},
				{
					"name": "joint6",
					"parent": "joint5",
					"pivot": [-14.08087, 55.85097, -0.91987],
					"rotation": [0, 0, -32.5],
					"cubes": [
						{"origin": [-14.58087, 53.35097, -1.41987], "size": [1, 3, 1], "uv": [28, 21]}
					]
				},
				{
					"name": "joint7",
					"parent": "hand1",
					"pivot": [-14.08087, 67.85097, -3.41987],
					"rotation": [-14.33501, 4.46375, 16.93839],
					"cubes": [
						{"origin": [-14.58087, 60.35097, -3.91987], "size": [1, 8, 1], "uv": [20, 21]}
					]
				},
				{
					"name": "joint8",
					"parent": "joint7",
					"pivot": [-14.08087, 60.85097, -3.41987],
					"rotation": [0, 0, -40],
					"cubes": [
						{"origin": [-14.58087, 55.35097, -3.91987], "size": [1, 6, 1], "uv": [24, 21]}
					]
				},
				{
					"name": "joint9",
					"parent": "joint8",
					"pivot": [-14.08087, 55.85097, -3.41987],
					"rotation": [0, 0, -45],
					"cubes": [
						{"origin": [-14.58087, 53.35097, -3.91987], "size": [1, 3, 1], "uv": [28, 21]}
					]
				},
				{
					"name": "joint10",
					"parent": "hand1",
					"pivot": [-9.08087, 67.85097, -3.41987],
					"rotation": [0, 0, -25],
					"cubes": [
						{"origin": [-9.58087, 60.35097, -3.91987], "size": [1, 8, 1], "uv": [20, 21]}
					]
				},
				{
					"name": "joint11",
					"parent": "joint10",
					"pivot": [-9.08087, 60.85097, -3.41987],
					"rotation": [0, 0, 30],
					"cubes": [
						{"origin": [-9.58087, 55.35097, -3.91987], "size": [1, 6, 1], "uv": [24, 21]}
					]
				},
				{
					"name": "joint12",
					"parent": "joint11",
					"pivot": [-9.08087, 55.85097, -3.41987],
					"rotation": [0, 0, 22.5],
					"cubes": [
						{"origin": [-9.58087, 53.35097, -3.91987], "size": [1, 3, 1], "uv": [28, 21]}
					]
				},
				{
					"name": "w_leftArm",
					"parent": "body1",
					"pivot": [13, 107.25, 0],
					"rotation": [11.76782, 4.2453, -19.5623],
					"cubes": [
						{"origin": [8.58087, 84.35097, -3.91987], "size": [6, 23, 6], "uv": [38, 0], "mirror": true},
						{"origin": [14.58087, 100.35097, -2.91987], "size": [2, 4, 4], "uv": [24, 7], "mirror": true},
						{"origin": [16.58087, 100.85097, -2.41987], "size": [1, 3, 3], "uv": [24, 15], "mirror": true}
					]
				},
				{
					"name": "leftArm2",
					"parent": "w_leftArm",
					"pivot": [11.58087, 87.10097, -0.91987],
					"rotation": [-20, 0, 0],
					"cubes": [
						{"origin": [8.58087, 67.35097, -3.91987], "size": [6, 23, 6], "inflate": -0.1, "uv": [62, 0], "mirror": true},
						{"origin": [12.08087, 78.35097, -9.16987], "size": [1, 1, 6], "pivot": [12.58087, 78.85097, -3.16987], "rotation": [-65, 0, 0], "uv": [24, 0]},
						{"origin": [9.83087, 74.35097, -9.16987], "size": [1, 1, 6], "inflate": -1, "pivot": [10.33087, 74.85097, -3.16987], "rotation": [-65, 0, 0], "uv": [24, 0]},
						{"origin": [12.33087, 69.60097, -8.16987], "size": [1, 1, 6], "inflate": -0.1, "pivot": [12.83087, 70.10097, -2.16987], "rotation": [-65, 0, 0], "uv": [24, 0]}
					]
				},
				{
					"name": "hand2",
					"parent": "leftArm2",
					"pivot": [34.58087, 51.35097, -0.91987]
				},
				{
					"name": "joint13",
					"parent": "hand2",
					"pivot": [14.08087, 67.85097, 1.58013],
					"rotation": [11.76782, 4.2453, -19.5623],
					"cubes": [
						{"origin": [13.58087, 60.35097, 1.08013], "size": [1, 8, 1], "uv": [20, 21]}
					]
				},
				{
					"name": "joint14",
					"parent": "joint13",
					"pivot": [14.08087, 60.85097, 1.58013],
					"rotation": [0, 0, 35],
					"cubes": [
						{"origin": [13.58087, 55.35097, 1.08013], "size": [1, 6, 1], "uv": [24, 21]}
					]
				},
				{
					"name": "joint15",
					"parent": "joint14",
					"pivot": [14.08087, 55.85097, 1.58013],
					"rotation": [0, 0, 27.5],
					"cubes": [
						{"origin": [13.58087, 53.35097, 1.08013], "size": [1, 3, 1], "uv": [28, 21]}
					]
				},
				{
					"name": "joint16",
					"parent": "hand2",
					"pivot": [14.08087, 67.85097, -0.91987],
					"rotation": [0, 0, -20],
					"cubes": [
						{"origin": [13.58087, 60.35097, -1.41987], "size": [1, 8, 1], "uv": [20, 21]}
					]
				},
				{
					"name": "joint17",
					"parent": "joint16",
					"pivot": [14.08087, 60.85097, -0.91987],
					"rotation": [0, 0, 25],
					"cubes": [
						{"origin": [13.58087, 55.35097, -1.41987], "size": [1, 6, 1], "uv": [24, 21]}
					]
				},
				{
					"name": "joint18",
					"parent": "joint17",
					"pivot": [14.08087, 55.85097, -0.91987],
					"rotation": [0, 0, 35],
					"cubes": [
						{"origin": [13.58087, 53.35097, -1.41987], "size": [1, 3, 1], "uv": [28, 21]}
					]
				},
				{
					"name": "joint19",
					"parent": "hand2",
					"pivot": [14.08087, 67.85097, -3.41987],
					"rotation": [-11.57518, -4.75113, -22.01816],
					"cubes": [
						{"origin": [13.58087, 60.35097, -3.91987], "size": [1, 8, 1], "uv": [20, 21]}
					]
				},
				{
					"name": "joint20",
					"parent": "joint19",
					"pivot": [14.08087, 60.85097, -3.41987],
					"rotation": [0, 0, 32.5],
					"cubes": [
						{"origin": [13.58087, 55.35097, -3.91987], "size": [1, 6, 1], "uv": [24, 21]}
					]
				},
				{
					"name": "joint21",
					"parent": "joint20",
					"pivot": [14.08087, 55.85097, -3.41987],
					"rotation": [0, 0, 32.5],
					"cubes": [
						{"origin": [13.58087, 53.35097, -3.91987], "size": [1, 3, 1], "uv": [28, 21]}
					]
				},
				{
					"name": "joint22",
					"parent": "hand2",
					"pivot": [9.08087, 67.85097, -3.41987],
					"rotation": [0, 0, 20],
					"cubes": [
						{"origin": [8.58087, 60.35097, -3.91987], "size": [1, 8, 1], "uv": [20, 21]}
					]
				},
				{
					"name": "joint23",
					"parent": "joint22",
					"pivot": [9.08087, 60.85097, -3.41987],
					"rotation": [0, 0, -35],
					"cubes": [
						{"origin": [8.58087, 55.35097, -3.91987], "size": [1, 6, 1], "uv": [24, 21]}
					]
				},
				{
					"name": "joint24",
					"parent": "joint23",
					"pivot": [9.08087, 55.85097, -3.41987],
					"rotation": [0, 0, -32.5],
					"cubes": [
						{"origin": [8.58087, 53.35097, -3.91987], "size": [1, 3, 1], "uv": [28, 21]}
					]
				},
				{
					"name": "body2",
					"parent": "upper_body",
					"pivot": [0, 68, 0],
					"cubes": [
						{"origin": [-8.5, 81, -3], "size": [17, 6, 6], "uv": [0, 90]},
						{"origin": [-7.5, 68, -2.5], "size": [15, 13, 5], "uv": [0, 102]}
					]
				},
				{
					"name": "seed5",
					"parent": "body2",
					"pivot": [1.25, 79.75, 2.5],
					"rotation": [30, 15, 0],
					"cubes": [
						{"origin": [0.21593, 71.12059, 0.72414], "size": [4, 7, 4], "uv": [14, 30]},
						{"origin": [0.71593, 78.12059, 1.22414], "size": [3, 1, 3], "uv": [14, 41]},
						{"origin": [1.71593, 79.12059, 2.22414], "size": [1, 1, 1], "uv": [14, 45]},
						{"origin": [1.71593, 69.12059, 2.22414], "size": [1, 1, 1], "uv": [14, 45]},
						{"origin": [0.71593, 70.12059, 1.22414], "size": [3, 1, 3], "uv": [14, 41]}
					]
				},
				{
					"name": "leaf17",
					"parent": "seed5",
					"pivot": [1.25, 79.75, 2.5],
					"rotation": [-35, 0, 0],
					"cubes": [
						{"origin": [1.21593, 79.27256, 2.25783], "size": [2, 1, 4], "uv": [30, 36]},
						{"origin": [1.71593, 79.27256, 6.25783], "size": [1, 1, 1], "uv": [30, 41]}
					]
				},
				{
					"name": "leaf18",
					"parent": "seed5",
					"pivot": [1.25, 79.75, 2.5],
					"rotation": [-35, -90, 0],
					"cubes": [
						{"origin": [0.47414, 78.58996, 1.28299], "size": [2, 1, 4], "uv": [30, 36]},
						{"origin": [0.97414, 78.58996, 5.28299], "size": [1, 1, 1], "uv": [30, 41]}
					]
				},
				{
					"name": "leaf19",
					"parent": "seed5",
					"pivot": [1.25, 79.75, 2.5],
					"rotation": [-35, 180, 0],
					"cubes": [
						{"origin": [-0.71593, 79.01543, 1.89062], "size": [2, 1, 4], "uv": [30, 36]},
						{"origin": [-0.21593, 79.01543, 5.89062], "size": [1, 1, 1], "uv": [30, 41]}
					]
				},
				{
					"name": "leaf20",
					"parent": "seed5",
					"pivot": [1.25, 79.75, 2.5],
					"rotation": [-35, 90, 0],
					"cubes": [
						{"origin": [0.02586, 79.69803, 2.86547], "size": [2, 1, 4], "uv": [30, 36]},
						{"origin": [0.52586, 79.69803, 6.86547], "size": [1, 1, 1], "uv": [30, 41]}
					]
				},
				{
					"name": "seed6",
					"parent": "body2",
					"pivot": [-2, 79.75, 2.5],
					"rotation": [30, -15, 0],
					"cubes": [
						{"origin": [-4, 71.25, 0.5], "size": [4, 7, 4], "uv": [14, 30]},
						{"origin": [-3.5, 78.25, 1], "size": [3, 1, 3], "uv": [14, 41]},
						{"origin": [-2.5, 79.25, 2], "size": [1, 1, 1], "uv": [14, 45]},
						{"origin": [-2.5, 69.25, 2], "size": [1, 1, 1], "uv": [14, 45]},
						{"origin": [-3.5, 70.25, 1], "size": [3, 1, 3], "uv": [14, 41]}
					]
				},
				{
					"name": "leaf21",
					"parent": "seed6",
					"pivot": [-2, 79.75, 2.5],
					"rotation": [-35, 0, 0],
					"cubes": [
						{"origin": [-3, 79.25, 2], "size": [2, 1, 4], "uv": [30, 36]},
						{"origin": [-2.5, 79.25, 6], "size": [1, 1, 1], "uv": [30, 41]}
					]
				},
				{
					"name": "leaf22",
					"parent": "seed6",
					"pivot": [-2, 79.75, 2.5],
					"rotation": [-35, -90, 0],
					"cubes": [
						{"origin": [-3, 79.25, 2], "size": [2, 1, 4], "uv": [30, 36]},
						{"origin": [-2.5, 79.25, 6], "size": [1, 1, 1], "uv": [30, 41]}
					]
				},
				{
					"name": "leaf23",
					"parent": "seed6",
					"pivot": [-2, 79.75, 2.5],
					"rotation": [-35, 180, 0],
					"cubes": [
						{"origin": [-3, 79.25, 2], "size": [2, 1, 4], "uv": [30, 36]},
						{"origin": [-2.5, 79.25, 6], "size": [1, 1, 1], "uv": [30, 41]}
					]
				},
				{
					"name": "leaf24",
					"parent": "seed6",
					"pivot": [-2, 79.75, 2.5],
					"rotation": [-35, 90, 0],
					"cubes": [
						{"origin": [-3, 79.25, 2], "size": [2, 1, 4], "uv": [30, 36]},
						{"origin": [-2.5, 79.25, 6], "size": [1, 1, 1], "uv": [30, 41]}
					]
				},
				{
					"name": "lower_body",
					"parent": "whole",
					"pivot": [0, 55, 0],
					"cubes": [
						{"origin": [-6.5, 58, -2], "size": [13, 13, 4], "uv": [40, 102]}
					]
				},
				{
					"name": "seed7",
					"parent": "lower_body",
					"pivot": [2, 66.75, 1.5],
					"rotation": [27.5, 15, 0],
					"cubes": [
						{"origin": [0, 58.25, -0.5], "size": [4, 7, 4], "uv": [14, 30]},
						{"origin": [0.5, 65.25, 0], "size": [3, 1, 3], "uv": [14, 41]},
						{"origin": [1.5, 66.25, 1], "size": [1, 1, 1], "uv": [14, 45]},
						{"origin": [1.5, 56.25, 1], "size": [1, 1, 1], "uv": [14, 45]},
						{"origin": [0.5, 57.25, 0], "size": [3, 1, 3], "uv": [14, 41]}
					]
				},
				{
					"name": "leaf25",
					"parent": "seed7",
					"pivot": [2, 66.75, 1.5],
					"rotation": [-35, 0, 0],
					"cubes": [
						{"origin": [1, 66.25, 1], "size": [2, 1, 4], "uv": [30, 36]},
						{"origin": [1.5, 66.25, 5], "size": [1, 1, 1], "uv": [30, 41]}
					]
				},
				{
					"name": "leaf26",
					"parent": "seed7",
					"pivot": [2, 66.75, 1.5],
					"rotation": [-35, -90, 0],
					"cubes": [
						{"origin": [1, 66.25, 1], "size": [2, 1, 4], "uv": [30, 36]},
						{"origin": [1.5, 66.25, 5], "size": [1, 1, 1], "uv": [30, 41]}
					]
				},
				{
					"name": "leaf27",
					"parent": "seed7",
					"pivot": [2, 66.75, 1.5],
					"rotation": [-35, 180, 0],
					"cubes": [
						{"origin": [1, 66.25, 1], "size": [2, 1, 4], "uv": [30, 36]},
						{"origin": [1.5, 66.25, 5], "size": [1, 1, 1], "uv": [30, 41]}
					]
				},
				{
					"name": "leaf28",
					"parent": "seed7",
					"pivot": [2, 66.75, 1.5],
					"rotation": [-35, 90, 0],
					"cubes": [
						{"origin": [1, 66.25, 1], "size": [2, 1, 4], "uv": [30, 36]},
						{"origin": [1.5, 66.25, 5], "size": [1, 1, 1], "uv": [30, 41]}
					]
				},
				{
					"name": "seed8",
					"parent": "lower_body",
					"pivot": [-2, 66.75, 1.5],
					"rotation": [27.5, -15, 0],
					"cubes": [
						{"origin": [-4, 58.25, -0.5], "size": [4, 7, 4], "uv": [14, 30]},
						{"origin": [-3.5, 65.25, 0], "size": [3, 1, 3], "uv": [14, 41]},
						{"origin": [-2.5, 66.25, 1], "size": [1, 1, 1], "uv": [14, 45]},
						{"origin": [-2.5, 56.25, 1], "size": [1, 1, 1], "uv": [14, 45]},
						{"origin": [-3.5, 57.25, 0], "size": [3, 1, 3], "uv": [14, 41]}
					]
				},
				{
					"name": "leaf29",
					"parent": "seed8",
					"pivot": [-2, 66.75, 1.5],
					"rotation": [-35, 0, 0],
					"cubes": [
						{"origin": [-3, 66.25, 1], "size": [2, 1, 4], "uv": [30, 36]},
						{"origin": [-2.5, 66.25, 5], "size": [1, 1, 1], "uv": [30, 41]}
					]
				},
				{
					"name": "leaf30",
					"parent": "seed8",
					"pivot": [-2, 66.75, 1.5],
					"rotation": [-35, -90, 0],
					"cubes": [
						{"origin": [-3, 66.25, 1], "size": [2, 1, 4], "uv": [30, 36]},
						{"origin": [-2.5, 66.25, 5], "size": [1, 1, 1], "uv": [30, 41]}
					]
				},
				{
					"name": "leaf31",
					"parent": "seed8",
					"pivot": [-2, 66.75, 1.5],
					"rotation": [-35, 180, 0],
					"cubes": [
						{"origin": [-3, 66.25, 1], "size": [2, 1, 4], "uv": [30, 36]},
						{"origin": [-2.5, 66.25, 5], "size": [1, 1, 1], "uv": [30, 41]}
					]
				},
				{
					"name": "leaf32",
					"parent": "seed8",
					"pivot": [-2, 66.75, 1.5],
					"rotation": [-35, 90, 0],
					"cubes": [
						{"origin": [-3, 66.25, 1], "size": [2, 1, 4], "uv": [30, 36]},
						{"origin": [-2.5, 66.25, 5], "size": [1, 1, 1], "uv": [30, 41]}
					]
				},
				{
					"name": "tentacle1",
					"parent": "lower_body",
					"pivot": [-3.25, 58.5, 0],
					"rotation": [-23.71227, 18.42031, 7.92945],
					"cubes": [
						{"origin": [-5.75, 35, -2.5], "size": [5, 24, 5], "uv": [74, 56]},
						{"origin": [-5.25, 41.5, -7.75], "size": [1, 1, 6], "pivot": [-4.75, 42, -1.75], "rotation": [65, 0, 0], "uv": [24, 0]}
					]
				},
				{
					"name": "tentacle2",
					"parent": "tentacle1",
					"pivot": [-3.25, 37, 0],
					"rotation": [-55, 0, 0],
					"cubes": [
						{"origin": [-5.75, 23, -2.5], "size": [5, 17, 5], "uv": [94, 56]},
						{"origin": [-2.25, 33.5, -7.75], "size": [1, 1, 6], "pivot": [-1.75, 34, -1.75], "rotation": [65, 0, 0], "uv": [24, 0]},
						{"origin": [-5.5, 32, -7.25], "size": [1, 1, 6], "pivot": [-5, 32.5, -1.25], "rotation": [65, 90, 0], "uv": [40, 30]}
					]
				},
				{
					"name": "tentacle3",
					"parent": "tentacle2",
					"pivot": [-3.25, 23, 0],
					"rotation": [62.5, 0, 0],
					"cubes": [
						{"origin": [-5.25, 7, -2], "size": [4, 19, 4], "uv": [82, 85]},
						{"origin": [-4.75, 15, -7.25], "size": [1, 1, 6], "pivot": [-4.25, 15.5, -1.25], "rotation": [65, 90, 0], "uv": [40, 30]},
						{"origin": [-2.75, 12, -6.25], "size": [1, 1, 6], "pivot": [-2.25, 12.5, -0.25], "rotation": [65, 0, 0], "uv": [40, 30]},
						{"origin": [-4.75, 21, -5.25], "size": [1, 1, 6], "pivot": [-4.25, 21.5, 0.75], "rotation": [65, 90, 0], "uv": [40, 30]}
					]
				},
				{
					"name": "tentacle4",
					"parent": "tentacle3",
					"pivot": [-3.25, 8, 0],
					"rotation": [7.5, 0, 0],
					"cubes": [
						{"origin": [-4.75, -4, -1.5], "size": [3, 15, 3], "uv": [82, 85]}
					]
				},
				{
					"name": "tentacle5",
					"parent": "tentacle4",
					"pivot": [-3.25, -3.25, 0],
					"rotation": [12.5, 0, 0],
					"cubes": [
						{"origin": [-4.25, -13, -1], "size": [2, 12, 2], "uv": [82, 85]}
					]
				},
				{
					"name": "tentacle6",
					"parent": "tentacle5",
					"pivot": [-3.25, -12.5, 0],
					"rotation": [22.5, 0, 0],
					"cubes": [
						{"origin": [-3.75, -20, -0.5], "size": [1, 9, 1], "uv": [82, 85]}
					]
				},
				{
					"name": "tentacle7",
					"parent": "lower_body",
					"pivot": [3.25, 58.5, 0],
					"rotation": [-11.56134, -12.2403, -8.73739],
					"cubes": [
						{"origin": [0.75, 35, -2.5], "size": [5, 24, 5], "uv": [74, 56], "mirror": true},
						{"origin": [4.25, 41.5, -7.75], "size": [1, 1, 6], "pivot": [4.75, 42, -1.75], "rotation": [65, 0, 0], "uv": [24, 0]}
					]
				},
				{
					"name": "tentacle8",
					"parent": "tentacle7",
					"pivot": [3.25, 37, 0],
					"rotation": [-65, 0, 0],
					"cubes": [
						{"origin": [0.75, 23, -2.5], "size": [5, 17, 5], "uv": [94, 56], "mirror": true},
						{"origin": [1.25, 33.5, -7.75], "size": [1, 1, 6], "pivot": [1.75, 34, -1.75], "rotation": [65, 0, 0], "uv": [24, 0]},
						{"origin": [1, 32, -7.25], "size": [1, 1, 6], "pivot": [1.5, 32.5, -1.25], "rotation": [65, 90, 0], "uv": [40, 30]}
					]
				},
				{
					"name": "tentacle9",
					"parent": "tentacle8",
					"pivot": [3.25, 23, 0],
					"rotation": [42.5, 0, 0],
					"cubes": [
						{"origin": [1.25, 7, -2], "size": [4, 19, 4], "uv": [82, 85]},
						{"origin": [4, 15, -7.25], "size": [1, 1, 6], "pivot": [4.5, 15.5, -1.25], "rotation": [110, 90, 0], "uv": [40, 30]},
						{"origin": [1.75, 12, -6.25], "size": [1, 1, 6], "pivot": [2.25, 12.5, -0.25], "rotation": [65, 0, 0], "uv": [40, 30]},
						{"origin": [4, 21, -5.25], "size": [1, 1, 6], "pivot": [4.5, 21.5, 0.75], "rotation": [107.5, 90, 0], "uv": [40, 30]}
					]
				},
				{
					"name": "tentacle10",
					"parent": "tentacle9",
					"pivot": [3.25, 8, 0],
					"rotation": [32.5, 0, 0],
					"cubes": [
						{"origin": [1.75, -4, -1.5], "size": [3, 15, 3], "uv": [82, 85]}
					]
				},
				{
					"name": "tentacle11",
					"parent": "tentacle10",
					"pivot": [3.25, -3.25, 0],
					"rotation": [12.5, 0, 0],
					"cubes": [
						{"origin": [2.25, -13, -1], "size": [2, 12, 2], "uv": [82, 85]}
					]
				},
				{
					"name": "tentacle12",
					"parent": "tentacle11",
					"pivot": [3.25, -12.5, 0],
					"rotation": [27.5, 0, 0],
					"cubes": [
						{"origin": [2.75, -20, -0.5], "size": [1, 9, 1], "uv": [82, 85]}
					]
				},
				{
					"name": "tentacle13",
					"parent": "lower_body",
					"pivot": [-3.75, 58.5, 0],
					"rotation": [155, 62.5, 180],
					"cubes": [
						{"origin": [-6.25, 35, -2.5], "size": [5, 24, 5], "uv": [74, 99], "mirror": true},
						{"origin": [-2.75, 41.5, -7.75], "size": [1, 1, 6], "pivot": [-2.25, 42, -1.75], "rotation": [65, 0, 0], "uv": [40, 30]}
					]
				},
				{
					"name": "tentacle14",
					"parent": "tentacle13",
					"pivot": [-3.75, 37, 0],
					"rotation": [-60, 0, 0],
					"cubes": [
						{"origin": [-6.25, 23, -2.5], "size": [5, 17, 5], "uv": [108, 104], "mirror": true},
						{"origin": [-5.75, 33.5, -7.75], "size": [1, 1, 6], "pivot": [-5.25, 34, -1.75], "rotation": [65, 0, 0], "uv": [40, 30]},
						{"origin": [-6, 32, -7.25], "size": [1, 1, 6], "pivot": [-5.5, 32.5, -1.25], "rotation": [65, 90, 0], "uv": [40, 30]}
					]
				},
				{
					"name": "tentacle15",
					"parent": "tentacle14",
					"pivot": [-3.75, 23, 0],
					"rotation": [60, 0, 0],
					"cubes": [
						{"origin": [-5.75, 7, -2], "size": [4, 19, 4], "uv": [82, 85]},
						{"origin": [-3, 15, -7.25], "size": [1, 1, 6], "pivot": [-2.5, 15.5, -1.25], "rotation": [110, 90, 0], "uv": [40, 30]},
						{"origin": [-5.25, 12, -6.25], "size": [1, 1, 6], "pivot": [-4.75, 12.5, -0.25], "rotation": [65, 0, 0], "uv": [40, 30]},
						{"origin": [-3, 21, -5.25], "size": [1, 1, 6], "pivot": [-2.5, 21.5, 0.75], "rotation": [107.5, 90, 0], "uv": [40, 30]}
					]
				},
				{
					"name": "tentacle16",
					"parent": "tentacle15",
					"pivot": [-3.75, 8, 0],
					"rotation": [20, 0, 0],
					"cubes": [
						{"origin": [-5.25, -4, -1.5], "size": [3, 15, 3], "uv": [82, 85]}
					]
				},
				{
					"name": "tentacle17",
					"parent": "tentacle16",
					"pivot": [-3.75, -3.25, 0],
					"rotation": [15, 0, 0],
					"cubes": [
						{"origin": [-4.75, -13, -1], "size": [2, 12, 2], "uv": [82, 85]}
					]
				},
				{
					"name": "tentacle18",
					"parent": "tentacle17",
					"pivot": [-3.75, -12.5, 0],
					"rotation": [17.5, 0, 0],
					"cubes": [
						{"origin": [-4.25, -20, -0.5], "size": [1, 9, 1], "uv": [82, 85]}
					]
				},
				{
					"name": "tentacle19",
					"parent": "lower_body",
					"pivot": [0.25, 58.5, 0],
					"rotation": [157.5, 0, 180],
					"cubes": [
						{"origin": [-2.25, 35, -2.5], "size": [5, 24, 5], "uv": [98, 78], "mirror": true},
						{"origin": [1.25, 41.5, -7.75], "size": [1, 1, 6], "pivot": [1.75, 42, -1.75], "rotation": [65, 0, 0], "uv": [40, 30]}
					]
				},
				{
					"name": "tentacle20",
					"parent": "tentacle19",
					"pivot": [0.25, 37, 0],
					"rotation": [-55, 0, 0],
					"cubes": [
						{"origin": [-2.25, 23, -2.5], "size": [5, 17, 5], "uv": [108, 104], "mirror": true},
						{"origin": [-1.75, 33.5, -7.75], "size": [1, 1, 6], "pivot": [-1.25, 34, -1.75], "rotation": [65, 0, 0], "uv": [40, 30]},
						{"origin": [-2, 32, -7.25], "size": [1, 1, 6], "pivot": [-1.5, 32.5, -1.25], "rotation": [65, 90, 0], "uv": [40, 30]}
					]
				},
				{
					"name": "tentacle21",
					"parent": "tentacle20",
					"pivot": [0.25, 23, 0],
					"rotation": [37.5, 0, 0],
					"cubes": [
						{"origin": [-1.75, 7, -2], "size": [4, 19, 4], "uv": [82, 85]},
						{"origin": [1, 15, -7.25], "size": [1, 1, 6], "pivot": [1.5, 15.5, -1.25], "rotation": [110, 90, 0], "uv": [40, 30]},
						{"origin": [-1.25, 12, -6.25], "size": [1, 1, 6], "pivot": [-0.75, 12.5, -0.25], "rotation": [65, 0, 0], "uv": [40, 30]},
						{"origin": [1, 21, -5.25], "size": [1, 1, 6], "pivot": [1.5, 21.5, 0.75], "rotation": [107.5, 90, 0], "uv": [40, 30]}
					]
				},
				{
					"name": "tentacle22",
					"parent": "tentacle21",
					"pivot": [0.25, 8, 0],
					"rotation": [25, 0, 0],
					"cubes": [
						{"origin": [-1.25, -4, -1.5], "size": [3, 15, 3], "uv": [82, 85]}
					]
				},
				{
					"name": "tentacle23",
					"parent": "tentacle22",
					"pivot": [0.25, -3.25, 0],
					"rotation": [20, 0, 0],
					"cubes": [
						{"origin": [-0.75, -13, -1], "size": [2, 12, 2], "uv": [82, 85]}
					]
				},
				{
					"name": "tentacle24",
					"parent": "tentacle23",
					"pivot": [0.25, -12.5, 0],
					"rotation": [20, 0, 0],
					"cubes": [
						{"origin": [-0.25, -20, -0.5], "size": [1, 9, 1], "uv": [82, 85]}
					]
				},
				{
					"name": "tentacle25",
					"parent": "lower_body",
					"pivot": [4.5, 58.5, 0],
					"rotation": [152.5, -52.5, -175],
					"cubes": [
						{"origin": [2, 35, -2.5], "size": [5, 24, 5], "uv": [74, 99], "mirror": true},
						{"origin": [5.5, 41.5, -7.75], "size": [1, 1, 6], "pivot": [6, 42, -1.75], "rotation": [65, 0, 0], "uv": [40, 30]}
					]
				},
				{
					"name": "tentacle26",
					"parent": "tentacle25",
					"pivot": [4.5, 37, 0],
					"rotation": [-62.5, 0, 0],
					"cubes": [
						{"origin": [2, 23, -2.5], "size": [5, 17, 5], "uv": [108, 104], "mirror": true},
						{"origin": [2.5, 33.5, -7.75], "size": [1, 1, 6], "pivot": [3, 34, -1.75], "rotation": [65, 0, 0], "uv": [40, 30]},
						{"origin": [2.25, 32, -7.25], "size": [1, 1, 6], "pivot": [2.75, 32.5, -1.25], "rotation": [65, 90, 0], "uv": [40, 30]}
					]
				},
				{
					"name": "tentacle27",
					"parent": "tentacle26",
					"pivot": [4.5, 23, 0],
					"rotation": [65, 0, 0],
					"cubes": [
						{"origin": [2.5, 7, -2], "size": [4, 19, 4], "uv": [82, 85]},
						{"origin": [5.25, 15, -7.25], "size": [1, 1, 6], "pivot": [5.75, 15.5, -1.25], "rotation": [110, 90, 0], "uv": [40, 30]},
						{"origin": [3, 12, -6.25], "size": [1, 1, 6], "pivot": [3.5, 12.5, -0.25], "rotation": [65, 0, 0], "uv": [40, 30]},
						{"origin": [5.25, 21, -5.25], "size": [1, 1, 6], "pivot": [5.75, 21.5, 0.75], "rotation": [107.5, 90, 0], "uv": [40, 30]}
					]
				},
				{
					"name": "tentacle28",
					"parent": "tentacle27",
					"pivot": [4.5, 8, 0],
					"rotation": [15, 0, 0],
					"cubes": [
						{"origin": [3, -4, -1.5], "size": [3, 15, 3], "uv": [82, 85]}
					]
				},
				{
					"name": "tentacle29",
					"parent": "tentacle28",
					"pivot": [4.5, -3.25, 0],
					"rotation": [12.5, 0, 0],
					"cubes": [
						{"origin": [3.5, -13, -1], "size": [2, 12, 2], "uv": [82, 85]}
					]
				},
				{
					"name": "tentacle30",
					"parent": "tentacle29",
					"pivot": [4.5, -12.5, 0],
					"rotation": [17.5, 0, 0],
					"cubes": [
						{"origin": [4, -20, -0.5], "size": [1, 9, 1], "uv": [82, 85]}
					]
				},
				{
					"name": "mainhand",
					"pivot": [0, 0, 0]
				},
				{
					"name": "fp_rightArm",
					"parent": "mainhand",
					"pivot": [-13, 184, 0],
					"rotation": [109.63648, -32.58282, 63.9275],
					"cubes": [
						{"origin": [-16, 165, -3], "size": [6, 23, 6], "uv": [38, 0]},
						{"origin": [-18, 181, -2], "size": [2, 4, 4], "uv": [24, 7]},
						{"origin": [-19, 181.5, -1.5], "size": [1, 3, 3], "uv": [24, 15]}
					]
				},
				{
					"name": "rightArm3",
					"parent": "fp_rightArm",
					"pivot": [-13, 167.75, 0],
					"rotation": [-20, 0, 0],
					"cubes": [
						{"origin": [-16, 148, -3], "size": [6, 23, 6], "uv": [62, 0]},
						{"origin": [-14.5, 159, -8.25], "size": [1, 1, 6], "pivot": [-14, 159.5, -2.25], "rotation": [-65, 0, 0], "uv": [24, 0]},
						{"origin": [-12.25, 155, -8.25], "size": [1, 1, 6], "inflate": -1, "pivot": [-11.75, 155.5, -2.25], "rotation": [-65, 0, 0], "uv": [24, 0]},
						{"origin": [-14.75, 150.25, -7.25], "size": [1, 1, 6], "inflate": -0.1, "pivot": [-14.25, 150.75, -1.25], "rotation": [-65, 0, 0], "uv": [24, 0]}
					]
				},
				{
					"name": "hand3",
					"parent": "rightArm3",
					"pivot": [10, 132, 0]
				},
				{
					"name": "joint25",
					"parent": "hand3",
					"pivot": [-15.5, 148.5, 2.5],
					"rotation": [13.64973, -6.27967, 24.24769],
					"cubes": [
						{"origin": [-16, 141, 2], "size": [1, 8, 1], "uv": [20, 21]}
					]
				},
				{
					"name": "joint26",
					"parent": "joint25",
					"pivot": [-15.5, 141.5, 2.5],
					"rotation": [0, 0, -40],
					"cubes": [
						{"origin": [-16, 136, 2], "size": [1, 6, 1], "uv": [24, 21]}
					]
				},
				{
					"name": "joint27",
					"parent": "joint26",
					"pivot": [-15.5, 136.5, 2.5],
					"rotation": [0, 0, -32.5],
					"cubes": [
						{"origin": [-16, 134, 2], "size": [1, 3, 1], "uv": [28, 21]}
					]
				},
				{
					"name": "joint28",
					"parent": "hand3",
					"pivot": [-15.5, 148.5, 0],
					"rotation": [0, 0, 20],
					"cubes": [
						{"origin": [-16, 141, -0.5], "size": [1, 8, 1], "uv": [20, 21]}
					]
				},
				{
					"name": "joint29",
					"parent": "joint28",
					"pivot": [-15.5, 141.5, 0],
					"rotation": [0, 0, -32.5],
					"cubes": [
						{"origin": [-16, 136, -0.5], "size": [1, 6, 1], "uv": [24, 21]}
					]
				},
				{
					"name": "joint30",
					"parent": "joint29",
					"pivot": [-15.5, 136.5, 0],
					"rotation": [0, 0, -32.5],
					"cubes": [
						{"origin": [-16, 134, -0.5], "size": [1, 3, 1], "uv": [28, 21]}
					]
				},
				{
					"name": "joint31",
					"parent": "hand3",
					"pivot": [-15.5, 148.5, -2.5],
					"rotation": [-14.33501, 4.46375, 16.93839],
					"cubes": [
						{"origin": [-16, 141, -3], "size": [1, 8, 1], "uv": [20, 21]}
					]
				},
				{
					"name": "joint32",
					"parent": "joint31",
					"pivot": [-15.5, 141.5, -2.5],
					"rotation": [0, 0, -40],
					"cubes": [
						{"origin": [-16, 136, -3], "size": [1, 6, 1], "uv": [24, 21]}
					]
				},
				{
					"name": "joint33",
					"parent": "joint32",
					"pivot": [-15.5, 136.5, -2.5],
					"rotation": [0, 0, -45],
					"cubes": [
						{"origin": [-16, 134, -3], "size": [1, 3, 1], "uv": [28, 21]}
					]
				},
				{
					"name": "joint34",
					"parent": "hand3",
					"pivot": [-10.5, 148.5, -2.5],
					"rotation": [0, 0, -25],
					"cubes": [
						{"origin": [-11, 141, -3], "size": [1, 8, 1], "uv": [20, 21]}
					]
				},
				{
					"name": "joint35",
					"parent": "joint34",
					"pivot": [-10.5, 141.5, -2.5],
					"rotation": [0, 0, 30],
					"cubes": [
						{"origin": [-11, 136, -3], "size": [1, 6, 1], "uv": [24, 21]}
					]
				},
				{
					"name": "joint36",
					"parent": "joint35",
					"pivot": [-10.5, 136.5, -2.5],
					"rotation": [0, 0, 22.5],
					"cubes": [
						{"origin": [-11, 134, -3], "size": [1, 3, 1], "uv": [28, 21]}
					]
				},
				{
					"name": "offhand",
					"pivot": [0, 0, 0]
				},
				{
					"name": "fp_leftArm",
					"parent": "offhand",
					"pivot": [13, 184, 0],
					"rotation": [109.63648, 32.58282, -63.9275],
					"cubes": [
						{"origin": [10, 165, -3], "size": [6, 23, 6], "uv": [38, 0], "mirror": true},
						{"origin": [16, 181, -2], "size": [2, 4, 4], "uv": [24, 7], "mirror": true},
						{"origin": [18, 181.5, -1.5], "size": [1, 3, 3], "uv": [24, 15], "mirror": true}
					]
				},
				{
					"name": "leftArm3",
					"parent": "fp_leftArm",
					"pivot": [13, 167.75, 0],
					"rotation": [-20, 0, 0],
					"cubes": [
						{"origin": [10, 148, -3], "size": [6, 23, 6], "uv": [62, 0], "mirror": true},
						{"origin": [13.5, 159, -8.25], "size": [1, 1, 6], "pivot": [14, 159.5, -2.25], "rotation": [-65, 0, 0], "uv": [24, 0]},
						{"origin": [11.25, 155, -8.25], "size": [1, 1, 6], "inflate": -1, "pivot": [11.75, 155.5, -2.25], "rotation": [-65, 0, 0], "uv": [24, 0]},
						{"origin": [13.75, 150.25, -7.25], "size": [1, 1, 6], "inflate": -0.1, "pivot": [14.25, 150.75, -1.25], "rotation": [-65, 0, 0], "uv": [24, 0]}
					]
				},
				{
					"name": "hand4",
					"parent": "leftArm3",
					"pivot": [36, 132, 0]
				},
				{
					"name": "joint37",
					"parent": "hand4",
					"pivot": [15.5, 148.5, 2.5],
					"rotation": [11.76782, 4.2453, -19.5623],
					"cubes": [
						{"origin": [15, 141, 2], "size": [1, 8, 1], "uv": [20, 21]}
					]
				},
				{
					"name": "joint38",
					"parent": "joint37",
					"pivot": [15.5, 141.5, 2.5],
					"rotation": [0, 0, 35],
					"cubes": [
						{"origin": [15, 136, 2], "size": [1, 6, 1], "uv": [24, 21]}
					]
				},
				{
					"name": "joint39",
					"parent": "joint38",
					"pivot": [15.5, 136.5, 2.5],
					"rotation": [0, 0, 27.5],
					"cubes": [
						{"origin": [15, 134, 2], "size": [1, 3, 1], "uv": [28, 21]}
					]
				},
				{
					"name": "joint40",
					"parent": "hand4",
					"pivot": [15.5, 148.5, 0],
					"rotation": [0, 0, -20],
					"cubes": [
						{"origin": [15, 141, -0.5], "size": [1, 8, 1], "uv": [20, 21]}
					]
				},
				{
					"name": "joint41",
					"parent": "joint40",
					"pivot": [15.5, 141.5, 0],
					"rotation": [0, 0, 25],
					"cubes": [
						{"origin": [15, 136, -0.5], "size": [1, 6, 1], "uv": [24, 21]}
					]
				},
				{
					"name": "joint42",
					"parent": "joint41",
					"pivot": [15.5, 136.5, 0],
					"rotation": [0, 0, 35],
					"cubes": [
						{"origin": [15, 134, -0.5], "size": [1, 3, 1], "uv": [28, 21]}
					]
				},
				{
					"name": "joint43",
					"parent": "hand4",
					"pivot": [15.5, 148.5, -2.5],
					"rotation": [-11.57518, -4.75113, -22.01816],
					"cubes": [
						{"origin": [15, 141, -3], "size": [1, 8, 1], "uv": [20, 21]}
					]
				},
				{
					"name": "joint44",
					"parent": "joint43",
					"pivot": [15.5, 141.5, -2.5],
					"rotation": [0, 0, 32.5],
					"cubes": [
						{"origin": [15, 136, -3], "size": [1, 6, 1], "uv": [24, 21]}
					]
				},
				{
					"name": "joint45",
					"parent": "joint44",
					"pivot": [15.5, 136.5, -2.5],
					"rotation": [0, 0, 32.5],
					"cubes": [
						{"origin": [15, 134, -3], "size": [1, 3, 1], "uv": [28, 21]}
					]
				},
				{
					"name": "joint46",
					"parent": "hand4",
					"pivot": [10.5, 148.5, -2.5],
					"rotation": [0, 0, 20],
					"cubes": [
						{"origin": [10, 141, -3], "size": [1, 8, 1], "uv": [20, 21]}
					]
				},
				{
					"name": "joint47",
					"parent": "joint46",
					"pivot": [10.5, 141.5, -2.5],
					"rotation": [0, 0, -35],
					"cubes": [
						{"origin": [10, 136, -3], "size": [1, 6, 1], "uv": [24, 21]}
					]
				},
				{
					"name": "joint48",
					"parent": "joint47",
					"pivot": [10.5, 136.5, -2.5],
					"rotation": [0, 0, -32.5],
					"cubes": [
						{"origin": [10, 134, -3], "size": [1, 3, 1], "uv": [28, 21]}
					]
				}
			]
		}
	]
}