{
	"format_version": "1.12.0",
	"minecraft:geometry": [
		{
			"description": {
				"identifier": "geometry.xlr8.player",
				"texture_width": 128,
				"texture_height": 128,
				"visible_bounds_width": 5,
				"visible_bounds_height": 5,
				"visible_bounds_offset": [0, 1.5, 0]
			},
			"bones": [
				{
					"name": "whole",
					"pivot": [0, -1, 0]
				},
				{
					"name": "a_body",
					"parent": "whole",
					"pivot": [0.5, 17, -0.5],
					"rotation": [30, 0, 0],
					"cubes": [
						{"origin": [-3.77163, 14.26795, -4.29759], "size": [8, 12, 4], "uv": [0, 16]}
					]
				},
				{
					"name": "omnitrix",
					"parent": "a_body",
					"pivot": [0, -2, 0],
					"cubes": [
						{"origin": [-0.77163, 20.26795, -4.92259], "size": [2, 2, 1], "inflate": 0.2, "uv": [24, 16]}
					]
				},
				{
					"name": "a_head",
					"parent": "a_body",
					"pivot": [0, 28, 0],
					"rotation": [-30, 0, 0],
					"cubes": [
						{"origin": [-3.77163, 26, -5.42259], "size": [8, 8, 8], "uv": [0, 0]}
					]
				},
				{
					"name": "helmet",
					"parent": "a_head",
					"pivot": [0, 28, 0],
					"cubes": [
						{"origin": [-3.77163, 26, -6.42259], "size": [8, 1, 1], "uv": [32, 0]},
						{"origin": [4.22837, 26, -6.42259], "size": [1, 1, 9], "uv": [32, 0]},
						{"origin": [-4.77163, 26, -6.42259], "size": [1, 1, 9], "uv": [32, 0]},
						{"origin": [4.22837, 27, -4.42259], "size": [1, 1, 7], "uv": [32, 0]},
						{"origin": [-4.77163, 27, -4.42259], "size": [1, 1, 7], "uv": [32, 0]},
						{"origin": [4.22837, 28, -3.42259], "size": [1, 2, 6], "uv": [32, 0]},
						{"origin": [-4.77163, 28, -3.42259], "size": [1, 2, 6], "uv": [32, 0]},
						{"origin": [4.22837, 30, -1.42259], "size": [1, 2, 4], "uv": [32, 0]},
						{"origin": [-4.77163, 30, -1.42259], "size": [1, 2, 4], "uv": [32, 0]},
						{"origin": [4.22837, 32, -3.42259], "size": [1, 2, 6], "uv": [32, 0]},
						{"origin": [-4.77163, 32, -3.42259], "size": [1, 2, 6], "uv": [32, 0]},
						{"origin": [4.22837, 33, -6.42259], "size": [1, 1, 3], "uv": [32, 0]},
						{"origin": [-4.77163, 33, -6.42259], "size": [1, 1, 3], "uv": [32, 0]},
						{"origin": [-1.27163, 27, -6.42259], "size": [3, 1, 1], "uv": [32, 0]},
						{"origin": [-2.52163, 32, -6.42259], "size": [5.5, 1, 2], "uv": [32, 0]},
						{"origin": [-3.77163, 33, -6.42259], "size": [8, 1, 1], "uv": [32, 0]},
						{"origin": [-4.77163, 34, -6.42259], "size": [10, 1, 9], "uv": [32, 0]},
						{"origin": [-4.77163, 35, -5.42259], "size": [10, 1, 9], "uv": [32, 0]},
						{"origin": [-4.77163, 36, -4.42259], "size": [10, 1, 9], "uv": [32, 0]},
						{"origin": [-4.77163, 37, -3.42259], "size": [10, 1, 9], "uv": [32, 0]},
						{"origin": [-4.77163, 38, -1.42259], "size": [10, 1, 9], "uv": [32, 0]},
						{"origin": [-4.77163, 39, 0.57741], "size": [10, 1, 9], "uv": [32, 0]},
						{"origin": [-4.77163, 26, 2.57741], "size": [10, 9, 1], "uv": [32, 0]}
					]
				},
				{
					"name": "mask",
					"parent": "a_head",
					"pivot": [0, 30, 0],
					"rotation": [-90, 0, 0],
					"cubes": [
						{"origin": [-4.64246, 27, -6.42586], "size": [9.75, 6, 1], "uv": [32, 16]},
						{"origin": [4.10754, 27, -5.42586], "size": [1, 6, 4], "uv": [32, 0]},
						{"origin": [-4.64246, 27, -5.42586], "size": [1, 6, 4], "uv": [32, 0]}
					]
				},
				{
					"name": "a_rightArm",
					"parent": "a_body",
					"pivot": [-5, 26, -0.5],
					"rotation": [-25, 0, 40],
					"cubes": [
						{"origin": [-6.65829, 19.37487, -3.64316], "size": [4, 8, 4], "uv": [0, 32]}
					]
				},
				{
					"name": "rightArm2",
					"parent": "a_rightArm",
					"pivot": [-5, 20, -1.75],
					"rotation": [-45, 0, 0],
					"cubes": [
						{"origin": [-6.65829, 12.60651, -3.6428], "size": [4, 8, 4], "uv": [0, 44]}
					]
				},
				{
					"name": "claw",
					"parent": "rightArm2",
					"pivot": [-7, 14, -1.25]
				},
				{
					"name": "joint1",
					"parent": "claw",
					"pivot": [-6.25, 13, -1.5],
					"rotation": [0, 0, 37.5],
					"cubes": [
						{"origin": [-6.75, 9.5, -2], "size": [1, 4, 1], "uv": [32, 0]}
					]
				},
				{
					"name": "joint2",
					"parent": "joint1",
					"pivot": [-6.25, 10, -1.5],
					"rotation": [0, 0, -57.5],
					"cubes": [
						{"origin": [-6.75, 7.5, -2], "size": [1, 3, 1], "uv": [32, 0]}
					]
				},
				{
					"name": "joint3",
					"parent": "joint2",
					"pivot": [-6.25, 8, -1.5],
					"rotation": [0, 0, -47.5],
					"cubes": [
						{"origin": [-6.75, 6.5, -2], "size": [1, 2, 1], "uv": [32, 0]}
					]
				},
				{
					"name": "joint4",
					"parent": "claw",
					"pivot": [-3, 13, 0],
					"rotation": [35.17571, -38.42719, -52.77515],
					"cubes": [
						{"origin": [-3.5, 9.5, -0.5], "size": [1, 4, 1], "uv": [32, 0]}
					]
				},
				{
					"name": "joint5",
					"parent": "joint4",
					"pivot": [-3, 10, 0],
					"rotation": [0, 0, 52.5],
					"cubes": [
						{"origin": [-3.5, 7.5, -0.5], "size": [1, 3, 1], "uv": [32, 0]}
					]
				},
				{
					"name": "joint6",
					"parent": "joint5",
					"pivot": [-3, 8, 0],
					"rotation": [0, 0, 55],
					"cubes": [
						{"origin": [-3.5, 6.5, -0.5], "size": [1, 2, 1], "uv": [32, 0]}
					]
				},
				{
					"name": "joint7",
					"parent": "claw",
					"pivot": [-3, 13, -3.25],
					"rotation": [-29.54836, 28.28858, -42.60469],
					"cubes": [
						{"origin": [-3.5, 9.5, -3.75], "size": [1, 4, 1], "uv": [32, 0]}
					]
				},
				{
					"name": "joint8",
					"parent": "joint7",
					"pivot": [-3, 10, -3.25],
					"rotation": [0, 0, 55],
					"cubes": [
						{"origin": [-3.5, 7.5, -3.75], "size": [1, 3, 1], "uv": [32, 0]}
					]
				},
				{
					"name": "joint9",
					"parent": "joint8",
					"pivot": [-3, 8, -3.25],
					"rotation": [0, 0, 65],
					"cubes": [
						{"origin": [-3.5, 6.5, -3.75], "size": [1, 2, 1], "uv": [32, 0]}
					]
				},
				{
					"name": "a_leftArm",
					"parent": "a_body",
					"pivot": [5, 26, -0.5],
					"rotation": [-25, 0, -40],
					"cubes": [
						{"origin": [3.11503, 19.37487, -3.64316], "size": [4, 8, 4], "uv": [0, 32]}
					]
				},
				{
					"name": "leftArm2",
					"parent": "a_leftArm",
					"pivot": [5, 20, -1.75],
					"rotation": [-45, 0, 0],
					"cubes": [
						{"origin": [3.11503, 12.60651, -3.6428], "size": [4, 8, 4], "uv": [0, 44]}
					]
				},
				{
					"name": "claw2",
					"parent": "leftArm2",
					"pivot": [-7, 14, -1.25]
				},
				{
					"name": "joint10",
					"parent": "claw2",
					"pivot": [6.75, 13, -1.5],
					"rotation": [0, 0, -37.5],
					"cubes": [
						{"origin": [6.25, 9.5, -2], "size": [1, 4, 1], "uv": [32, 0]}
					]
				},
				{
					"name": "joint11",
					"parent": "joint10",
					"pivot": [6.75, 10, -1.5],
					"rotation": [0, 0, 57.5],
					"cubes": [
						{"origin": [6.25, 7.5, -2], "size": [1, 3, 1], "uv": [32, 0]}
					]
				},
				{
					"name": "joint12",
					"parent": "joint11",
					"pivot": [6.75, 8, -1.5],
					"rotation": [0, 0, 47.5],
					"cubes": [
						{"origin": [6.25, 6.5, -2], "size": [1, 2, 1], "uv": [32, 0]}
					]
				},
				{
					"name": "joint13",
					"parent": "claw2",
					"pivot": [3.75, 13, -3.25],
					"rotation": [-29.15396, -32.41052, 46.14415],
					"cubes": [
						{"origin": [3.25, 9.5, -3.75], "size": [1, 4, 1], "uv": [32, 0]}
					]
				},
				{
					"name": "joint14",
					"parent": "joint13",
					"pivot": [3.75, 10, -3.25],
					"rotation": [0, 0, -57.5],
					"cubes": [
						{"origin": [3.25, 7.5, -3.75], "size": [1, 3, 1], "uv": [32, 0]}
					]
				},
				{
					"name": "joint15",
					"parent": "joint14",
					"pivot": [3.75, 8, -3.25],
					"rotation": [0, 0, -47.5],
					"cubes": [
						{"origin": [3.25, 6.5, -3.75], "size": [1, 2, 1], "uv": [32, 0]}
					]
				},
				{
					"name": "joint16",
					"parent": "claw2",
					"pivot": [3.75, 13, 0],
					"rotation": [31.33144, 34.12398, 47.33883],
					"cubes": [
						{"origin": [3.25, 9.5, -0.5], "size": [1, 4, 1], "uv": [32, 0]}
					]
				},
				{
					"name": "joint17",
					"parent": "joint16",
					"pivot": [3.75, 10, 0],
					"rotation": [0, 0, -57.5],
					"cubes": [
						{"origin": [3.25, 7.5, -0.5], "size": [1, 3, 1], "uv": [32, 0]}
					]
				},
				{
					"name": "joint18",
					"parent": "joint17",
					"pivot": [3.75, 8, 0],
					"rotation": [0, 0, -47.5],
					"cubes": [
						{"origin": [3.25, 6.5, -0.5], "size": [1, 2, 1], "uv": [32, 0]}
					]
				},
				{
					"name": "tail",
					"parent": "a_body",
					"pivot": [0.5, 16, -0.5],
					"rotation": [-15, 0, 0],
					"cubes": [
						{"origin": [-1.77163, 14.12061, -0.98163], "size": [4, 4, 10], "uv": [0, 84]}
					]
				},
				{
					"name": "tail2",
					"parent": "tail",
					"pivot": [0.5, 16, 7.5],
					"rotation": [-60, 0, 0],
					"cubes": [
						{"origin": [-1.77163, 14.10285, 7.09071], "size": [4, 4, 10], "inflate": -0.1, "uv": [0, 84]}
					]
				},
				{
					"name": "tail3",
					"parent": "tail2",
					"pivot": [0.5, 16.75, 14.75],
					"rotation": [65, 0, 0],
					"cubes": [
						{"origin": [-1.77163, 14.12061, 15.13645], "size": [4, 4, 8], "inflate": -0.2, "uv": [0, 98]},
						{"origin": [-1.02163, 14.62061, 23.13645], "size": [3, 3, 2], "uv": [0, 110]},
						{"origin": [-1.02163, 15.12061, 25.13645], "size": [2, 2, 2], "uv": [0, 110]}
					]
				},
				{
					"name": "a_rightLeg",
					"parent": "whole",
					"pivot": [-1.5, 15, -0.5],
					"rotation": [-25, 0, 20],
					"cubes": [
						{"origin": [-3.08759, 6.2967, -2.50333], "size": [4, 8, 4], "uv": [0, 56]}
					]
				},
				{
					"name": "rightLeg2",
					"parent": "a_rightLeg",
					"pivot": [-1.5, 9, -0.5],
					"rotation": [65, 0, 0],
					"cubes": [
						{"origin": [-3.08759, 1.56031, -4.50564], "size": [4, 8, 4], "uv": [16, 56]}
					]
				},
				{
					"name": "rightLeg3",
					"parent": "rightLeg2",
					"pivot": [-1.5, 3, -3.5],
					"rotation": [-110, 0, 0],
					"cubes": [
						{"origin": [-2.08759, -3.79426, -3.59429], "size": [2, 8, 2], "uv": [0, 68]},
						{"origin": [-2.58759, -6.79426, -4.09429], "size": [3, 3, 3], "uv": [0, 78]}
					]
				},
				{
					"name": "a_leftLeg",
					"parent": "whole",
					"pivot": [2.5, 15, -0.5],
					"rotation": [-25, 0, -20],
					"cubes": [
						{"origin": [-0.45567, 6.2967, -2.50333], "size": [4, 8, 4], "uv": [0, 56]}
					]
				},
				{
					"name": "leftLeg2",
					"parent": "a_leftLeg",
					"pivot": [2.5, 9, -0.5],
					"rotation": [65, 0, 0],
					"cubes": [
						{"origin": [-0.45567, 1.56031, -4.50564], "size": [4, 8, 4], "uv": [16, 56]}
					]
				},
				{
					"name": "leftLeg3",
					"parent": "leftLeg2",
					"pivot": [2.5, 3, -3.5],
					"rotation": [-110, 0, 0],
					"cubes": [
						{"origin": [0.54433, -3.79426, -3.59429], "size": [2, 8, 2], "uv": [0, 68]},
						{"origin": [0.04433, -6.79426, -4.09429], "size": [3, 3, 3], "uv": [0, 78]}
					]
				},
				{
					"name": "mainhand",
					"pivot": [0, 0, 0]
				},
				{
					"name": "fp_rightArm",
					"parent": "mainhand",
					"pivot": [-5, 33, -0.5],
					"rotation": [78.46642, -59.27652, 116.28807],
					"cubes": [
						{"origin": [-6.65829, 26.37487, -3.64316], "size": [4, 8, 4], "uv": [0, 32]}
					]
				},
				{
					"name": "rightArm3",
					"parent": "fp_rightArm",
					"pivot": [-5, 27, -1.75],
					"rotation": [-45, 0, 0],
					"cubes": [
						{"origin": [-6.65829, 19.60651, -3.6428], "size": [4, 8, 4], "uv": [0, 44]}
					]
				},
				{
					"name": "claw3",
					"parent": "rightArm3",
					"pivot": [-7, 21, -1.25]
				},
				{
					"name": "joint19",
					"parent": "claw3",
					"pivot": [-6.25, 20, -1.5],
					"rotation": [0, 0, 37.5],
					"cubes": [
						{"origin": [-6.75, 16.5, -2], "size": [1, 4, 1], "uv": [32, 0]}
					]
				},
				{
					"name": "joint20",
					"parent": "joint19",
					"pivot": [-6.25, 17, -1.5],
					"rotation": [0, 0, -57.5],
					"cubes": [
						{"origin": [-6.75, 14.5, -2], "size": [1, 3, 1], "uv": [32, 0]}
					]
				},
				{
					"name": "joint21",
					"parent": "joint20",
					"pivot": [-6.25, 15, -1.5],
					"rotation": [0, 0, -47.5],
					"cubes": [
						{"origin": [-6.75, 13.5, -2], "size": [1, 2, 1], "uv": [32, 0]}
					]
				},
				{
					"name": "joint22",
					"parent": "claw3",
					"pivot": [-3, 20, 0],
					"rotation": [35.17571, -38.42719, -52.77515],
					"cubes": [
						{"origin": [-3.5, 16.5, -0.5], "size": [1, 4, 1], "uv": [32, 0]}
					]
				},
				{
					"name": "joint23",
					"parent": "joint22",
					"pivot": [-3, 17, 0],
					"rotation": [0, 0, 52.5],
					"cubes": [
						{"origin": [-3.5, 14.5, -0.5], "size": [1, 3, 1], "uv": [32, 0]}
					]
				},
				{
					"name": "joint24",
					"parent": "joint23",
					"pivot": [-3, 15, 0],
					"rotation": [0, 0, 55],
					"cubes": [
						{"origin": [-3.5, 13.5, -0.5], "size": [1, 2, 1], "uv": [32, 0]}
					]
				},
				{
					"name": "joint25",
					"parent": "claw3",
					"pivot": [-3, 20, -3.25],
					"rotation": [-29.54836, 28.28858, -42.60469],
					"cubes": [
						{"origin": [-3.5, 16.5, -3.75], "size": [1, 4, 1], "uv": [32, 0]}
					]
				},
				{
					"name": "joint26",
					"parent": "joint25",
					"pivot": [-3, 17, -3.25],
					"rotation": [0, 0, 55],
					"cubes": [
						{"origin": [-3.5, 14.5, -3.75], "size": [1, 3, 1], "uv": [32, 0]}
					]
				},
				{
					"name": "joint27",
					"parent": "joint26",
					"pivot": [-3, 15, -3.25],
					"rotation": [0, 0, 65],
					"cubes": [
						{"origin": [-3.5, 13.5, -3.75], "size": [1, 2, 1], "uv": [32, 0]}
					]
				}
			]
		}
	]
}