{
  "format_version": "1.10.0",
  "minecraft:entity": {
    "description": {
      "identifier": "alien:dh_crystal",
      "is_spawnable": false,
      "is_summonable": true,
      "is_experimental": false,
      "runtime_identifier": "minecraft:snowball"
    },
    "components": {
      "minecraft:collision_box": {
        "width": 0.25,
        "height": 0.25
      },
      "minecraft:projectile": {
        "onHit": {
          "impact_damage": {
            "damage": 8,
            "knockback": true
          },
          "remove_on_hit": {
          }
        },
        "power": 1.5,
        "gravity": 0.03,
        "angleoffset": 0.0
      },
      "minecraft:physics": {}
    }
  }
}