{
	"format_version": "1.12.0",
	"minecraft:geometry": [
		{
			"description": {
				"identifier": "geometry.tentacle_vines",
				"texture_width": 128,
				"texture_height": 128,
				"visible_bounds_width": 5,
				"visible_bounds_height": 7.5,
				"visible_bounds_offset": [0, 3.25, 0]
			},
			"bones": [
				{
					"name": "tentacle_vines",
					"pivot": [0, 0, 0]
				},
				{
					"name": "t1",
					"parent": "tentacle_vines",
					"pivot": [-18, -3, 10],
					"cubes": [
						{"origin": [-17, -3, 10], "size": [6, 20, 6], "uv": [0, 0]},
						{"origin": [-16, 9, 10], "size": [1, 6, 1], "pivot": [-15.5, 9, 10.5], "rotation": [20, 0, 0], "uv": [24, 0]},
						{"origin": [-13, 1, 10], "size": [1, 6, 1], "pivot": [-12.5, 1, 10.5], "rotation": [20, 0, 0], "uv": [24, 0]},
						{"origin": [-12, 8, 14], "size": [1, 6, 1], "pivot": [-11.5, 8, 14.5], "rotation": [0, 0, 20], "uv": [24, 0]},
						{"origin": [-15, 3, 15], "size": [1, 6, 1], "pivot": [-14.5, 3, 15.5], "rotation": [-15, 0, 0], "uv": [24, 0]},
						{"origin": [-17, 7, 12], "size": [1, 6, 1], "pivot": [-16.5, 7, 12.5], "rotation": [0, 0, -15], "uv": [24, 0]}
					]
				},
				{
					"name": "t2",
					"parent": "t1",
					"pivot": [-14, 14, 13],
					"cubes": [
						{"origin": [-16.5, 14, 10.5], "size": [5, 20, 5], "uv": [0, 26]},
						{"origin": [-16.5, 22, 12], "size": [1, 6, 1], "pivot": [-16, 22, 12.5], "rotation": [0, 0, -15], "uv": [24, 0]},
						{"origin": [-14.5, 27, 10.5], "size": [1, 6, 1], "pivot": [-14, 27, 11], "rotation": [15, 0, 0], "uv": [24, 0]},
						{"origin": [-12.5, 22, 12.5], "size": [1, 6, 1], "pivot": [-12, 22, 13], "rotation": [0, 0, 17.5], "uv": [24, 0]},
						{"origin": [-13.5, 24, 14.5], "size": [1, 6, 1], "pivot": [-13, 24, 15], "rotation": [-20, 0, 0], "uv": [24, 0]}
					]
				},
				{
					"name": "t3",
					"parent": "t2",
					"pivot": [-14, 31, 13],
					"cubes": [
						{"origin": [-16, 31, 11], "size": [4, 20, 4], "uv": [0, 51]},
						{"origin": [-13.5, 41, 13.5], "size": [1, 6, 1], "pivot": [-13, 41, 14], "rotation": [-20, 0, 0], "uv": [24, 0]},
						{"origin": [-16, 41, 11.5], "size": [1, 6, 1], "pivot": [-15.5, 41, 12], "rotation": [0, 0, -15], "uv": [24, 0]}
					]
				},
				{
					"name": "t4",
					"parent": "t3",
					"pivot": [-14, 48, 13],
					"cubes": [
						{"origin": [-15.5, 48, 11.5], "size": [3, 20, 3], "uv": [0, 75]},
						{"origin": [-15, 57, 12.5], "size": [1, 6, 1], "pivot": [-14.5, 57, 13], "rotation": [0, 0, -15], "uv": [24, 0]},
						{"origin": [-13.5, 55, 12.5], "size": [1, 6, 1], "pivot": [-13, 55, 13], "rotation": [0, 0, 20], "uv": [24, 0]},
						{"origin": [-13.5, 58, 12.5], "size": [1, 6, 1], "pivot": [-13, 58, 13], "rotation": [-20, 0, 0], "uv": [24, 0]},
						{"origin": [-13.5, 54, 12.5], "size": [1, 6, 1], "pivot": [-13, 54, 13], "rotation": [20, 0, 0], "uv": [24, 0]}
					]
				},
				{
					"name": "t5",
					"parent": "t4",
					"pivot": [-14, 67, 13],
					"cubes": [
						{"origin": [-15, 67, 12], "size": [2, 20, 2], "uv": [0, 98]},
						{"origin": [-14.25, 79, 12.5], "size": [1, 6, 1], "pivot": [-13.75, 79, 13], "rotation": [0, 0, 20], "uv": [24, 0]},
						{"origin": [-15, 73, 12.5], "size": [1, 6, 1], "pivot": [-14.5, 73, 13], "rotation": [0, 0, -15], "uv": [24, 0]},
						{"origin": [-14.5, 77, 12.5], "size": [1, 6, 1], "pivot": [-14, 77, 13], "rotation": [20, 0, 0], "uv": [24, 0]},
						{"origin": [-14.5, 70, 12.5], "size": [1, 6, 1], "pivot": [-14, 70, 13], "rotation": [-20, 0, 0], "uv": [24, 0]}
					]
				},
				{
					"name": "t6",
					"parent": "t5",
					"pivot": [-14, 86, 13],
					"cubes": [
						{"origin": [-14.5, 86, 12.5], "size": [1, 12, 1], "uv": [8, 98]}
					]
				},
				{
					"name": "t7",
					"parent": "tentacle_vines",
					"pivot": [-22, -3, -11],
					"cubes": [
						{"origin": [-21, -3, -11], "size": [6, 20, 6], "uv": [0, 0]},
						{"origin": [-20, 9, -11], "size": [1, 6, 1], "pivot": [-19.5, 9, -10.5], "rotation": [20, 0, 0], "uv": [24, 0]},
						{"origin": [-17, 1, -11], "size": [1, 6, 1], "pivot": [-16.5, 1, -10.5], "rotation": [20, 0, 0], "uv": [24, 0]},
						{"origin": [-16, 8, -7], "size": [1, 6, 1], "pivot": [-15.5, 8, -6.5], "rotation": [0, 0, 20], "uv": [24, 0]},
						{"origin": [-19, 3, -6], "size": [1, 6, 1], "pivot": [-18.5, 3, -5.5], "rotation": [-15, 0, 0], "uv": [24, 0]},
						{"origin": [-21, 7, -9], "size": [1, 6, 1], "pivot": [-20.5, 7, -8.5], "rotation": [0, 0, -15], "uv": [24, 0]}
					]
				},
				{
					"name": "t8",
					"parent": "t7",
					"pivot": [-18, 14, -8],
					"cubes": [
						{"origin": [-20.5, 14, -10.5], "size": [5, 20, 5], "uv": [0, 26]},
						{"origin": [-20.5, 22, -9], "size": [1, 6, 1], "pivot": [-20, 22, -8.5], "rotation": [0, 0, -15], "uv": [24, 0]},
						{"origin": [-18.5, 27, -10.5], "size": [1, 6, 1], "pivot": [-18, 27, -10], "rotation": [15, 0, 0], "uv": [24, 0]},
						{"origin": [-16.5, 22, -8.5], "size": [1, 6, 1], "pivot": [-16, 22, -8], "rotation": [0, 0, 17.5], "uv": [24, 0]},
						{"origin": [-17.5, 24, -6.5], "size": [1, 6, 1], "pivot": [-17, 24, -6], "rotation": [-20, 0, 0], "uv": [24, 0]}
					]
				},
				{
					"name": "t9",
					"parent": "t8",
					"pivot": [-18, 31, -8],
					"cubes": [
						{"origin": [-20, 31, -10], "size": [4, 20, 4], "uv": [0, 51]},
						{"origin": [-17.5, 41, -7.5], "size": [1, 6, 1], "pivot": [-17, 41, -7], "rotation": [-20, 0, 0], "uv": [24, 0]},
						{"origin": [-20, 41, -9.5], "size": [1, 6, 1], "pivot": [-19.5, 41, -9], "rotation": [0, 0, -15], "uv": [24, 0]}
					]
				},
				{
					"name": "t10",
					"parent": "t9",
					"pivot": [-18, 48, -8],
					"cubes": [
						{"origin": [-19.5, 48, -9.5], "size": [3, 20, 3], "uv": [0, 75]},
						{"origin": [-19, 57, -8.5], "size": [1, 6, 1], "pivot": [-18.5, 57, -8], "rotation": [0, 0, -15], "uv": [24, 0]},
						{"origin": [-17.5, 55, -8.5], "size": [1, 6, 1], "pivot": [-17, 55, -8], "rotation": [0, 0, 20], "uv": [24, 0]},
						{"origin": [-17.5, 58, -8.5], "size": [1, 6, 1], "pivot": [-17, 58, -8], "rotation": [-20, 0, 0], "uv": [24, 0]},
						{"origin": [-17.5, 54, -8.5], "size": [1, 6, 1], "pivot": [-17, 54, -8], "rotation": [20, 0, 0], "uv": [24, 0]}
					]
				},
				{
					"name": "t11",
					"parent": "t10",
					"pivot": [-18, 67, -8],
					"cubes": [
						{"origin": [-19, 67, -9], "size": [2, 20, 2], "uv": [0, 98]},
						{"origin": [-18.25, 79, -8.5], "size": [1, 6, 1], "pivot": [-17.75, 79, -8], "rotation": [0, 0, 20], "uv": [24, 0]},
						{"origin": [-19, 73, -8.5], "size": [1, 6, 1], "pivot": [-18.5, 73, -8], "rotation": [0, 0, -15], "uv": [24, 0]},
						{"origin": [-18.5, 77, -8.5], "size": [1, 6, 1], "pivot": [-18, 77, -8], "rotation": [20, 0, 0], "uv": [24, 0]},
						{"origin": [-18.5, 70, -8.5], "size": [1, 6, 1], "pivot": [-18, 70, -8], "rotation": [-20, 0, 0], "uv": [24, 0]}
					]
				},
				{
					"name": "t12",
					"parent": "t11",
					"pivot": [-18, 86, -8],
					"cubes": [
						{"origin": [-18.5, 86, -8.5], "size": [1, 12, 1], "uv": [8, 98]}
					]
				},
				{
					"name": "t13",
					"parent": "tentacle_vines",
					"pivot": [-4, -3, -20],
					"cubes": [
						{"origin": [-3, -3, -20], "size": [6, 20, 6], "uv": [0, 0]},
						{"origin": [-2, 9, -20], "size": [1, 6, 1], "pivot": [-1.5, 9, -19.5], "rotation": [20, 0, 0], "uv": [24, 0]},
						{"origin": [1, 1, -20], "size": [1, 6, 1], "pivot": [1.5, 1, -19.5], "rotation": [20, 0, 0], "uv": [24, 0]},
						{"origin": [2, 8, -16], "size": [1, 6, 1], "pivot": [2.5, 8, -15.5], "rotation": [0, 0, 20], "uv": [24, 0]},
						{"origin": [-1, 3, -15], "size": [1, 6, 1], "pivot": [-0.5, 3, -14.5], "rotation": [-15, 0, 0], "uv": [24, 0]},
						{"origin": [-3, 7, -18], "size": [1, 6, 1], "pivot": [-2.5, 7, -17.5], "rotation": [0, 0, -15], "uv": [24, 0]}
					]
				},
				{
					"name": "t14",
					"parent": "t13",
					"pivot": [0, 14, -17],
					"cubes": [
						{"origin": [-2.5, 14, -19.5], "size": [5, 20, 5], "uv": [0, 26]},
						{"origin": [-2.5, 22, -18], "size": [1, 6, 1], "pivot": [-2, 22, -17.5], "rotation": [0, 0, -15], "uv": [24, 0]},
						{"origin": [-0.5, 27, -19.5], "size": [1, 6, 1], "pivot": [0, 27, -19], "rotation": [15, 0, 0], "uv": [24, 0]},
						{"origin": [1.5, 22, -17.5], "size": [1, 6, 1], "pivot": [2, 22, -17], "rotation": [0, 0, 17.5], "uv": [24, 0]},
						{"origin": [0.5, 24, -15.5], "size": [1, 6, 1], "pivot": [1, 24, -15], "rotation": [-20, 0, 0], "uv": [24, 0]}
					]
				},
				{
					"name": "t15",
					"parent": "t14",
					"pivot": [0, 31, -17],
					"cubes": [
						{"origin": [-2, 31, -19], "size": [4, 20, 4], "uv": [0, 51]},
						{"origin": [0.5, 41, -16.5], "size": [1, 6, 1], "pivot": [1, 41, -16], "rotation": [-20, 0, 0], "uv": [24, 0]},
						{"origin": [-2, 41, -18.5], "size": [1, 6, 1], "pivot": [-1.5, 41, -18], "rotation": [0, 0, -15], "uv": [24, 0]}
					]
				},
				{
					"name": "t16",
					"parent": "t15",
					"pivot": [0, 48, -17],
					"cubes": [
						{"origin": [-1.5, 48, -18.5], "size": [3, 20, 3], "uv": [0, 75]},
						{"origin": [-1, 57, -17.5], "size": [1, 6, 1], "pivot": [-0.5, 57, -17], "rotation": [0, 0, -15], "uv": [24, 0]},
						{"origin": [0.5, 55, -17.5], "size": [1, 6, 1], "pivot": [1, 55, -17], "rotation": [0, 0, 20], "uv": [24, 0]},
						{"origin": [0.5, 58, -17.5], "size": [1, 6, 1], "pivot": [1, 58, -17], "rotation": [-20, 0, 0], "uv": [24, 0]},
						{"origin": [0.5, 54, -17.5], "size": [1, 6, 1], "pivot": [1, 54, -17], "rotation": [20, 0, 0], "uv": [24, 0]}
					]
				},
				{
					"name": "t17",
					"parent": "t16",
					"pivot": [0, 67, -17],
					"cubes": [
						{"origin": [-1, 67, -18], "size": [2, 20, 2], "uv": [0, 98]},
						{"origin": [-0.25, 79, -17.5], "size": [1, 6, 1], "pivot": [0.25, 79, -17], "rotation": [0, 0, 20], "uv": [24, 0]},
						{"origin": [-1, 73, -17.5], "size": [1, 6, 1], "pivot": [-0.5, 73, -17], "rotation": [0, 0, -15], "uv": [24, 0]},
						{"origin": [-0.5, 77, -17.5], "size": [1, 6, 1], "pivot": [0, 77, -17], "rotation": [20, 0, 0], "uv": [24, 0]},
						{"origin": [-0.5, 70, -17.5], "size": [1, 6, 1], "pivot": [0, 70, -17], "rotation": [-20, 0, 0], "uv": [24, 0]}
					]
				},
				{
					"name": "t18",
					"parent": "t17",
					"pivot": [0, 86, -17],
					"cubes": [
						{"origin": [-0.5, 86, -17.5], "size": [1, 12, 1], "uv": [8, 98]}
					]
				},
				{
					"name": "t19",
					"parent": "tentacle_vines",
					"pivot": [13, -3, -15],
					"cubes": [
						{"origin": [14, -3, -15], "size": [6, 20, 6], "uv": [0, 0]},
						{"origin": [15, 9, -15], "size": [1, 6, 1], "pivot": [15.5, 9, -14.5], "rotation": [20, 0, 0], "uv": [24, 0]},
						{"origin": [18, 1, -15], "size": [1, 6, 1], "pivot": [18.5, 1, -14.5], "rotation": [20, 0, 0], "uv": [24, 0]},
						{"origin": [19, 8, -11], "size": [1, 6, 1], "pivot": [19.5, 8, -10.5], "rotation": [0, 0, 20], "uv": [24, 0]},
						{"origin": [16, 3, -10], "size": [1, 6, 1], "pivot": [16.5, 3, -9.5], "rotation": [-15, 0, 0], "uv": [24, 0]},
						{"origin": [14, 7, -13], "size": [1, 6, 1], "pivot": [14.5, 7, -12.5], "rotation": [0, 0, -15], "uv": [24, 0]}
					]
				},
				{
					"name": "t20",
					"parent": "t19",
					"pivot": [17, 14, -12],
					"cubes": [
						{"origin": [14.5, 14, -14.5], "size": [5, 20, 5], "uv": [0, 26]},
						{"origin": [14.5, 22, -13], "size": [1, 6, 1], "pivot": [15, 22, -12.5], "rotation": [0, 0, -15], "uv": [24, 0]},
						{"origin": [16.5, 27, -14.5], "size": [1, 6, 1], "pivot": [17, 27, -14], "rotation": [15, 0, 0], "uv": [24, 0]},
						{"origin": [18.5, 22, -12.5], "size": [1, 6, 1], "pivot": [19, 22, -12], "rotation": [0, 0, 17.5], "uv": [24, 0]},
						{"origin": [17.5, 24, -10.5], "size": [1, 6, 1], "pivot": [18, 24, -10], "rotation": [-20, 0, 0], "uv": [24, 0]}
					]
				},
				{
					"name": "t21",
					"parent": "t20",
					"pivot": [17, 31, -12],
					"cubes": [
						{"origin": [15, 31, -14], "size": [4, 20, 4], "uv": [0, 51]},
						{"origin": [17.5, 41, -11.5], "size": [1, 6, 1], "pivot": [18, 41, -11], "rotation": [-20, 0, 0], "uv": [24, 0]},
						{"origin": [15, 41, -13.5], "size": [1, 6, 1], "pivot": [15.5, 41, -13], "rotation": [0, 0, -15], "uv": [24, 0]}
					]
				},
				{
					"name": "t22",
					"parent": "t21",
					"pivot": [17, 48, -12],
					"cubes": [
						{"origin": [15.5, 48, -13.5], "size": [3, 20, 3], "uv": [0, 75]},
						{"origin": [16, 57, -12.5], "size": [1, 6, 1], "pivot": [16.5, 57, -12], "rotation": [0, 0, -15], "uv": [24, 0]},
						{"origin": [17.5, 55, -12.5], "size": [1, 6, 1], "pivot": [18, 55, -12], "rotation": [0, 0, 20], "uv": [24, 0]},
						{"origin": [17.5, 58, -12.5], "size": [1, 6, 1], "pivot": [18, 58, -12], "rotation": [-20, 0, 0], "uv": [24, 0]},
						{"origin": [17.5, 54, -12.5], "size": [1, 6, 1], "pivot": [18, 54, -12], "rotation": [20, 0, 0], "uv": [24, 0]}
					]
				},
				{
					"name": "t23",
					"parent": "t22",
					"pivot": [17, 67, -12],
					"cubes": [
						{"origin": [16, 67, -13], "size": [2, 20, 2], "uv": [0, 98]},
						{"origin": [16.75, 79, -12.5], "size": [1, 6, 1], "pivot": [17.25, 79, -12], "rotation": [0, 0, 20], "uv": [24, 0]},
						{"origin": [16, 73, -12.5], "size": [1, 6, 1], "pivot": [16.5, 73, -12], "rotation": [0, 0, -15], "uv": [24, 0]},
						{"origin": [16.5, 77, -12.5], "size": [1, 6, 1], "pivot": [17, 77, -12], "rotation": [20, 0, 0], "uv": [24, 0]},
						{"origin": [16.5, 70, -12.5], "size": [1, 6, 1], "pivot": [17, 70, -12], "rotation": [-20, 0, 0], "uv": [24, 0]}
					]
				},
				{
					"name": "t24",
					"parent": "t23",
					"pivot": [17, 86, -12],
					"cubes": [
						{"origin": [16.5, 86, -12.5], "size": [1, 12, 1], "uv": [8, 98]}
					]
				},
				{
					"name": "t25",
					"parent": "tentacle_vines",
					"pivot": [13, -3, 10],
					"cubes": [
						{"origin": [14, -3, 10], "size": [6, 20, 6], "uv": [0, 0]},
						{"origin": [15, 9, 10], "size": [1, 6, 1], "pivot": [15.5, 9, 10.5], "rotation": [20, 0, 0], "uv": [24, 0]},
						{"origin": [18, 1, 10], "size": [1, 6, 1], "pivot": [18.5, 1, 10.5], "rotation": [20, 0, 0], "uv": [24, 0]},
						{"origin": [19, 8, 14], "size": [1, 6, 1], "pivot": [19.5, 8, 14.5], "rotation": [0, 0, 20], "uv": [24, 0]},
						{"origin": [16, 3, 15], "size": [1, 6, 1], "pivot": [16.5, 3, 15.5], "rotation": [-15, 0, 0], "uv": [24, 0]},
						{"origin": [14, 7, 12], "size": [1, 6, 1], "pivot": [14.5, 7, 12.5], "rotation": [0, 0, -15], "uv": [24, 0]}
					]
				},
				{
					"name": "t26",
					"parent": "t25",
					"pivot": [17, 14, 13],
					"cubes": [
						{"origin": [14.5, 14, 10.5], "size": [5, 20, 5], "uv": [0, 26]},
						{"origin": [14.5, 22, 12], "size": [1, 6, 1], "pivot": [15, 22, 12.5], "rotation": [0, 0, -15], "uv": [24, 0]},
						{"origin": [16.5, 27, 10.5], "size": [1, 6, 1], "pivot": [17, 27, 11], "rotation": [15, 0, 0], "uv": [24, 0]},
						{"origin": [18.5, 22, 12.5], "size": [1, 6, 1], "pivot": [19, 22, 13], "rotation": [0, 0, 17.5], "uv": [24, 0]},
						{"origin": [17.5, 24, 14.5], "size": [1, 6, 1], "pivot": [18, 24, 15], "rotation": [-20, 0, 0], "uv": [24, 0]}
					]
				},
				{
					"name": "t27",
					"parent": "t26",
					"pivot": [17, 31, 13],
					"cubes": [
						{"origin": [15, 31, 11], "size": [4, 20, 4], "uv": [0, 51]},
						{"origin": [17.5, 41, 13.5], "size": [1, 6, 1], "pivot": [18, 41, 14], "rotation": [-20, 0, 0], "uv": [24, 0]},
						{"origin": [15, 41, 11.5], "size": [1, 6, 1], "pivot": [15.5, 41, 12], "rotation": [0, 0, -15], "uv": [24, 0]}
					]
				},
				{
					"name": "t28",
					"parent": "t27",
					"pivot": [17, 48, 13],
					"cubes": [
						{"origin": [15.5, 48, 11.5], "size": [3, 20, 3], "uv": [0, 75]},
						{"origin": [16, 57, 12.5], "size": [1, 6, 1], "pivot": [16.5, 57, 13], "rotation": [0, 0, -15], "uv": [24, 0]},
						{"origin": [17.5, 55, 12.5], "size": [1, 6, 1], "pivot": [18, 55, 13], "rotation": [0, 0, 20], "uv": [24, 0]},
						{"origin": [17.5, 58, 12.5], "size": [1, 6, 1], "pivot": [18, 58, 13], "rotation": [-20, 0, 0], "uv": [24, 0]},
						{"origin": [17.5, 54, 12.5], "size": [1, 6, 1], "pivot": [18, 54, 13], "rotation": [20, 0, 0], "uv": [24, 0]}
					]
				},
				{
					"name": "t29",
					"parent": "t28",
					"pivot": [17, 67, 13],
					"cubes": [
						{"origin": [16, 67, 12], "size": [2, 20, 2], "uv": [0, 98]},
						{"origin": [16.75, 79, 12.5], "size": [1, 6, 1], "pivot": [17.25, 79, 13], "rotation": [0, 0, 20], "uv": [24, 0]},
						{"origin": [16, 73, 12.5], "size": [1, 6, 1], "pivot": [16.5, 73, 13], "rotation": [0, 0, -15], "uv": [24, 0]},
						{"origin": [16.5, 77, 12.5], "size": [1, 6, 1], "pivot": [17, 77, 13], "rotation": [20, 0, 0], "uv": [24, 0]},
						{"origin": [16.5, 70, 12.5], "size": [1, 6, 1], "pivot": [17, 70, 13], "rotation": [-20, 0, 0], "uv": [24, 0]}
					]
				},
				{
					"name": "t30",
					"parent": "t29",
					"pivot": [17, 86, 13],
					"cubes": [
						{"origin": [16.5, 86, 12.5], "size": [1, 12, 1], "uv": [8, 98]}
					]
				},
				{
					"name": "t31",
					"parent": "tentacle_vines",
					"pivot": [-4, -3, 20],
					"cubes": [
						{"origin": [-3, -3, 20], "size": [6, 20, 6], "uv": [0, 0]},
						{"origin": [-2, 9, 20], "size": [1, 6, 1], "pivot": [-1.5, 9, 20.5], "rotation": [20, 0, 0], "uv": [24, 0]},
						{"origin": [1, 1, 20], "size": [1, 6, 1], "pivot": [1.5, 1, 20.5], "rotation": [20, 0, 0], "uv": [24, 0]},
						{"origin": [2, 8, 24], "size": [1, 6, 1], "pivot": [2.5, 8, 24.5], "rotation": [0, 0, 20], "uv": [24, 0]},
						{"origin": [-1, 3, 25], "size": [1, 6, 1], "pivot": [-0.5, 3, 25.5], "rotation": [-15, 0, 0], "uv": [24, 0]},
						{"origin": [-3, 7, 22], "size": [1, 6, 1], "pivot": [-2.5, 7, 22.5], "rotation": [0, 0, -15], "uv": [24, 0]}
					]
				},
				{
					"name": "t32",
					"parent": "t31",
					"pivot": [0, 14, 23],
					"cubes": [
						{"origin": [-2.5, 14, 20.5], "size": [5, 20, 5], "uv": [0, 26]},
						{"origin": [-2.5, 22, 22], "size": [1, 6, 1], "pivot": [-2, 22, 22.5], "rotation": [0, 0, -15], "uv": [24, 0]},
						{"origin": [-0.5, 27, 20.5], "size": [1, 6, 1], "pivot": [0, 27, 21], "rotation": [15, 0, 0], "uv": [24, 0]},
						{"origin": [1.5, 22, 22.5], "size": [1, 6, 1], "pivot": [2, 22, 23], "rotation": [0, 0, 17.5], "uv": [24, 0]},
						{"origin": [0.5, 24, 24.5], "size": [1, 6, 1], "pivot": [1, 24, 25], "rotation": [-20, 0, 0], "uv": [24, 0]}
					]
				},
				{
					"name": "t33",
					"parent": "t32",
					"pivot": [0, 31, 23],
					"cubes": [
						{"origin": [-2, 31, 21], "size": [4, 20, 4], "uv": [0, 51]},
						{"origin": [0.5, 41, 23.5], "size": [1, 6, 1], "pivot": [1, 41, 24], "rotation": [-20, 0, 0], "uv": [24, 0]},
						{"origin": [-2, 41, 21.5], "size": [1, 6, 1], "pivot": [-1.5, 41, 22], "rotation": [0, 0, -15], "uv": [24, 0]}
					]
				},
				{
					"name": "t34",
					"parent": "t33",
					"pivot": [0, 48, 23],
					"cubes": [
						{"origin": [-1.5, 48, 21.5], "size": [3, 20, 3], "uv": [0, 75]},
						{"origin": [-1, 57, 22.5], "size": [1, 6, 1], "pivot": [-0.5, 57, 23], "rotation": [0, 0, -15], "uv": [24, 0]},
						{"origin": [0.5, 55, 22.5], "size": [1, 6, 1], "pivot": [1, 55, 23], "rotation": [0, 0, 20], "uv": [24, 0]},
						{"origin": [0.5, 58, 22.5], "size": [1, 6, 1], "pivot": [1, 58, 23], "rotation": [-20, 0, 0], "uv": [24, 0]},
						{"origin": [0.5, 54, 22.5], "size": [1, 6, 1], "pivot": [1, 54, 23], "rotation": [20, 0, 0], "uv": [24, 0]}
					]
				},
				{
					"name": "t35",
					"parent": "t34",
					"pivot": [0, 67, 23],
					"cubes": [
						{"origin": [-1, 67, 22], "size": [2, 20, 2], "uv": [0, 98]},
						{"origin": [-0.25, 79, 22.5], "size": [1, 6, 1], "pivot": [0.25, 79, 23], "rotation": [0, 0, 20], "uv": [24, 0]},
						{"origin": [-1, 73, 22.5], "size": [1, 6, 1], "pivot": [-0.5, 73, 23], "rotation": [0, 0, -15], "uv": [24, 0]},
						{"origin": [-0.5, 77, 22.5], "size": [1, 6, 1], "pivot": [0, 77, 23], "rotation": [20, 0, 0], "uv": [24, 0]},
						{"origin": [-0.5, 70, 22.5], "size": [1, 6, 1], "pivot": [0, 70, 23], "rotation": [-20, 0, 0], "uv": [24, 0]}
					]
				},
				{
					"name": "t36",
					"parent": "t35",
					"pivot": [0, 86, 23],
					"cubes": [
						{"origin": [-0.5, 86, 22.5], "size": [1, 12, 1], "uv": [8, 98]}
					]
				}
			]
		}
	]
}