{
    "format_version": "1.10.0",
    "animation_controllers": {
		"controller.animation.omni": {
			"states": {
				"default": {
					"on_entry": [
						"/playsound mob.omni.rising @p ~~~"
					]
				}
			}
		},
		
		"controller.animation.sphere_open": {
			"states": {
				"default": {
					"on_entry": [
						"/playsound mob.omni.sphere_open @p ~~~"
					]
				}
			}
		},
		
		"controller.animation.sphere_open_and_rise": {
			"states": {
				"default": {
					"on_entry": [
						"/playsound mob.omni.sphere_open @p ~~~",
						"/playsound mob.omni.rising @p ~~~"
					]
				}
			}
		}
	}
}