{
    "format_version": "1.10.0",
    "animation_controllers": {
    
		"controller.animation.omni_timer": {
			"states": {
				"base": {
					"transitions": [
					{
						"omni_timer": "query.mark_variant > 0"
					}
				],
					"on_entry": [
						"/tag @s remove omni_blink"
		        ]
			},
				"omni_timer": {
					"transitions": [
					{
						"default": "(1.0)"
					}
				],
					"on_entry": [
					    "/scoreboard objectives add omni_timer dummy",
						"/scoreboard players add @s omni_timer 1",
						
						"@s not_wearing_omni",
						
						"/execute @s[scores={omni_timer=1}] ~~~ tag @s remove omni_recharged",
						
						"/execute @s[scores={omni_timer=1}] ~~~ effect @s regeneration 10 255 true",
						
						"/execute @s[scores={omni_timer=1..3900}] ~~~ clear @s omni:omnitrix", //Disable Omni Holding On Alien Form
						
						"/execute @s[scores={omni_timer=1..3900}] ~~~ clear @s staff:staff_of_ages", //Disable Omni Holding On Alien Form

					   "/execute @s[scores={omni_timer=1..200}] ~~~ title @s actionbar §lOmnitrix Battery: §a▌▌▌▌▌▌▌▌▌▌▌▌▌▌▌▌▌▌▌▌",
					  
					 "/execute @s[scores={omni_timer=201..400}] ~~~ title @s actionbar §lOmnitrix Battery: §a▌▌▌▌▌▌▌▌▌▌▌▌▌▌▌▌▌▌▌ ",
					   
					 "/execute @s[scores={omni_timer=401..600}] ~~~ title @s actionbar §lOmnitrix Battery: §a▌▌▌▌▌▌▌▌▌▌▌▌▌▌▌▌▌▌  ",
					   
					 "/execute @s[scores={omni_timer=601..800}] ~~~ title @s actionbar §lOmnitrix Battery: §a▌▌▌▌▌▌▌▌▌▌▌▌▌▌▌▌▌   ",
					   
					 "/execute @s[scores={omni_timer=801..1000}] ~~~ title @s actionbar §lOmnitrix Battery: §a▌▌▌▌▌▌▌▌▌▌▌▌▌▌▌▌    ",
					   
					 "/execute @s[scores={omni_timer=1001..1200}] ~~~ title @s actionbar §lOmnitrix Battery: §6▌▌▌▌▌▌▌▌▌▌▌▌▌▌▌     ",
					   
					"/execute @s[scores={omni_timer=1201..1400}] ~~~ title @s actionbar §lOmnitrix Battery: §6▌▌▌▌▌▌▌▌▌▌▌▌▌▌      ",
					   
				   "/execute @s[scores={omni_timer=1401..1600}] ~~~ title @s actionbar §lOmnitrix Battery: §6▌▌▌▌▌▌▌▌▌▌▌▌▌       ",
					   
				   "/execute @s[scores={omni_timer=1601..1800}] ~~~ title @s actionbar §lOmnitrix Battery: §6▌▌▌▌▌▌▌▌▌▌▌▌        ",
					   
				   "/execute @s[scores={omni_timer=1801..2000}] ~~~ title @s actionbar §lOmnitrix Battery: §6▌▌▌▌▌▌▌▌▌▌▌         ",
					  
				   "/execute @s[scores={omni_timer=2001..2200}] ~~~ title @s actionbar §lOmnitrix Battery: §e▌▌▌▌▌▌▌▌▌▌          ",
					  
				   "/execute @s[scores={omni_timer=2201..2400}] ~~~ title @s actionbar §lOmnitrix Battery: §e▌▌▌▌▌▌▌▌▌           ",
					  
				   "/execute @s[scores={omni_timer=2401..2600}] ~~~ title @s actionbar §lOmnitrix Battery: §e▌▌▌▌▌▌▌▌            ",
					  
				   "/execute @s[scores={omni_timer=2601..2800}] ~~~ title @s actionbar §lOmnitrix Battery: §e▌▌▌▌▌▌▌             ",
					  
				   "/execute @s[scores={omni_timer=2801..3000}] ~~~ title @s actionbar §lOmnitrix Battery: §e▌▌▌▌▌▌              ",
					  
				   "/execute @s[scores={omni_timer=3001..3200}] ~~~ title @s actionbar §lOmnitrix Battery: §c▌▌▌▌▌               ",
					 
			       "/execute @s[scores={omni_timer=3201..3400}] ~~~ title @s actionbar §lOmnitrix Battery: §c▌▌▌▌                ",
					 
				   "/execute @s[scores={omni_timer=3401..3600}] ~~~ title @s actionbar §lOmnitrix Battery: §c▌▌▌                 ",
					 
				   "/execute @s[scores={omni_timer=3601..3605}] ~~~ title @s actionbar §lOmnitrix Battery: §c▌▌                  ",
				   "/execute @s[scores={omni_timer=3606..3610}] ~~~ title @s actionbar §lOmnitrix Battery: §4▌▌                  ",
				   "/execute @s[scores={omni_timer=3611..3615}] ~~~ title @s actionbar §lOmnitrix Battery: §c▌▌                  ",
				   "/execute @s[scores={omni_timer=3616..3620}] ~~~ title @s actionbar §lOmnitrix Battery: §4▌▌                  ",
				   "/execute @s[scores={omni_timer=3621..3625}] ~~~ title @s actionbar §lOmnitrix Battery: §c▌▌                  ",
				   "/execute @s[scores={omni_timer=3626..3630}] ~~~ title @s actionbar §lOmnitrix Battery: §4▌▌                  ",
				   "/execute @s[scores={omni_timer=3631..3635}] ~~~ title @s actionbar §lOmnitrix Battery: §c▌▌                  ",
				   "/execute @s[scores={omni_timer=3636..3640}] ~~~ title @s actionbar §lOmnitrix Battery: §4▌▌                  ",
				   "/execute @s[scores={omni_timer=3641..3645}] ~~~ title @s actionbar §lOmnitrix Battery: §c▌▌                  ",
				   "/execute @s[scores={omni_timer=3646..3650}] ~~~ title @s actionbar §lOmnitrix Battery: §4▌▌                  ",
				   "/execute @s[scores={omni_timer=3651..3655}] ~~~ title @s actionbar §lOmnitrix Battery: §c▌▌                  ",
				   "/execute @s[scores={omni_timer=3656..3660}] ~~~ title @s actionbar §lOmnitrix Battery: §4▌▌                  ",
				   "/execute @s[scores={omni_timer=3661..3665}] ~~~ title @s actionbar §lOmnitrix Battery: §c▌▌                  ",
				   "/execute @s[scores={omni_timer=3666..3670}] ~~~ title @s actionbar §lOmnitrix Battery: §4▌▌                  ",
				   "/execute @s[scores={omni_timer=3671..3675}] ~~~ title @s actionbar §lOmnitrix Battery: §c▌▌                  ",
				   "/execute @s[scores={omni_timer=3676..3680}] ~~~ title @s actionbar §lOmnitrix Battery: §4▌▌                  ",
				   "/execute @s[scores={omni_timer=3681..3685}] ~~~ title @s actionbar §lOmnitrix Battery: §c▌▌                  ",
				   "/execute @s[scores={omni_timer=3686..3690}] ~~~ title @s actionbar §lOmnitrix Battery: §4▌▌                  ",
				   "/execute @s[scores={omni_timer=3691..3695}] ~~~ title @s actionbar §lOmnitrix Battery: §c▌▌                  ",
				   "/execute @s[scores={omni_timer=3696..3700}] ~~~ title @s actionbar §lOmnitrix Battery: §4▌▌                  ",
				   "/execute @s[scores={omni_timer=3701..3705}] ~~~ title @s actionbar §lOmnitrix Battery: §c▌▌                  ",
				   "/execute @s[scores={omni_timer=3706..3710}] ~~~ title @s actionbar §lOmnitrix Battery: §4▌▌                  ",
				   "/execute @s[scores={omni_timer=3711..3715}] ~~~ title @s actionbar §lOmnitrix Battery: §c▌▌                  ",
				   "/execute @s[scores={omni_timer=3716..3720}] ~~~ title @s actionbar §lOmnitrix Battery: §4▌▌                  ",
				   "/execute @s[scores={omni_timer=3721..3725}] ~~~ title @s actionbar §lOmnitrix Battery: §c▌▌                  ",
				   "/execute @s[scores={omni_timer=3726..3730}] ~~~ title @s actionbar §lOmnitrix Battery: §4▌▌                  ",
				   "/execute @s[scores={omni_timer=3731..3735}] ~~~ title @s actionbar §lOmnitrix Battery: §c▌▌                  ",
				   "/execute @s[scores={omni_timer=3736..3740}] ~~~ title @s actionbar §lOmnitrix Battery: §4▌▌                  ",
				   "/execute @s[scores={omni_timer=3741..3745}] ~~~ title @s actionbar §lOmnitrix Battery: §c▌▌                  ",
				   "/execute @s[scores={omni_timer=3746..3750}] ~~~ title @s actionbar §lOmnitrix Battery: §4▌▌                  ",
				   "/execute @s[scores={omni_timer=3751..3755}] ~~~ title @s actionbar §lOmnitrix Battery: §c▌▌                  ",
				   "/execute @s[scores={omni_timer=3756..3760}] ~~~ title @s actionbar §lOmnitrix Battery: §4▌▌                  ",
				   "/execute @s[scores={omni_timer=3761..3765}] ~~~ title @s actionbar §lOmnitrix Battery: §c▌▌                  ",
				   "/execute @s[scores={omni_timer=3766..3770}] ~~~ title @s actionbar §lOmnitrix Battery: §4▌▌                  ",
				   "/execute @s[scores={omni_timer=3771..3775}] ~~~ title @s actionbar §lOmnitrix Battery: §c▌▌                  ",
				   "/execute @s[scores={omni_timer=3776..3780}] ~~~ title @s actionbar §lOmnitrix Battery: §4▌▌                  ",
				   "/execute @s[scores={omni_timer=3781..3785}] ~~~ title @s actionbar §lOmnitrix Battery: §c▌▌                  ",
				   "/execute @s[scores={omni_timer=3786..3790}] ~~~ title @s actionbar §lOmnitrix Battery: §4▌▌                  ",
				   "/execute @s[scores={omni_timer=3791..3795}] ~~~ title @s actionbar §lOmnitrix Battery: §c▌▌                  ",
				   "/execute @s[scores={omni_timer=3796..3800}] ~~~ title @s actionbar §lOmnitrix Battery: §4▌▌                  ",
					 
				   "/execute @s[scores={omni_timer=3801..3805}] ~~~ title @s actionbar §lOmnitrix Battery: §c▌                   ",
				   "/execute @s[scores={omni_timer=3806..3810}] ~~~ title @s actionbar §lOmnitrix Battery: §4▌                   ",
				   "/execute @s[scores={omni_timer=3811..3815}] ~~~ title @s actionbar §lOmnitrix Battery: §c▌                   ",
				   "/execute @s[scores={omni_timer=3816..3820}] ~~~ title @s actionbar §lOmnitrix Battery: §4▌                   ",
				   "/execute @s[scores={omni_timer=3821..3825}] ~~~ title @s actionbar §lOmnitrix Battery: §c▌                   ",
				   "/execute @s[scores={omni_timer=3826..3830}] ~~~ title @s actionbar §lOmnitrix Battery: §4▌                   ",
				   "/execute @s[scores={omni_timer=3831..3835}] ~~~ title @s actionbar §lOmnitrix Battery: §c▌                   ",
				   "/execute @s[scores={omni_timer=3836..3840}] ~~~ title @s actionbar §lOmnitrix Battery: §4▌                   ",
				   "/execute @s[scores={omni_timer=3841..3845}] ~~~ title @s actionbar §lOmnitrix Battery: §c▌                   ",
				   "/execute @s[scores={omni_timer=3846..3850}] ~~~ title @s actionbar §lOmnitrix Battery: §4▌                   ",
				   "/execute @s[scores={omni_timer=3851..3855}] ~~~ title @s actionbar §lOmnitrix Battery: §c▌                   ",
				   "/execute @s[scores={omni_timer=3856..3860}] ~~~ title @s actionbar §lOmnitrix Battery: §4▌                   ",
				   "/execute @s[scores={omni_timer=3861..3865}] ~~~ title @s actionbar §lOmnitrix Battery: §c▌                   ",
				   "/execute @s[scores={omni_timer=3866..3870}] ~~~ title @s actionbar §lOmnitrix Battery: §4▌                   ",
				   "/execute @s[scores={omni_timer=3871..3875}] ~~~ title @s actionbar §lOmnitrix Battery: §c▌                   ",
				   "/execute @s[scores={omni_timer=3876..3880}] ~~~ title @s actionbar §lOmnitrix Battery: §4▌                   ",
				   "/execute @s[scores={omni_timer=3881..3885}] ~~~ title @s actionbar §lOmnitrix Battery: §c▌                   ",
				   "/execute @s[scores={omni_timer=3886..3890}] ~~~ title @s actionbar §lOmnitrix Battery: §4▌                   ",
				   "/execute @s[scores={omni_timer=3891..3895}] ~~~ title @s actionbar §lOmnitrix Battery: §c▌                   ",
				   "/execute @s[scores={omni_timer=3896..3900}] ~~~ title @s actionbar §lOmnitrix Battery: §4▌                   ",
				 
				   "/execute @s[scores={omni_timer=3875}] ~~~ tag @s add omni_blink",
				   
				   
				   "/execute @s[scores={omni_timer=3875}] ~~~ playsound mob.ben10.omni_low @p ~ ~ ~",
						
				   "/execute @s[scores={omni_timer=3901}] ~~~ tag @s add untransform",						
				   "/execute @s[scores={omni_timer=3901}] ~~~ scoreboard players set @s omni_timer 0",
				   
				   "/execute @s[scores={omni_timer=3901}] ~~~ tag @s remove can_break_blocks",
				   "/execute @s[scores={omni_timer=3901}] ~~~ tag @s remove cant_break_blocks",

				   "/execute @s[scores={omni_timer=3901}] ~~~ tag @s remove can_shoot",
				   "/execute @s[scores={omni_timer=3901}] ~~~ tag @s remove cant_shoot"				   
		            ]
				}
			}
		}
	}
}