{
    "format_version": "1.10.0",
    "animation_controllers": {
    
		"controller.animation.omni_recharging": {
			"states": {
				"base": {
					"transitions": [
					{
						"omni_recharge": "query.variant == 100 && query.is_alive"
					}
				],
					"on_entry": [
		        ]
			},
				"omni_recharge": {
					"transitions": [
					{
						"default": "(1.0)"
					}
				],
					"on_entry": [
					    "/scoreboard objectives add omni_recharger dummy",
						"/scoreboard players add @s omni_recharger 1",
						
					   "/scoreboard players set @s omni_timer 0",
						
					   "/execute @s[tag=!remove_omni_stucked,scores={omni_recharger=1}] ~~~ tag @s add omni_recharging",
					   
					   "/execute @s[tag=!remove_omni_stucked,scores={omni_recharger=1}] ~~~ function omnitrix",
					   
					   "/execute @s[tag=!remove_omni_stucked,scores={omni_recharger=1}] ~~~ effect @s clear",
					   "/execute @s[tag=!remove_omni_stucked,scores={omni_recharger=1}] ~~~ effect @s regeneration 5 255 true",
					   
					   "/execute @s[tag=!remove_omni_stucked,scores={omni_recharger=1}] ~~~ tag @s remove cb_roll",
					   "/execute @s[tag=!remove_omni_stucked,scores={omni_recharger=1}] ~~~ tag @s remove sonic_howl",
					   "/execute @s[tag=!remove_omni_stucked,scores={omni_recharger=1}] ~~~ tag @s remove no_sonic_howl",
					   "/execute @s[tag=!remove_omni_stucked,scores={omni_recharger=1}] ~~~ tag @s remove shoot_sonic_howl",
					  
					   "/execute @s[tag=!remove_omni_stucked,scores={omni_recharger=1}] ~~~ title @s actionbar §lOmnitrix Recharging: §a▌                   ",
					   "/execute @s[tag=!remove_omni_stucked,scores={omni_recharger=2}] ~~~ title @s actionbar §lOmnitrix Recharging: §2▌                   ",
					   "/execute @s[tag=!remove_omni_stucked,scores={omni_recharger=3}] ~~~ title @s actionbar §lOmnitrix Recharging: §a▌                   ",
					   "/execute @s[tag=!remove_omni_stucked,scores={omni_recharger=4}] ~~~ title @s actionbar §lOmnitrix Recharging: §2▌                   ",
				       "/execute @s[tag=!remove_omni_stucked,scores={omni_recharger=5}] ~~~ title @s actionbar §lOmnitrix Recharging: §a▌                   ",
					   "/execute @s[tag=!remove_omni_stucked,scores={omni_recharger=6}] ~~~ title @s actionbar §lOmnitrix Recharging: §2▌                   ",
					   "/execute @s[tag=!remove_omni_stucked,scores={omni_recharger=7}] ~~~ title @s actionbar §lOmnitrix Recharging: §a▌                   ",
					   "/execute @s[tag=!remove_omni_stucked,scores={omni_recharger=8}] ~~~ title @s actionbar §lOmnitrix Recharging: §2▌                   ",
					   "/execute @s[tag=!remove_omni_stucked,scores={omni_recharger=9}] ~~~ title @s actionbar §lOmnitrix Recharging: §a▌                   ",
					  "/execute @s[tag=!remove_omni_stucked,scores={omni_recharger=10}] ~~~ title @s actionbar §lOmnitrix Recharging: §2▌                   ",
					  "/execute @s[tag=!remove_omni_stucked,scores={omni_recharger=11}] ~~~ title @s actionbar §lOmnitrix Recharging: §a▌                   ",
					  "/execute @s[tag=!remove_omni_stucked,scores={omni_recharger=12}] ~~~ title @s actionbar §lOmnitrix Recharging: §2▌                   ",
				      "/execute @s[tag=!remove_omni_stucked,scores={omni_recharger=13}] ~~~ title @s actionbar §lOmnitrix Recharging: §a▌                   ",
					  "/execute @s[tag=!remove_omni_stucked,scores={omni_recharger=14}] ~~~ title @s actionbar §lOmnitrix Recharging: §2▌                   ",
					  "/execute @s[tag=!remove_omni_stucked,scores={omni_recharger=15}] ~~~ title @s actionbar §lOmnitrix Recharging: §a▌                   ",
					  "/execute @s[tag=!remove_omni_stucked,scores={omni_recharger=16}] ~~~ title @s actionbar §lOmnitrix Recharging: §2▌                   ",
				      "/execute @s[tag=!remove_omni_stucked,scores={omni_recharger=17}] ~~~ title @s actionbar §lOmnitrix Recharging: §a▌                   ",
					  "/execute @s[tag=!remove_omni_stucked,scores={omni_recharger=18}] ~~~ title @s actionbar §lOmnitrix Recharging: §2▌                   ",
					  "/execute @s[tag=!remove_omni_stucked,scores={omni_recharger=19}] ~~~ title @s actionbar §lOmnitrix Recharging: §a▌                   ",
					  "/execute @s[tag=!remove_omni_stucked,scores={omni_recharger=20}] ~~~ title @s actionbar §lOmnitrix Recharging: §2▌                   ",

                      "/execute @s[tag=!remove_omni_stucked,scores={omni_recharger=21}] ~~~ title @s actionbar §lOmnitrix Recharging: §a▌▌                  ",
					  "/execute @s[tag=!remove_omni_stucked,scores={omni_recharger=22}] ~~~ title @s actionbar §lOmnitrix Recharging: §2▌▌                  ",
					  "/execute @s[tag=!remove_omni_stucked,scores={omni_recharger=23}] ~~~ title @s actionbar §lOmnitrix Recharging: §a▌▌                  ",
					  "/execute @s[tag=!remove_omni_stucked,scores={omni_recharger=24}] ~~~ title @s actionbar §lOmnitrix Recharging: §2▌▌                  ",
				      "/execute @s[tag=!remove_omni_stucked,scores={omni_recharger=25}] ~~~ title @s actionbar §lOmnitrix Recharging: §a▌▌                  ",
					  "/execute @s[tag=!remove_omni_stucked,scores={omni_recharger=26}] ~~~ title @s actionbar §lOmnitrix Recharging: §2▌▌                  ",
					  "/execute @s[tag=!remove_omni_stucked,scores={omni_recharger=27}] ~~~ title @s actionbar §lOmnitrix Recharging: §a▌▌                  ",
					  "/execute @s[tag=!remove_omni_stucked,scores={omni_recharger=28}] ~~~ title @s actionbar §lOmnitrix Recharging: §2▌▌                  ",
					  "/execute @s[tag=!remove_omni_stucked,scores={omni_recharger=29}] ~~~ title @s actionbar §lOmnitrix Recharging: §a▌▌                  ",
					  "/execute @s[tag=!remove_omni_stucked,scores={omni_recharger=30}] ~~~ title @s actionbar §lOmnitrix Recharging: §2▌▌                  ",
					  "/execute @s[tag=!remove_omni_stucked,scores={omni_recharger=31}] ~~~ title @s actionbar §lOmnitrix Recharging: §a▌▌                  ",
					  "/execute @s[tag=!remove_omni_stucked,scores={omni_recharger=32}] ~~~ title @s actionbar §lOmnitrix Recharging: §2▌▌                  ",
				      "/execute @s[tag=!remove_omni_stucked,scores={omni_recharger=33}] ~~~ title @s actionbar §lOmnitrix Recharging: §a▌▌                  ",
					  "/execute @s[tag=!remove_omni_stucked,scores={omni_recharger=34}] ~~~ title @s actionbar §lOmnitrix Recharging: §2▌▌                  ",
					  "/execute @s[tag=!remove_omni_stucked,scores={omni_recharger=35}] ~~~ title @s actionbar §lOmnitrix Recharging: §a▌▌                  ",
					  "/execute @s[tag=!remove_omni_stucked,scores={omni_recharger=36}] ~~~ title @s actionbar §lOmnitrix Recharging: §2▌▌                  ",
				      "/execute @s[tag=!remove_omni_stucked,scores={omni_recharger=37}] ~~~ title @s actionbar §lOmnitrix Recharging: §a▌▌                  ",
					  "/execute @s[tag=!remove_omni_stucked,scores={omni_recharger=38}] ~~~ title @s actionbar §lOmnitrix Recharging: §2▌▌                  ",
					  "/execute @s[tag=!remove_omni_stucked,scores={omni_recharger=39}] ~~~ title @s actionbar §lOmnitrix Recharging: §a▌▌                  ",
					  "/execute @s[tag=!remove_omni_stucked,scores={omni_recharger=40}] ~~~ title @s actionbar §lOmnitrix Recharging: §2▌▌                  ",

                      "/execute @s[tag=!remove_omni_stucked,scores={omni_recharger=41}] ~~~ title @s actionbar §lOmnitrix Recharging: §a▌▌▌                 ",
					  "/execute @s[tag=!remove_omni_stucked,scores={omni_recharger=42}] ~~~ title @s actionbar §lOmnitrix Recharging: §2▌▌▌                 ",
					  "/execute @s[tag=!remove_omni_stucked,scores={omni_recharger=43}] ~~~ title @s actionbar §lOmnitrix Recharging: §a▌▌▌                 ",
					  "/execute @s[tag=!remove_omni_stucked,scores={omni_recharger=44}] ~~~ title @s actionbar §lOmnitrix Recharging: §2▌▌▌                 ",
				      "/execute @s[tag=!remove_omni_stucked,scores={omni_recharger=45}] ~~~ title @s actionbar §lOmnitrix Recharging: §a▌▌▌                 ",
					  "/execute @s[tag=!remove_omni_stucked,scores={omni_recharger=46}] ~~~ title @s actionbar §lOmnitrix Recharging: §2▌▌▌                 ",
					  "/execute @s[tag=!remove_omni_stucked,scores={omni_recharger=47}] ~~~ title @s actionbar §lOmnitrix Recharging: §a▌▌▌                 ",
					  "/execute @s[tag=!remove_omni_stucked,scores={omni_recharger=48}] ~~~ title @s actionbar §lOmnitrix Recharging: §2▌▌▌                 ",
					  "/execute @s[tag=!remove_omni_stucked,scores={omni_recharger=49}] ~~~ title @s actionbar §lOmnitrix Recharging: §a▌▌▌                 ",
					  "/execute @s[tag=!remove_omni_stucked,scores={omni_recharger=50}] ~~~ title @s actionbar §lOmnitrix Recharging: §2▌▌▌                 ",
					  "/execute @s[tag=!remove_omni_stucked,scores={omni_recharger=51}] ~~~ title @s actionbar §lOmnitrix Recharging: §a▌▌▌                 ",
					  "/execute @s[tag=!remove_omni_stucked,scores={omni_recharger=52}] ~~~ title @s actionbar §lOmnitrix Recharging: §2▌▌▌                 ",
				      "/execute @s[tag=!remove_omni_stucked,scores={omni_recharger=53}] ~~~ title @s actionbar §lOmnitrix Recharging: §a▌▌▌                 ",
					  "/execute @s[tag=!remove_omni_stucked,scores={omni_recharger=54}] ~~~ title @s actionbar §lOmnitrix Recharging: §2▌▌▌                 ",
					  "/execute @s[tag=!remove_omni_stucked,scores={omni_recharger=55}] ~~~ title @s actionbar §lOmnitrix Recharging: §a▌▌▌                 ",
					  "/execute @s[tag=!remove_omni_stucked,scores={omni_recharger=56}] ~~~ title @s actionbar §lOmnitrix Recharging: §2▌▌▌                 ",
				      "/execute @s[tag=!remove_omni_stucked,scores={omni_recharger=57}] ~~~ title @s actionbar §lOmnitrix Recharging: §a▌▌▌                 ",
					  "/execute @s[tag=!remove_omni_stucked,scores={omni_recharger=58}] ~~~ title @s actionbar §lOmnitrix Recharging: §2▌▌▌                 ",
					  "/execute @s[tag=!remove_omni_stucked,scores={omni_recharger=59}] ~~~ title @s actionbar §lOmnitrix Recharging: §a▌▌▌                 ",
					  "/execute @s[tag=!remove_omni_stucked,scores={omni_recharger=60}] ~~~ title @s actionbar §lOmnitrix Recharging: §2▌▌▌                 ",

                      "/execute @s[tag=!remove_omni_stucked,scores={omni_recharger=61}] ~~~ title @s actionbar §lOmnitrix Recharging: §a▌▌▌▌                ",
					  "/execute @s[tag=!remove_omni_stucked,scores={omni_recharger=62}] ~~~ title @s actionbar §lOmnitrix Recharging: §2▌▌▌▌                ",
					  "/execute @s[tag=!remove_omni_stucked,scores={omni_recharger=63}] ~~~ title @s actionbar §lOmnitrix Recharging: §a▌▌▌▌                ",
					  "/execute @s[tag=!remove_omni_stucked,scores={omni_recharger=64}] ~~~ title @s actionbar §lOmnitrix Recharging: §2▌▌▌▌                ",
				      "/execute @s[tag=!remove_omni_stucked,scores={omni_recharger=65}] ~~~ title @s actionbar §lOmnitrix Recharging: §a▌▌▌▌                ",
					  "/execute @s[tag=!remove_omni_stucked,scores={omni_recharger=66}] ~~~ title @s actionbar §lOmnitrix Recharging: §2▌▌▌▌                ",
					  "/execute @s[tag=!remove_omni_stucked,scores={omni_recharger=67}] ~~~ title @s actionbar §lOmnitrix Recharging: §a▌▌▌▌                ",
					  "/execute @s[tag=!remove_omni_stucked,scores={omni_recharger=68}] ~~~ title @s actionbar §lOmnitrix Recharging: §2▌▌▌▌                ",
					  "/execute @s[tag=!remove_omni_stucked,scores={omni_recharger=69}] ~~~ title @s actionbar §lOmnitrix Recharging: §a▌▌▌▌                ",
					  "/execute @s[tag=!remove_omni_stucked,scores={omni_recharger=70}] ~~~ title @s actionbar §lOmnitrix Recharging: §2▌▌▌▌                ",
					  "/execute @s[tag=!remove_omni_stucked,scores={omni_recharger=71}] ~~~ title @s actionbar §lOmnitrix Recharging: §a▌▌▌▌                ",
					  "/execute @s[tag=!remove_omni_stucked,scores={omni_recharger=72}] ~~~ title @s actionbar §lOmnitrix Recharging: §2▌▌▌▌                ",
				      "/execute @s[tag=!remove_omni_stucked,scores={omni_recharger=73}] ~~~ title @s actionbar §lOmnitrix Recharging: §a▌▌▌▌                ",
					  "/execute @s[tag=!remove_omni_stucked,scores={omni_recharger=74}] ~~~ title @s actionbar §lOmnitrix Recharging: §2▌▌▌▌                ",
					  "/execute @s[tag=!remove_omni_stucked,scores={omni_recharger=75}] ~~~ title @s actionbar §lOmnitrix Recharging: §a▌▌▌▌                ",
					  "/execute @s[tag=!remove_omni_stucked,scores={omni_recharger=76}] ~~~ title @s actionbar §lOmnitrix Recharging: §2▌▌▌▌                ",
				      "/execute @s[tag=!remove_omni_stucked,scores={omni_recharger=77}] ~~~ title @s actionbar §lOmnitrix Recharging: §a▌▌▌▌                ",
					  "/execute @s[tag=!remove_omni_stucked,scores={omni_recharger=78}] ~~~ title @s actionbar §lOmnitrix Recharging: §2▌▌▌▌                ",
					  "/execute @s[tag=!remove_omni_stucked,scores={omni_recharger=79}] ~~~ title @s actionbar §lOmnitrix Recharging: §a▌▌▌▌                ",
					  "/execute @s[tag=!remove_omni_stucked,scores={omni_recharger=80}] ~~~ title @s actionbar §lOmnitrix Recharging: §2▌▌▌▌                ",

                      "/execute @s[tag=!remove_omni_stucked,scores={omni_recharger=81}] ~~~ title @s actionbar §lOmnitrix Recharging: §a▌▌▌▌▌               ",
					  "/execute @s[tag=!remove_omni_stucked,scores={omni_recharger=82}] ~~~ title @s actionbar §lOmnitrix Recharging: §2▌▌▌▌▌               ",
					  "/execute @s[tag=!remove_omni_stucked,scores={omni_recharger=83}] ~~~ title @s actionbar §lOmnitrix Recharging: §a▌▌▌▌▌               ",
					  "/execute @s[tag=!remove_omni_stucked,scores={omni_recharger=84}] ~~~ title @s actionbar §lOmnitrix Recharging: §2▌▌▌▌▌               ",
				      "/execute @s[tag=!remove_omni_stucked,scores={omni_recharger=85}] ~~~ title @s actionbar §lOmnitrix Recharging: §a▌▌▌▌▌               ",
					  "/execute @s[tag=!remove_omni_stucked,scores={omni_recharger=86}] ~~~ title @s actionbar §lOmnitrix Recharging: §2▌▌▌▌▌               ",
					  "/execute @s[tag=!remove_omni_stucked,scores={omni_recharger=87}] ~~~ title @s actionbar §lOmnitrix Recharging: §a▌▌▌▌▌               ",
					  "/execute @s[tag=!remove_omni_stucked,scores={omni_recharger=88}] ~~~ title @s actionbar §lOmnitrix Recharging: §2▌▌▌▌▌               ",
					  "/execute @s[tag=!remove_omni_stucked,scores={omni_recharger=89}] ~~~ title @s actionbar §lOmnitrix Recharging: §a▌▌▌▌▌               ",
					  "/execute @s[tag=!remove_omni_stucked,scores={omni_recharger=90}] ~~~ title @s actionbar §lOmnitrix Recharging: §2▌▌▌▌▌               ",
					  "/execute @s[tag=!remove_omni_stucked,scores={omni_recharger=91}] ~~~ title @s actionbar §lOmnitrix Recharging: §a▌▌▌▌▌               ",
					  "/execute @s[tag=!remove_omni_stucked,scores={omni_recharger=92}] ~~~ title @s actionbar §lOmnitrix Recharging: §2▌▌▌▌▌               ",
				      "/execute @s[tag=!remove_omni_stucked,scores={omni_recharger=93}] ~~~ title @s actionbar §lOmnitrix Recharging: §a▌▌▌▌▌               ",
					  "/execute @s[tag=!remove_omni_stucked,scores={omni_recharger=94}] ~~~ title @s actionbar §lOmnitrix Recharging: §2▌▌▌▌▌               ",
					  "/execute @s[tag=!remove_omni_stucked,scores={omni_recharger=95}] ~~~ title @s actionbar §lOmnitrix Recharging: §a▌▌▌▌▌               ",
					  "/execute @s[tag=!remove_omni_stucked,scores={omni_recharger=96}] ~~~ title @s actionbar §lOmnitrix Recharging: §2▌▌▌▌▌               ",
				      "/execute @s[tag=!remove_omni_stucked,scores={omni_recharger=97}] ~~~ title @s actionbar §lOmnitrix Recharging: §a▌▌▌▌▌               ",
					  "/execute @s[tag=!remove_omni_stucked,scores={omni_recharger=98}] ~~~ title @s actionbar §lOmnitrix Recharging: §2▌▌▌▌▌               ",
					  "/execute @s[tag=!remove_omni_stucked,scores={omni_recharger=99}] ~~~ title @s actionbar §lOmnitrix Recharging: §a▌▌▌▌▌               ",
					 "/execute @s[tag=!remove_omni_stucked,scores={omni_recharger=100}] ~~~ title @s actionbar §lOmnitrix Recharging: §2▌▌▌▌▌               ",

                     "/execute @s[tag=!remove_omni_stucked,scores={omni_recharger=101}] ~~~ title @s actionbar §lOmnitrix Recharging: §a▌▌▌▌▌▌              ",
					 "/execute @s[tag=!remove_omni_stucked,scores={omni_recharger=102}] ~~~ title @s actionbar §lOmnitrix Recharging: §2▌▌▌▌▌▌              ",
					 "/execute @s[tag=!remove_omni_stucked,scores={omni_recharger=103}] ~~~ title @s actionbar §lOmnitrix Recharging: §a▌▌▌▌▌▌              ",
					 "/execute @s[tag=!remove_omni_stucked,scores={omni_recharger=104}] ~~~ title @s actionbar §lOmnitrix Recharging: §2▌▌▌▌▌▌              ",
				     "/execute @s[tag=!remove_omni_stucked,scores={omni_recharger=105}] ~~~ title @s actionbar §lOmnitrix Recharging: §a▌▌▌▌▌▌              ",
					 "/execute @s[tag=!remove_omni_stucked,scores={omni_recharger=106}] ~~~ title @s actionbar §lOmnitrix Recharging: §2▌▌▌▌▌▌              ",
					 "/execute @s[tag=!remove_omni_stucked,scores={omni_recharger=107}] ~~~ title @s actionbar §lOmnitrix Recharging: §a▌▌▌▌▌▌              ",
					 "/execute @s[tag=!remove_omni_stucked,scores={omni_recharger=108}] ~~~ title @s actionbar §lOmnitrix Recharging: §2▌▌▌▌▌▌              ",
					 "/execute @s[tag=!remove_omni_stucked,scores={omni_recharger=109}] ~~~ title @s actionbar §lOmnitrix Recharging: §a▌▌▌▌▌▌              ",
					 "/execute @s[tag=!remove_omni_stucked,scores={omni_recharger=110}] ~~~ title @s actionbar §lOmnitrix Recharging: §2▌▌▌▌▌▌              ",
					 "/execute @s[tag=!remove_omni_stucked,scores={omni_recharger=111}] ~~~ title @s actionbar §lOmnitrix Recharging: §a▌▌▌▌▌▌              ",
					 "/execute @s[tag=!remove_omni_stucked,scores={omni_recharger=112}] ~~~ title @s actionbar §lOmnitrix Recharging: §2▌▌▌▌▌▌              ",
				     "/execute @s[tag=!remove_omni_stucked,scores={omni_recharger=113}] ~~~ title @s actionbar §lOmnitrix Recharging: §a▌▌▌▌▌▌              ",
					 "/execute @s[tag=!remove_omni_stucked,scores={omni_recharger=114}] ~~~ title @s actionbar §lOmnitrix Recharging: §2▌▌▌▌▌▌              ",
					 "/execute @s[tag=!remove_omni_stucked,scores={omni_recharger=115}] ~~~ title @s actionbar §lOmnitrix Recharging: §a▌▌▌▌▌▌              ",
					 "/execute @s[tag=!remove_omni_stucked,scores={omni_recharger=116}] ~~~ title @s actionbar §lOmnitrix Recharging: §2▌▌▌▌▌▌              ",
				     "/execute @s[tag=!remove_omni_stucked,scores={omni_recharger=117}] ~~~ title @s actionbar §lOmnitrix Recharging: §a▌▌▌▌▌▌              ",
					 "/execute @s[tag=!remove_omni_stucked,scores={omni_recharger=118}] ~~~ title @s actionbar §lOmnitrix Recharging: §2▌▌▌▌▌▌              ",
					 "/execute @s[tag=!remove_omni_stucked,scores={omni_recharger=119}] ~~~ title @s actionbar §lOmnitrix Recharging: §a▌▌▌▌▌▌              ",
					 "/execute @s[tag=!remove_omni_stucked,scores={omni_recharger=120}] ~~~ title @s actionbar §lOmnitrix Recharging: §2▌▌▌▌▌▌              ",

                     "/execute @s[tag=!remove_omni_stucked,scores={omni_recharger=121}] ~~~ title @s actionbar §lOmnitrix Recharging: §a▌▌▌▌▌▌▌             ",
					 "/execute @s[tag=!remove_omni_stucked,scores={omni_recharger=122}] ~~~ title @s actionbar §lOmnitrix Recharging: §2▌▌▌▌▌▌▌             ",
					 "/execute @s[tag=!remove_omni_stucked,scores={omni_recharger=123}] ~~~ title @s actionbar §lOmnitrix Recharging: §a▌▌▌▌▌▌▌             ",
					 "/execute @s[tag=!remove_omni_stucked,scores={omni_recharger=124}] ~~~ title @s actionbar §lOmnitrix Recharging: §2▌▌▌▌▌▌▌             ",
				     "/execute @s[tag=!remove_omni_stucked,scores={omni_recharger=125}] ~~~ title @s actionbar §lOmnitrix Recharging: §a▌▌▌▌▌▌▌             ",
					 "/execute @s[tag=!remove_omni_stucked,scores={omni_recharger=126}] ~~~ title @s actionbar §lOmnitrix Recharging: §2▌▌▌▌▌▌▌             ",
					 "/execute @s[tag=!remove_omni_stucked,scores={omni_recharger=127}] ~~~ title @s actionbar §lOmnitrix Recharging: §a▌▌▌▌▌▌▌             ",
					 "/execute @s[tag=!remove_omni_stucked,scores={omni_recharger=128}] ~~~ title @s actionbar §lOmnitrix Recharging: §2▌▌▌▌▌▌▌             ",
					 "/execute @s[tag=!remove_omni_stucked,scores={omni_recharger=129}] ~~~ title @s actionbar §lOmnitrix Recharging: §a▌▌▌▌▌▌▌             ",
					 "/execute @s[tag=!remove_omni_stucked,scores={omni_recharger=130}] ~~~ title @s actionbar §lOmnitrix Recharging: §2▌▌▌▌▌▌▌             ",
					 "/execute @s[tag=!remove_omni_stucked,scores={omni_recharger=131}] ~~~ title @s actionbar §lOmnitrix Recharging: §a▌▌▌▌▌▌▌             ",
					 "/execute @s[tag=!remove_omni_stucked,scores={omni_recharger=132}] ~~~ title @s actionbar §lOmnitrix Recharging: §2▌▌▌▌▌▌▌             ",
				     "/execute @s[tag=!remove_omni_stucked,scores={omni_recharger=133}] ~~~ title @s actionbar §lOmnitrix Recharging: §a▌▌▌▌▌▌▌             ",
					 "/execute @s[tag=!remove_omni_stucked,scores={omni_recharger=134}] ~~~ title @s actionbar §lOmnitrix Recharging: §2▌▌▌▌▌▌▌             ",
					 "/execute @s[tag=!remove_omni_stucked,scores={omni_recharger=135}] ~~~ title @s actionbar §lOmnitrix Recharging: §a▌▌▌▌▌▌▌             ",
					 "/execute @s[tag=!remove_omni_stucked,scores={omni_recharger=136}] ~~~ title @s actionbar §lOmnitrix Recharging: §2▌▌▌▌▌▌▌             ",
				     "/execute @s[tag=!remove_omni_stucked,scores={omni_recharger=137}] ~~~ title @s actionbar §lOmnitrix Recharging: §a▌▌▌▌▌▌▌             ",
					 "/execute @s[tag=!remove_omni_stucked,scores={omni_recharger=138}] ~~~ title @s actionbar §lOmnitrix Recharging: §2▌▌▌▌▌▌▌             ",
					 "/execute @s[tag=!remove_omni_stucked,scores={omni_recharger=139}] ~~~ title @s actionbar §lOmnitrix Recharging: §a▌▌▌▌▌▌▌             ",
					 "/execute @s[tag=!remove_omni_stucked,scores={omni_recharger=140}] ~~~ title @s actionbar §lOmnitrix Recharging: §2▌▌▌▌▌▌▌             ",

				     "/execute @s[tag=!remove_omni_stucked,scores={omni_recharger=141}] ~~~ title @s actionbar §lOmnitrix Recharging: §a▌▌▌▌▌▌▌▌            ",
					 "/execute @s[tag=!remove_omni_stucked,scores={omni_recharger=142}] ~~~ title @s actionbar §lOmnitrix Recharging: §2▌▌▌▌▌▌▌▌            ",
					 "/execute @s[tag=!remove_omni_stucked,scores={omni_recharger=143}] ~~~ title @s actionbar §lOmnitrix Recharging: §a▌▌▌▌▌▌▌▌            ",
					 "/execute @s[tag=!remove_omni_stucked,scores={omni_recharger=144}] ~~~ title @s actionbar §lOmnitrix Recharging: §2▌▌▌▌▌▌▌▌            ",
				     "/execute @s[tag=!remove_omni_stucked,scores={omni_recharger=145}] ~~~ title @s actionbar §lOmnitrix Recharging: §a▌▌▌▌▌▌▌▌            ",
					 "/execute @s[tag=!remove_omni_stucked,scores={omni_recharger=146}] ~~~ title @s actionbar §lOmnitrix Recharging: §2▌▌▌▌▌▌▌▌            ",
					 "/execute @s[tag=!remove_omni_stucked,scores={omni_recharger=147}] ~~~ title @s actionbar §lOmnitrix Recharging: §a▌▌▌▌▌▌▌▌            ",
					 "/execute @s[tag=!remove_omni_stucked,scores={omni_recharger=148}] ~~~ title @s actionbar §lOmnitrix Recharging: §2▌▌▌▌▌▌▌▌            ",
					 "/execute @s[tag=!remove_omni_stucked,scores={omni_recharger=149}] ~~~ title @s actionbar §lOmnitrix Recharging: §a▌▌▌▌▌▌▌▌            ",
					 "/execute @s[tag=!remove_omni_stucked,scores={omni_recharger=150}] ~~~ title @s actionbar §lOmnitrix Recharging: §2▌▌▌▌▌▌▌▌            ",
					 "/execute @s[tag=!remove_omni_stucked,scores={omni_recharger=151}] ~~~ title @s actionbar §lOmnitrix Recharging: §a▌▌▌▌▌▌▌▌            ",
					 "/execute @s[tag=!remove_omni_stucked,scores={omni_recharger=152}] ~~~ title @s actionbar §lOmnitrix Recharging: §2▌▌▌▌▌▌▌▌            ",
				     "/execute @s[tag=!remove_omni_stucked,scores={omni_recharger=153}] ~~~ title @s actionbar §lOmnitrix Recharging: §a▌▌▌▌▌▌▌▌            ",
					 "/execute @s[tag=!remove_omni_stucked,scores={omni_recharger=154}] ~~~ title @s actionbar §lOmnitrix Recharging: §2▌▌▌▌▌▌▌▌            ",
					 "/execute @s[tag=!remove_omni_stucked,scores={omni_recharger=155}] ~~~ title @s actionbar §lOmnitrix Recharging: §a▌▌▌▌▌▌▌▌            ",
					 "/execute @s[tag=!remove_omni_stucked,scores={omni_recharger=156}] ~~~ title @s actionbar §lOmnitrix Recharging: §2▌▌▌▌▌▌▌▌            ",
				     "/execute @s[tag=!remove_omni_stucked,scores={omni_recharger=157}] ~~~ title @s actionbar §lOmnitrix Recharging: §a▌▌▌▌▌▌▌▌            ",
					 "/execute @s[tag=!remove_omni_stucked,scores={omni_recharger=158}] ~~~ title @s actionbar §lOmnitrix Recharging: §2▌▌▌▌▌▌▌▌            ",
					 "/execute @s[tag=!remove_omni_stucked,scores={omni_recharger=159}] ~~~ title @s actionbar §lOmnitrix Recharging: §a▌▌▌▌▌▌▌▌            ",
					 "/execute @s[tag=!remove_omni_stucked,scores={omni_recharger=160}] ~~~ title @s actionbar §lOmnitrix Recharging: §2▌▌▌▌▌▌▌▌            ",

					 "/execute @s[tag=!remove_omni_stucked,scores={omni_recharger=161}] ~~~ title @s actionbar §lOmnitrix Recharging: §a▌▌▌▌▌▌▌▌▌           ",
					 "/execute @s[tag=!remove_omni_stucked,scores={omni_recharger=162}] ~~~ title @s actionbar §lOmnitrix Recharging: §2▌▌▌▌▌▌▌▌▌           ",
					 "/execute @s[tag=!remove_omni_stucked,scores={omni_recharger=163}] ~~~ title @s actionbar §lOmnitrix Recharging: §a▌▌▌▌▌▌▌▌▌           ",
					 "/execute @s[tag=!remove_omni_stucked,scores={omni_recharger=164}] ~~~ title @s actionbar §lOmnitrix Recharging: §2▌▌▌▌▌▌▌▌▌           ",
				     "/execute @s[tag=!remove_omni_stucked,scores={omni_recharger=165}] ~~~ title @s actionbar §lOmnitrix Recharging: §a▌▌▌▌▌▌▌▌▌           ",
					 "/execute @s[tag=!remove_omni_stucked,scores={omni_recharger=166}] ~~~ title @s actionbar §lOmnitrix Recharging: §2▌▌▌▌▌▌▌▌▌           ",
					 "/execute @s[tag=!remove_omni_stucked,scores={omni_recharger=167}] ~~~ title @s actionbar §lOmnitrix Recharging: §a▌▌▌▌▌▌▌▌▌           ",
					 "/execute @s[tag=!remove_omni_stucked,scores={omni_recharger=168}] ~~~ title @s actionbar §lOmnitrix Recharging: §2▌▌▌▌▌▌▌▌▌           ",
					 "/execute @s[tag=!remove_omni_stucked,scores={omni_recharger=169}] ~~~ title @s actionbar §lOmnitrix Recharging: §a▌▌▌▌▌▌▌▌▌           ",
					 "/execute @s[tag=!remove_omni_stucked,scores={omni_recharger=170}] ~~~ title @s actionbar §lOmnitrix Recharging: §2▌▌▌▌▌▌▌▌▌           ",
					 "/execute @s[tag=!remove_omni_stucked,scores={omni_recharger=171}] ~~~ title @s actionbar §lOmnitrix Recharging: §a▌▌▌▌▌▌▌▌▌           ",
					 "/execute @s[tag=!remove_omni_stucked,scores={omni_recharger=172}] ~~~ title @s actionbar §lOmnitrix Recharging: §2▌▌▌▌▌▌▌▌▌           ",
				     "/execute @s[tag=!remove_omni_stucked,scores={omni_recharger=173}] ~~~ title @s actionbar §lOmnitrix Recharging: §a▌▌▌▌▌▌▌▌▌           ",
					 "/execute @s[tag=!remove_omni_stucked,scores={omni_recharger=174}] ~~~ title @s actionbar §lOmnitrix Recharging: §2▌▌▌▌▌▌▌▌▌           ",
					 "/execute @s[tag=!remove_omni_stucked,scores={omni_recharger=175}] ~~~ title @s actionbar §lOmnitrix Recharging: §a▌▌▌▌▌▌▌▌▌           ",
					 "/execute @s[tag=!remove_omni_stucked,scores={omni_recharger=176}] ~~~ title @s actionbar §lOmnitrix Recharging: §2▌▌▌▌▌▌▌▌▌           ",
				     "/execute @s[tag=!remove_omni_stucked,scores={omni_recharger=177}] ~~~ title @s actionbar §lOmnitrix Recharging: §a▌▌▌▌▌▌▌▌▌           ",
					 "/execute @s[tag=!remove_omni_stucked,scores={omni_recharger=178}] ~~~ title @s actionbar §lOmnitrix Recharging: §2▌▌▌▌▌▌▌▌▌           ",
					 "/execute @s[tag=!remove_omni_stucked,scores={omni_recharger=179}] ~~~ title @s actionbar §lOmnitrix Recharging: §a▌▌▌▌▌▌▌▌▌           ",
					 "/execute @s[tag=!remove_omni_stucked,scores={omni_recharger=180}] ~~~ title @s actionbar §lOmnitrix Recharging: §2▌▌▌▌▌▌▌▌▌           ",

                     "/execute @s[tag=!remove_omni_stucked,scores={omni_recharger=181}] ~~~ title @s actionbar §lOmnitrix Recharging: §a▌▌▌▌▌▌▌▌▌▌          ",
					 "/execute @s[tag=!remove_omni_stucked,scores={omni_recharger=182}] ~~~ title @s actionbar §lOmnitrix Recharging: §2▌▌▌▌▌▌▌▌▌▌          ",
					 "/execute @s[tag=!remove_omni_stucked,scores={omni_recharger=183}] ~~~ title @s actionbar §lOmnitrix Recharging: §a▌▌▌▌▌▌▌▌▌▌          ",
					 "/execute @s[tag=!remove_omni_stucked,scores={omni_recharger=184}] ~~~ title @s actionbar §lOmnitrix Recharging: §2▌▌▌▌▌▌▌▌▌▌          ",
				     "/execute @s[tag=!remove_omni_stucked,scores={omni_recharger=185}] ~~~ title @s actionbar §lOmnitrix Recharging: §a▌▌▌▌▌▌▌▌▌▌          ",
					 "/execute @s[tag=!remove_omni_stucked,scores={omni_recharger=186}] ~~~ title @s actionbar §lOmnitrix Recharging: §2▌▌▌▌▌▌▌▌▌▌          ",
					 "/execute @s[tag=!remove_omni_stucked,scores={omni_recharger=187}] ~~~ title @s actionbar §lOmnitrix Recharging: §a▌▌▌▌▌▌▌▌▌▌          ",
					 "/execute @s[tag=!remove_omni_stucked,scores={omni_recharger=188}] ~~~ title @s actionbar §lOmnitrix Recharging: §2▌▌▌▌▌▌▌▌▌▌          ",
					 "/execute @s[tag=!remove_omni_stucked,scores={omni_recharger=189}] ~~~ title @s actionbar §lOmnitrix Recharging: §a▌▌▌▌▌▌▌▌▌▌          ",
					 "/execute @s[tag=!remove_omni_stucked,scores={omni_recharger=190}] ~~~ title @s actionbar §lOmnitrix Recharging: §2▌▌▌▌▌▌▌▌▌▌          ",
					 "/execute @s[tag=!remove_omni_stucked,scores={omni_recharger=191}] ~~~ title @s actionbar §lOmnitrix Recharging: §a▌▌▌▌▌▌▌▌▌▌          ",
					 "/execute @s[tag=!remove_omni_stucked,scores={omni_recharger=192}] ~~~ title @s actionbar §lOmnitrix Recharging: §2▌▌▌▌▌▌▌▌▌▌          ",
				     "/execute @s[tag=!remove_omni_stucked,scores={omni_recharger=193}] ~~~ title @s actionbar §lOmnitrix Recharging: §a▌▌▌▌▌▌▌▌▌▌          ",
					 "/execute @s[tag=!remove_omni_stucked,scores={omni_recharger=194}] ~~~ title @s actionbar §lOmnitrix Recharging: §2▌▌▌▌▌▌▌▌▌▌          ",
					 "/execute @s[tag=!remove_omni_stucked,scores={omni_recharger=195}] ~~~ title @s actionbar §lOmnitrix Recharging: §a▌▌▌▌▌▌▌▌▌▌          ",
					 "/execute @s[tag=!remove_omni_stucked,scores={omni_recharger=196}] ~~~ title @s actionbar §lOmnitrix Recharging: §2▌▌▌▌▌▌▌▌▌▌          ",
				     "/execute @s[tag=!remove_omni_stucked,scores={omni_recharger=197}] ~~~ title @s actionbar §lOmnitrix Recharging: §a▌▌▌▌▌▌▌▌▌▌          ",
					 "/execute @s[tag=!remove_omni_stucked,scores={omni_recharger=198}] ~~~ title @s actionbar §lOmnitrix Recharging: §2▌▌▌▌▌▌▌▌▌▌          ",
					 "/execute @s[tag=!remove_omni_stucked,scores={omni_recharger=199}] ~~~ title @s actionbar §lOmnitrix Recharging: §a▌▌▌▌▌▌▌▌▌▌          ",
					 "/execute @s[tag=!remove_omni_stucked,scores={omni_recharger=200}] ~~~ title @s actionbar §lOmnitrix Recharging: §2▌▌▌▌▌▌▌▌▌▌          ",

                     "/execute @s[tag=!remove_omni_stucked,scores={omni_recharger=201}] ~~~ title @s actionbar §lOmnitrix Recharging: §a▌▌▌▌▌▌▌▌▌▌▌         ",
					 "/execute @s[tag=!remove_omni_stucked,scores={omni_recharger=202}] ~~~ title @s actionbar §lOmnitrix Recharging: §2▌▌▌▌▌▌▌▌▌▌▌         ",
					 "/execute @s[tag=!remove_omni_stucked,scores={omni_recharger=203}] ~~~ title @s actionbar §lOmnitrix Recharging: §a▌▌▌▌▌▌▌▌▌▌▌         ",
					 "/execute @s[tag=!remove_omni_stucked,scores={omni_recharger=204}] ~~~ title @s actionbar §lOmnitrix Recharging: §2▌▌▌▌▌▌▌▌▌▌▌         ",
				     "/execute @s[tag=!remove_omni_stucked,scores={omni_recharger=205}] ~~~ title @s actionbar §lOmnitrix Recharging: §a▌▌▌▌▌▌▌▌▌▌▌         ",
					 "/execute @s[tag=!remove_omni_stucked,scores={omni_recharger=206}] ~~~ title @s actionbar §lOmnitrix Recharging: §2▌▌▌▌▌▌▌▌▌▌▌         ",
					 "/execute @s[tag=!remove_omni_stucked,scores={omni_recharger=207}] ~~~ title @s actionbar §lOmnitrix Recharging: §a▌▌▌▌▌▌▌▌▌▌▌         ",
					 "/execute @s[tag=!remove_omni_stucked,scores={omni_recharger=208}] ~~~ title @s actionbar §lOmnitrix Recharging: §2▌▌▌▌▌▌▌▌▌▌▌         ",
					 "/execute @s[tag=!remove_omni_stucked,scores={omni_recharger=209}] ~~~ title @s actionbar §lOmnitrix Recharging: §a▌▌▌▌▌▌▌▌▌▌▌         ",
					 "/execute @s[tag=!remove_omni_stucked,scores={omni_recharger=210}] ~~~ title @s actionbar §lOmnitrix Recharging: §2▌▌▌▌▌▌▌▌▌▌▌         ",
					 "/execute @s[tag=!remove_omni_stucked,scores={omni_recharger=211}] ~~~ title @s actionbar §lOmnitrix Recharging: §a▌▌▌▌▌▌▌▌▌▌▌         ",
					 "/execute @s[tag=!remove_omni_stucked,scores={omni_recharger=212}] ~~~ title @s actionbar §lOmnitrix Recharging: §2▌▌▌▌▌▌▌▌▌▌▌         ",
				     "/execute @s[tag=!remove_omni_stucked,scores={omni_recharger=213}] ~~~ title @s actionbar §lOmnitrix Recharging: §a▌▌▌▌▌▌▌▌▌▌▌         ",
					 "/execute @s[tag=!remove_omni_stucked,scores={omni_recharger=214}] ~~~ title @s actionbar §lOmnitrix Recharging: §2▌▌▌▌▌▌▌▌▌▌▌         ",
					 "/execute @s[tag=!remove_omni_stucked,scores={omni_recharger=215}] ~~~ title @s actionbar §lOmnitrix Recharging: §a▌▌▌▌▌▌▌▌▌▌▌         ",
					 "/execute @s[tag=!remove_omni_stucked,scores={omni_recharger=216}] ~~~ title @s actionbar §lOmnitrix Recharging: §2▌▌▌▌▌▌▌▌▌▌▌         ",
				     "/execute @s[tag=!remove_omni_stucked,scores={omni_recharger=217}] ~~~ title @s actionbar §lOmnitrix Recharging: §a▌▌▌▌▌▌▌▌▌▌▌         ",
					 "/execute @s[tag=!remove_omni_stucked,scores={omni_recharger=218}] ~~~ title @s actionbar §lOmnitrix Recharging: §2▌▌▌▌▌▌▌▌▌▌▌         ",
					 "/execute @s[tag=!remove_omni_stucked,scores={omni_recharger=219}] ~~~ title @s actionbar §lOmnitrix Recharging: §a▌▌▌▌▌▌▌▌▌▌▌         ",
					 "/execute @s[tag=!remove_omni_stucked,scores={omni_recharger=220}] ~~~ title @s actionbar §lOmnitrix Recharging: §2▌▌▌▌▌▌▌▌▌▌▌         ",

                     "/execute @s[tag=!remove_omni_stucked,scores={omni_recharger=221}] ~~~ title @s actionbar §lOmnitrix Recharging: §a▌▌▌▌▌▌▌▌▌▌▌▌        ",
					 "/execute @s[tag=!remove_omni_stucked,scores={omni_recharger=222}] ~~~ title @s actionbar §lOmnitrix Recharging: §2▌▌▌▌▌▌▌▌▌▌▌▌        ",
					 "/execute @s[tag=!remove_omni_stucked,scores={omni_recharger=223}] ~~~ title @s actionbar §lOmnitrix Recharging: §a▌▌▌▌▌▌▌▌▌▌▌▌        ",
					 "/execute @s[tag=!remove_omni_stucked,scores={omni_recharger=224}] ~~~ title @s actionbar §lOmnitrix Recharging: §2▌▌▌▌▌▌▌▌▌▌▌▌        ",
				     "/execute @s[tag=!remove_omni_stucked,scores={omni_recharger=225}] ~~~ title @s actionbar §lOmnitrix Recharging: §a▌▌▌▌▌▌▌▌▌▌▌▌        ",
					 "/execute @s[tag=!remove_omni_stucked,scores={omni_recharger=226}] ~~~ title @s actionbar §lOmnitrix Recharging: §2▌▌▌▌▌▌▌▌▌▌▌▌        ",
					 "/execute @s[tag=!remove_omni_stucked,scores={omni_recharger=227}] ~~~ title @s actionbar §lOmnitrix Recharging: §a▌▌▌▌▌▌▌▌▌▌▌▌        ",
					 "/execute @s[tag=!remove_omni_stucked,scores={omni_recharger=228}] ~~~ title @s actionbar §lOmnitrix Recharging: §2▌▌▌▌▌▌▌▌▌▌▌▌        ",
					 "/execute @s[tag=!remove_omni_stucked,scores={omni_recharger=229}] ~~~ title @s actionbar §lOmnitrix Recharging: §a▌▌▌▌▌▌▌▌▌▌▌▌        ",
					 "/execute @s[tag=!remove_omni_stucked,scores={omni_recharger=230}] ~~~ title @s actionbar §lOmnitrix Recharging: §2▌▌▌▌▌▌▌▌▌▌▌▌        ",
					 "/execute @s[tag=!remove_omni_stucked,scores={omni_recharger=231}] ~~~ title @s actionbar §lOmnitrix Recharging: §a▌▌▌▌▌▌▌▌▌▌▌▌        ",
					 "/execute @s[tag=!remove_omni_stucked,scores={omni_recharger=232}] ~~~ title @s actionbar §lOmnitrix Recharging: §2▌▌▌▌▌▌▌▌▌▌▌▌        ",
				     "/execute @s[tag=!remove_omni_stucked,scores={omni_recharger=233}] ~~~ title @s actionbar §lOmnitrix Recharging: §a▌▌▌▌▌▌▌▌▌▌▌▌        ",
					 "/execute @s[tag=!remove_omni_stucked,scores={omni_recharger=234}] ~~~ title @s actionbar §lOmnitrix Recharging: §2▌▌▌▌▌▌▌▌▌▌▌▌        ",
					 "/execute @s[tag=!remove_omni_stucked,scores={omni_recharger=235}] ~~~ title @s actionbar §lOmnitrix Recharging: §a▌▌▌▌▌▌▌▌▌▌▌▌        ",
					 "/execute @s[tag=!remove_omni_stucked,scores={omni_recharger=236}] ~~~ title @s actionbar §lOmnitrix Recharging: §2▌▌▌▌▌▌▌▌▌▌▌▌        ",
				     "/execute @s[tag=!remove_omni_stucked,scores={omni_recharger=237}] ~~~ title @s actionbar §lOmnitrix Recharging: §a▌▌▌▌▌▌▌▌▌▌▌▌        ",
					 "/execute @s[tag=!remove_omni_stucked,scores={omni_recharger=238}] ~~~ title @s actionbar §lOmnitrix Recharging: §2▌▌▌▌▌▌▌▌▌▌▌▌        ",
					 "/execute @s[tag=!remove_omni_stucked,scores={omni_recharger=239}] ~~~ title @s actionbar §lOmnitrix Recharging: §a▌▌▌▌▌▌▌▌▌▌▌▌        ",
					 "/execute @s[tag=!remove_omni_stucked,scores={omni_recharger=240}] ~~~ title @s actionbar §lOmnitrix Recharging: §2▌▌▌▌▌▌▌▌▌▌▌▌        ",

                     "/execute @s[tag=!remove_omni_stucked,scores={omni_recharger=241}] ~~~ title @s actionbar §lOmnitrix Recharging: §a▌▌▌▌▌▌▌▌▌▌▌▌▌       ",
					 "/execute @s[tag=!remove_omni_stucked,scores={omni_recharger=242}] ~~~ title @s actionbar §lOmnitrix Recharging: §2▌▌▌▌▌▌▌▌▌▌▌▌▌       ",
					 "/execute @s[tag=!remove_omni_stucked,scores={omni_recharger=243}] ~~~ title @s actionbar §lOmnitrix Recharging: §a▌▌▌▌▌▌▌▌▌▌▌▌▌       ",
					 "/execute @s[tag=!remove_omni_stucked,scores={omni_recharger=244}] ~~~ title @s actionbar §lOmnitrix Recharging: §2▌▌▌▌▌▌▌▌▌▌▌▌▌       ",
				     "/execute @s[tag=!remove_omni_stucked,scores={omni_recharger=245}] ~~~ title @s actionbar §lOmnitrix Recharging: §a▌▌▌▌▌▌▌▌▌▌▌▌▌       ",
					 "/execute @s[tag=!remove_omni_stucked,scores={omni_recharger=246}] ~~~ title @s actionbar §lOmnitrix Recharging: §2▌▌▌▌▌▌▌▌▌▌▌▌▌       ",
					 "/execute @s[tag=!remove_omni_stucked,scores={omni_recharger=247}] ~~~ title @s actionbar §lOmnitrix Recharging: §a▌▌▌▌▌▌▌▌▌▌▌▌▌       ",
					 "/execute @s[tag=!remove_omni_stucked,scores={omni_recharger=248}] ~~~ title @s actionbar §lOmnitrix Recharging: §2▌▌▌▌▌▌▌▌▌▌▌▌▌       ",
					 "/execute @s[tag=!remove_omni_stucked,scores={omni_recharger=249}] ~~~ title @s actionbar §lOmnitrix Recharging: §a▌▌▌▌▌▌▌▌▌▌▌▌▌       ",
					 "/execute @s[tag=!remove_omni_stucked,scores={omni_recharger=250}] ~~~ title @s actionbar §lOmnitrix Recharging: §2▌▌▌▌▌▌▌▌▌▌▌▌▌       ",
					 "/execute @s[tag=!remove_omni_stucked,scores={omni_recharger=251}] ~~~ title @s actionbar §lOmnitrix Recharging: §a▌▌▌▌▌▌▌▌▌▌▌▌▌       ",
					 "/execute @s[tag=!remove_omni_stucked,scores={omni_recharger=252}] ~~~ title @s actionbar §lOmnitrix Recharging: §2▌▌▌▌▌▌▌▌▌▌▌▌▌       ",
				     "/execute @s[tag=!remove_omni_stucked,scores={omni_recharger=253}] ~~~ title @s actionbar §lOmnitrix Recharging: §a▌▌▌▌▌▌▌▌▌▌▌▌▌       ",
					 "/execute @s[tag=!remove_omni_stucked,scores={omni_recharger=254}] ~~~ title @s actionbar §lOmnitrix Recharging: §2▌▌▌▌▌▌▌▌▌▌▌▌▌       ",
					 "/execute @s[tag=!remove_omni_stucked,scores={omni_recharger=255}] ~~~ title @s actionbar §lOmnitrix Recharging: §a▌▌▌▌▌▌▌▌▌▌▌▌▌       ",
					 "/execute @s[tag=!remove_omni_stucked,scores={omni_recharger=256}] ~~~ title @s actionbar §lOmnitrix Recharging: §2▌▌▌▌▌▌▌▌▌▌▌▌▌       ",
				     "/execute @s[tag=!remove_omni_stucked,scores={omni_recharger=257}] ~~~ title @s actionbar §lOmnitrix Recharging: §a▌▌▌▌▌▌▌▌▌▌▌▌▌       ",
					 "/execute @s[tag=!remove_omni_stucked,scores={omni_recharger=258}] ~~~ title @s actionbar §lOmnitrix Recharging: §2▌▌▌▌▌▌▌▌▌▌▌▌▌       ",
					 "/execute @s[tag=!remove_omni_stucked,scores={omni_recharger=259}] ~~~ title @s actionbar §lOmnitrix Recharging: §a▌▌▌▌▌▌▌▌▌▌▌▌▌       ",
					 "/execute @s[tag=!remove_omni_stucked,scores={omni_recharger=260}] ~~~ title @s actionbar §lOmnitrix Recharging: §2▌▌▌▌▌▌▌▌▌▌▌▌▌       ",

                     "/execute @s[tag=!remove_omni_stucked,scores={omni_recharger=261}] ~~~ title @s actionbar §lOmnitrix Recharging: §a▌▌▌▌▌▌▌▌▌▌▌▌▌▌      ",
					 "/execute @s[tag=!remove_omni_stucked,scores={omni_recharger=262}] ~~~ title @s actionbar §lOmnitrix Recharging: §2▌▌▌▌▌▌▌▌▌▌▌▌▌▌      ",
					 "/execute @s[tag=!remove_omni_stucked,scores={omni_recharger=263}] ~~~ title @s actionbar §lOmnitrix Recharging: §a▌▌▌▌▌▌▌▌▌▌▌▌▌▌      ",
					 "/execute @s[tag=!remove_omni_stucked,scores={omni_recharger=264}] ~~~ title @s actionbar §lOmnitrix Recharging: §2▌▌▌▌▌▌▌▌▌▌▌▌▌▌      ",
				     "/execute @s[tag=!remove_omni_stucked,scores={omni_recharger=265}] ~~~ title @s actionbar §lOmnitrix Recharging: §a▌▌▌▌▌▌▌▌▌▌▌▌▌▌      ",
					 "/execute @s[tag=!remove_omni_stucked,scores={omni_recharger=266}] ~~~ title @s actionbar §lOmnitrix Recharging: §2▌▌▌▌▌▌▌▌▌▌▌▌▌▌      ",
					 "/execute @s[tag=!remove_omni_stucked,scores={omni_recharger=267}] ~~~ title @s actionbar §lOmnitrix Recharging: §a▌▌▌▌▌▌▌▌▌▌▌▌▌▌      ",
					 "/execute @s[tag=!remove_omni_stucked,scores={omni_recharger=268}] ~~~ title @s actionbar §lOmnitrix Recharging: §2▌▌▌▌▌▌▌▌▌▌▌▌▌▌      ",
					 "/execute @s[tag=!remove_omni_stucked,scores={omni_recharger=269}] ~~~ title @s actionbar §lOmnitrix Recharging: §a▌▌▌▌▌▌▌▌▌▌▌▌▌▌      ",
					 "/execute @s[tag=!remove_omni_stucked,scores={omni_recharger=270}] ~~~ title @s actionbar §lOmnitrix Recharging: §2▌▌▌▌▌▌▌▌▌▌▌▌▌▌      ",
					 "/execute @s[tag=!remove_omni_stucked,scores={omni_recharger=271}] ~~~ title @s actionbar §lOmnitrix Recharging: §a▌▌▌▌▌▌▌▌▌▌▌▌▌▌      ",
					 "/execute @s[tag=!remove_omni_stucked,scores={omni_recharger=272}] ~~~ title @s actionbar §lOmnitrix Recharging: §2▌▌▌▌▌▌▌▌▌▌▌▌▌▌      ",
				     "/execute @s[tag=!remove_omni_stucked,scores={omni_recharger=273}] ~~~ title @s actionbar §lOmnitrix Recharging: §a▌▌▌▌▌▌▌▌▌▌▌▌▌▌      ",
					 "/execute @s[tag=!remove_omni_stucked,scores={omni_recharger=274}] ~~~ title @s actionbar §lOmnitrix Recharging: §2▌▌▌▌▌▌▌▌▌▌▌▌▌▌      ",
					 "/execute @s[tag=!remove_omni_stucked,scores={omni_recharger=275}] ~~~ title @s actionbar §lOmnitrix Recharging: §a▌▌▌▌▌▌▌▌▌▌▌▌▌▌      ",
					 "/execute @s[tag=!remove_omni_stucked,scores={omni_recharger=276}] ~~~ title @s actionbar §lOmnitrix Recharging: §2▌▌▌▌▌▌▌▌▌▌▌▌▌▌      ",
				     "/execute @s[tag=!remove_omni_stucked,scores={omni_recharger=277}] ~~~ title @s actionbar §lOmnitrix Recharging: §a▌▌▌▌▌▌▌▌▌▌▌▌▌▌      ",
					 "/execute @s[tag=!remove_omni_stucked,scores={omni_recharger=278}] ~~~ title @s actionbar §lOmnitrix Recharging: §2▌▌▌▌▌▌▌▌▌▌▌▌▌▌      ",
					 "/execute @s[tag=!remove_omni_stucked,scores={omni_recharger=279}] ~~~ title @s actionbar §lOmnitrix Recharging: §a▌▌▌▌▌▌▌▌▌▌▌▌▌▌      ",
					 "/execute @s[tag=!remove_omni_stucked,scores={omni_recharger=280}] ~~~ title @s actionbar §lOmnitrix Recharging: §2▌▌▌▌▌▌▌▌▌▌▌▌▌▌      ",

                     "/execute @s[tag=!remove_omni_stucked,scores={omni_recharger=281}] ~~~ title @s actionbar §lOmnitrix Recharging: §a▌▌▌▌▌▌▌▌▌▌▌▌▌▌▌     ",
					 "/execute @s[tag=!remove_omni_stucked,scores={omni_recharger=282}] ~~~ title @s actionbar §lOmnitrix Recharging: §2▌▌▌▌▌▌▌▌▌▌▌▌▌▌▌     ",
					 "/execute @s[tag=!remove_omni_stucked,scores={omni_recharger=283}] ~~~ title @s actionbar §lOmnitrix Recharging: §a▌▌▌▌▌▌▌▌▌▌▌▌▌▌▌     ",
					 "/execute @s[tag=!remove_omni_stucked,scores={omni_recharger=284}] ~~~ title @s actionbar §lOmnitrix Recharging: §2▌▌▌▌▌▌▌▌▌▌▌▌▌▌▌     ",
				     "/execute @s[tag=!remove_omni_stucked,scores={omni_recharger=285}] ~~~ title @s actionbar §lOmnitrix Recharging: §a▌▌▌▌▌▌▌▌▌▌▌▌▌▌▌     ",
					 "/execute @s[tag=!remove_omni_stucked,scores={omni_recharger=286}] ~~~ title @s actionbar §lOmnitrix Recharging: §2▌▌▌▌▌▌▌▌▌▌▌▌▌▌▌     ",
					 "/execute @s[tag=!remove_omni_stucked,scores={omni_recharger=287}] ~~~ title @s actionbar §lOmnitrix Recharging: §a▌▌▌▌▌▌▌▌▌▌▌▌▌▌▌     ",
					 "/execute @s[tag=!remove_omni_stucked,scores={omni_recharger=288}] ~~~ title @s actionbar §lOmnitrix Recharging: §2▌▌▌▌▌▌▌▌▌▌▌▌▌▌▌     ",
					 "/execute @s[tag=!remove_omni_stucked,scores={omni_recharger=289}] ~~~ title @s actionbar §lOmnitrix Recharging: §a▌▌▌▌▌▌▌▌▌▌▌▌▌▌▌     ",
					 "/execute @s[tag=!remove_omni_stucked,scores={omni_recharger=290}] ~~~ title @s actionbar §lOmnitrix Recharging: §2▌▌▌▌▌▌▌▌▌▌▌▌▌▌▌     ",
					 "/execute @s[tag=!remove_omni_stucked,scores={omni_recharger=291}] ~~~ title @s actionbar §lOmnitrix Recharging: §a▌▌▌▌▌▌▌▌▌▌▌▌▌▌▌     ",
					 "/execute @s[tag=!remove_omni_stucked,scores={omni_recharger=292}] ~~~ title @s actionbar §lOmnitrix Recharging: §2▌▌▌▌▌▌▌▌▌▌▌▌▌▌▌     ",
				     "/execute @s[tag=!remove_omni_stucked,scores={omni_recharger=293}] ~~~ title @s actionbar §lOmnitrix Recharging: §a▌▌▌▌▌▌▌▌▌▌▌▌▌▌▌     ",
					 "/execute @s[tag=!remove_omni_stucked,scores={omni_recharger=294}] ~~~ title @s actionbar §lOmnitrix Recharging: §2▌▌▌▌▌▌▌▌▌▌▌▌▌▌▌     ",
					 "/execute @s[tag=!remove_omni_stucked,scores={omni_recharger=295}] ~~~ title @s actionbar §lOmnitrix Recharging: §a▌▌▌▌▌▌▌▌▌▌▌▌▌▌▌     ",
					 "/execute @s[tag=!remove_omni_stucked,scores={omni_recharger=296}] ~~~ title @s actionbar §lOmnitrix Recharging: §2▌▌▌▌▌▌▌▌▌▌▌▌▌▌▌     ",
				     "/execute @s[tag=!remove_omni_stucked,scores={omni_recharger=297}] ~~~ title @s actionbar §lOmnitrix Recharging: §a▌▌▌▌▌▌▌▌▌▌▌▌▌▌▌     ",
					 "/execute @s[tag=!remove_omni_stucked,scores={omni_recharger=298}] ~~~ title @s actionbar §lOmnitrix Recharging: §2▌▌▌▌▌▌▌▌▌▌▌▌▌▌▌     ",
					 "/execute @s[tag=!remove_omni_stucked,scores={omni_recharger=299}] ~~~ title @s actionbar §lOmnitrix Recharging: §a▌▌▌▌▌▌▌▌▌▌▌▌▌▌▌     ",
					 "/execute @s[tag=!remove_omni_stucked,scores={omni_recharger=300}] ~~~ title @s actionbar §lOmnitrix Recharging: §2▌▌▌▌▌▌▌▌▌▌▌▌▌▌▌     ",

                     "/execute @s[tag=!remove_omni_stucked,scores={omni_recharger=301}] ~~~ title @s actionbar §lOmnitrix Recharging: §a▌▌▌▌▌▌▌▌▌▌▌▌▌▌▌▌    ",
					 "/execute @s[tag=!remove_omni_stucked,scores={omni_recharger=302}] ~~~ title @s actionbar §lOmnitrix Recharging: §2▌▌▌▌▌▌▌▌▌▌▌▌▌▌▌▌    ",
					 "/execute @s[tag=!remove_omni_stucked,scores={omni_recharger=303}] ~~~ title @s actionbar §lOmnitrix Recharging: §a▌▌▌▌▌▌▌▌▌▌▌▌▌▌▌▌    ",
					 "/execute @s[tag=!remove_omni_stucked,scores={omni_recharger=304}] ~~~ title @s actionbar §lOmnitrix Recharging: §2▌▌▌▌▌▌▌▌▌▌▌▌▌▌▌▌    ",
				     "/execute @s[tag=!remove_omni_stucked,scores={omni_recharger=305}] ~~~ title @s actionbar §lOmnitrix Recharging: §a▌▌▌▌▌▌▌▌▌▌▌▌▌▌▌▌    ",
					 "/execute @s[tag=!remove_omni_stucked,scores={omni_recharger=306}] ~~~ title @s actionbar §lOmnitrix Recharging: §2▌▌▌▌▌▌▌▌▌▌▌▌▌▌▌▌    ",
					 "/execute @s[tag=!remove_omni_stucked,scores={omni_recharger=307}] ~~~ title @s actionbar §lOmnitrix Recharging: §a▌▌▌▌▌▌▌▌▌▌▌▌▌▌▌▌    ",
					 "/execute @s[tag=!remove_omni_stucked,scores={omni_recharger=308}] ~~~ title @s actionbar §lOmnitrix Recharging: §2▌▌▌▌▌▌▌▌▌▌▌▌▌▌▌▌    ",
					 "/execute @s[tag=!remove_omni_stucked,scores={omni_recharger=309}] ~~~ title @s actionbar §lOmnitrix Recharging: §a▌▌▌▌▌▌▌▌▌▌▌▌▌▌▌▌    ",
					 "/execute @s[tag=!remove_omni_stucked,scores={omni_recharger=310}] ~~~ title @s actionbar §lOmnitrix Recharging: §2▌▌▌▌▌▌▌▌▌▌▌▌▌▌▌▌    ",
					 "/execute @s[tag=!remove_omni_stucked,scores={omni_recharger=311}] ~~~ title @s actionbar §lOmnitrix Recharging: §a▌▌▌▌▌▌▌▌▌▌▌▌▌▌▌▌    ",
					 "/execute @s[tag=!remove_omni_stucked,scores={omni_recharger=312}] ~~~ title @s actionbar §lOmnitrix Recharging: §2▌▌▌▌▌▌▌▌▌▌▌▌▌▌▌▌    ",
				     "/execute @s[tag=!remove_omni_stucked,scores={omni_recharger=313}] ~~~ title @s actionbar §lOmnitrix Recharging: §a▌▌▌▌▌▌▌▌▌▌▌▌▌▌▌▌    ",
					 "/execute @s[tag=!remove_omni_stucked,scores={omni_recharger=314}] ~~~ title @s actionbar §lOmnitrix Recharging: §2▌▌▌▌▌▌▌▌▌▌▌▌▌▌▌▌    ",
					 "/execute @s[tag=!remove_omni_stucked,scores={omni_recharger=315}] ~~~ title @s actionbar §lOmnitrix Recharging: §a▌▌▌▌▌▌▌▌▌▌▌▌▌▌▌▌    ",
					 "/execute @s[tag=!remove_omni_stucked,scores={omni_recharger=316}] ~~~ title @s actionbar §lOmnitrix Recharging: §2▌▌▌▌▌▌▌▌▌▌▌▌▌▌▌▌    ",
				     "/execute @s[tag=!remove_omni_stucked,scores={omni_recharger=317}] ~~~ title @s actionbar §lOmnitrix Recharging: §a▌▌▌▌▌▌▌▌▌▌▌▌▌▌▌▌    ",
					 "/execute @s[tag=!remove_omni_stucked,scores={omni_recharger=318}] ~~~ title @s actionbar §lOmnitrix Recharging: §2▌▌▌▌▌▌▌▌▌▌▌▌▌▌▌▌    ",
					 "/execute @s[tag=!remove_omni_stucked,scores={omni_recharger=319}] ~~~ title @s actionbar §lOmnitrix Recharging: §a▌▌▌▌▌▌▌▌▌▌▌▌▌▌▌▌    ",
					 "/execute @s[tag=!remove_omni_stucked,scores={omni_recharger=320}] ~~~ title @s actionbar §lOmnitrix Recharging: §2▌▌▌▌▌▌▌▌▌▌▌▌▌▌▌▌    ",

                     "/execute @s[tag=!remove_omni_stucked,scores={omni_recharger=321}] ~~~ title @s actionbar §lOmnitrix Recharging: §a▌▌▌▌▌▌▌▌▌▌▌▌▌▌▌▌▌   ",
					 "/execute @s[tag=!remove_omni_stucked,scores={omni_recharger=322}] ~~~ title @s actionbar §lOmnitrix Recharging: §2▌▌▌▌▌▌▌▌▌▌▌▌▌▌▌▌▌   ",
					 "/execute @s[tag=!remove_omni_stucked,scores={omni_recharger=323}] ~~~ title @s actionbar §lOmnitrix Recharging: §a▌▌▌▌▌▌▌▌▌▌▌▌▌▌▌▌▌   ",
					 "/execute @s[tag=!remove_omni_stucked,scores={omni_recharger=324}] ~~~ title @s actionbar §lOmnitrix Recharging: §2▌▌▌▌▌▌▌▌▌▌▌▌▌▌▌▌▌   ",
				     "/execute @s[tag=!remove_omni_stucked,scores={omni_recharger=325}] ~~~ title @s actionbar §lOmnitrix Recharging: §a▌▌▌▌▌▌▌▌▌▌▌▌▌▌▌▌▌   ",
					 "/execute @s[tag=!remove_omni_stucked,scores={omni_recharger=326}] ~~~ title @s actionbar §lOmnitrix Recharging: §2▌▌▌▌▌▌▌▌▌▌▌▌▌▌▌▌▌   ",
					 "/execute @s[tag=!remove_omni_stucked,scores={omni_recharger=327}] ~~~ title @s actionbar §lOmnitrix Recharging: §a▌▌▌▌▌▌▌▌▌▌▌▌▌▌▌▌▌   ",
					 "/execute @s[tag=!remove_omni_stucked,scores={omni_recharger=328}] ~~~ title @s actionbar §lOmnitrix Recharging: §2▌▌▌▌▌▌▌▌▌▌▌▌▌▌▌▌▌   ",
					 "/execute @s[tag=!remove_omni_stucked,scores={omni_recharger=329}] ~~~ title @s actionbar §lOmnitrix Recharging: §a▌▌▌▌▌▌▌▌▌▌▌▌▌▌▌▌▌   ",
					 "/execute @s[tag=!remove_omni_stucked,scores={omni_recharger=330}] ~~~ title @s actionbar §lOmnitrix Recharging: §2▌▌▌▌▌▌▌▌▌▌▌▌▌▌▌▌▌   ",
					 "/execute @s[tag=!remove_omni_stucked,scores={omni_recharger=331}] ~~~ title @s actionbar §lOmnitrix Recharging: §a▌▌▌▌▌▌▌▌▌▌▌▌▌▌▌▌▌   ",
					 "/execute @s[tag=!remove_omni_stucked,scores={omni_recharger=332}] ~~~ title @s actionbar §lOmnitrix Recharging: §2▌▌▌▌▌▌▌▌▌▌▌▌▌▌▌▌▌   ",
				     "/execute @s[tag=!remove_omni_stucked,scores={omni_recharger=333}] ~~~ title @s actionbar §lOmnitrix Recharging: §a▌▌▌▌▌▌▌▌▌▌▌▌▌▌▌▌▌   ",
					 "/execute @s[tag=!remove_omni_stucked,scores={omni_recharger=334}] ~~~ title @s actionbar §lOmnitrix Recharging: §2▌▌▌▌▌▌▌▌▌▌▌▌▌▌▌▌▌   ",
					 "/execute @s[tag=!remove_omni_stucked,scores={omni_recharger=335}] ~~~ title @s actionbar §lOmnitrix Recharging: §a▌▌▌▌▌▌▌▌▌▌▌▌▌▌▌▌▌   ",
					 "/execute @s[tag=!remove_omni_stucked,scores={omni_recharger=336}] ~~~ title @s actionbar §lOmnitrix Recharging: §2▌▌▌▌▌▌▌▌▌▌▌▌▌▌▌▌▌   ",
				     "/execute @s[tag=!remove_omni_stucked,scores={omni_recharger=337}] ~~~ title @s actionbar §lOmnitrix Recharging: §a▌▌▌▌▌▌▌▌▌▌▌▌▌▌▌▌▌   ",
					 "/execute @s[tag=!remove_omni_stucked,scores={omni_recharger=338}] ~~~ title @s actionbar §lOmnitrix Recharging: §2▌▌▌▌▌▌▌▌▌▌▌▌▌▌▌▌▌   ",
					 "/execute @s[tag=!remove_omni_stucked,scores={omni_recharger=339}] ~~~ title @s actionbar §lOmnitrix Recharging: §a▌▌▌▌▌▌▌▌▌▌▌▌▌▌▌▌▌   ",
					 "/execute @s[tag=!remove_omni_stucked,scores={omni_recharger=340}] ~~~ title @s actionbar §lOmnitrix Recharging: §2▌▌▌▌▌▌▌▌▌▌▌▌▌▌▌▌▌   ",

                     "/execute @s[tag=!remove_omni_stucked,scores={omni_recharger=341}] ~~~ title @s actionbar §lOmnitrix Recharging: §a▌▌▌▌▌▌▌▌▌▌▌▌▌▌▌▌▌▌  ",
					 "/execute @s[tag=!remove_omni_stucked,scores={omni_recharger=342}] ~~~ title @s actionbar §lOmnitrix Recharging: §2▌▌▌▌▌▌▌▌▌▌▌▌▌▌▌▌▌▌  ",
					 "/execute @s[tag=!remove_omni_stucked,scores={omni_recharger=343}] ~~~ title @s actionbar §lOmnitrix Recharging: §a▌▌▌▌▌▌▌▌▌▌▌▌▌▌▌▌▌▌  ",
					 "/execute @s[tag=!remove_omni_stucked,scores={omni_recharger=344}] ~~~ title @s actionbar §lOmnitrix Recharging: §2▌▌▌▌▌▌▌▌▌▌▌▌▌▌▌▌▌▌  ",
				     "/execute @s[tag=!remove_omni_stucked,scores={omni_recharger=345}] ~~~ title @s actionbar §lOmnitrix Recharging: §a▌▌▌▌▌▌▌▌▌▌▌▌▌▌▌▌▌▌  ",
					 "/execute @s[tag=!remove_omni_stucked,scores={omni_recharger=346}] ~~~ title @s actionbar §lOmnitrix Recharging: §2▌▌▌▌▌▌▌▌▌▌▌▌▌▌▌▌▌▌  ",
					 "/execute @s[tag=!remove_omni_stucked,scores={omni_recharger=347}] ~~~ title @s actionbar §lOmnitrix Recharging: §a▌▌▌▌▌▌▌▌▌▌▌▌▌▌▌▌▌▌  ",
					 "/execute @s[tag=!remove_omni_stucked,scores={omni_recharger=348}] ~~~ title @s actionbar §lOmnitrix Recharging: §2▌▌▌▌▌▌▌▌▌▌▌▌▌▌▌▌▌▌  ",
					 "/execute @s[tag=!remove_omni_stucked,scores={omni_recharger=349}] ~~~ title @s actionbar §lOmnitrix Recharging: §a▌▌▌▌▌▌▌▌▌▌▌▌▌▌▌▌▌▌  ",
					 "/execute @s[tag=!remove_omni_stucked,scores={omni_recharger=350}] ~~~ title @s actionbar §lOmnitrix Recharging: §2▌▌▌▌▌▌▌▌▌▌▌▌▌▌▌▌▌▌  ",
					 "/execute @s[tag=!remove_omni_stucked,scores={omni_recharger=351}] ~~~ title @s actionbar §lOmnitrix Recharging: §a▌▌▌▌▌▌▌▌▌▌▌▌▌▌▌▌▌▌  ",
					 "/execute @s[tag=!remove_omni_stucked,scores={omni_recharger=352}] ~~~ title @s actionbar §lOmnitrix Recharging: §2▌▌▌▌▌▌▌▌▌▌▌▌▌▌▌▌▌▌  ",
				     "/execute @s[tag=!remove_omni_stucked,scores={omni_recharger=353}] ~~~ title @s actionbar §lOmnitrix Recharging: §a▌▌▌▌▌▌▌▌▌▌▌▌▌▌▌▌▌▌  ",
					 "/execute @s[tag=!remove_omni_stucked,scores={omni_recharger=354}] ~~~ title @s actionbar §lOmnitrix Recharging: §2▌▌▌▌▌▌▌▌▌▌▌▌▌▌▌▌▌▌  ",
					 "/execute @s[tag=!remove_omni_stucked,scores={omni_recharger=355}] ~~~ title @s actionbar §lOmnitrix Recharging: §a▌▌▌▌▌▌▌▌▌▌▌▌▌▌▌▌▌▌  ",
					 "/execute @s[tag=!remove_omni_stucked,scores={omni_recharger=356}] ~~~ title @s actionbar §lOmnitrix Recharging: §2▌▌▌▌▌▌▌▌▌▌▌▌▌▌▌▌▌▌  ",
				     "/execute @s[tag=!remove_omni_stucked,scores={omni_recharger=357}] ~~~ title @s actionbar §lOmnitrix Recharging: §a▌▌▌▌▌▌▌▌▌▌▌▌▌▌▌▌▌▌  ",
					 "/execute @s[tag=!remove_omni_stucked,scores={omni_recharger=358}] ~~~ title @s actionbar §lOmnitrix Recharging: §2▌▌▌▌▌▌▌▌▌▌▌▌▌▌▌▌▌▌  ",
					 "/execute @s[tag=!remove_omni_stucked,scores={omni_recharger=359}] ~~~ title @s actionbar §lOmnitrix Recharging: §a▌▌▌▌▌▌▌▌▌▌▌▌▌▌▌▌▌▌  ",
					 "/execute @s[tag=!remove_omni_stucked,scores={omni_recharger=360}] ~~~ title @s actionbar §lOmnitrix Recharging: §2▌▌▌▌▌▌▌▌▌▌▌▌▌▌▌▌▌▌  ",

                     "/execute @s[tag=!remove_omni_stucked,scores={omni_recharger=361}] ~~~ title @s actionbar §lOmnitrix Recharging: §a▌▌▌▌▌▌▌▌▌▌▌▌▌▌▌▌▌▌▌ ",
					 "/execute @s[tag=!remove_omni_stucked,scores={omni_recharger=362}] ~~~ title @s actionbar §lOmnitrix Recharging: §2▌▌▌▌▌▌▌▌▌▌▌▌▌▌▌▌▌▌▌ ",
					 "/execute @s[tag=!remove_omni_stucked,scores={omni_recharger=363}] ~~~ title @s actionbar §lOmnitrix Recharging: §a▌▌▌▌▌▌▌▌▌▌▌▌▌▌▌▌▌▌▌ ",
					 "/execute @s[tag=!remove_omni_stucked,scores={omni_recharger=364}] ~~~ title @s actionbar §lOmnitrix Recharging: §2▌▌▌▌▌▌▌▌▌▌▌▌▌▌▌▌▌▌▌ ",
				     "/execute @s[tag=!remove_omni_stucked,scores={omni_recharger=365}] ~~~ title @s actionbar §lOmnitrix Recharging: §a▌▌▌▌▌▌▌▌▌▌▌▌▌▌▌▌▌▌▌ ",
					 "/execute @s[tag=!remove_omni_stucked,scores={omni_recharger=366}] ~~~ title @s actionbar §lOmnitrix Recharging: §2▌▌▌▌▌▌▌▌▌▌▌▌▌▌▌▌▌▌▌ ",
					 "/execute @s[tag=!remove_omni_stucked,scores={omni_recharger=367}] ~~~ title @s actionbar §lOmnitrix Recharging: §a▌▌▌▌▌▌▌▌▌▌▌▌▌▌▌▌▌▌▌ ",
					 "/execute @s[tag=!remove_omni_stucked,scores={omni_recharger=368}] ~~~ title @s actionbar §lOmnitrix Recharging: §2▌▌▌▌▌▌▌▌▌▌▌▌▌▌▌▌▌▌▌ ",
					 "/execute @s[tag=!remove_omni_stucked,scores={omni_recharger=369}] ~~~ title @s actionbar §lOmnitrix Recharging: §a▌▌▌▌▌▌▌▌▌▌▌▌▌▌▌▌▌▌▌ ",
					 "/execute @s[tag=!remove_omni_stucked,scores={omni_recharger=370}] ~~~ title @s actionbar §lOmnitrix Recharging: §2▌▌▌▌▌▌▌▌▌▌▌▌▌▌▌▌▌▌▌ ",
					 "/execute @s[tag=!remove_omni_stucked,scores={omni_recharger=371}] ~~~ title @s actionbar §lOmnitrix Recharging: §a▌▌▌▌▌▌▌▌▌▌▌▌▌▌▌▌▌▌▌ ",
					 "/execute @s[tag=!remove_omni_stucked,scores={omni_recharger=372}] ~~~ title @s actionbar §lOmnitrix Recharging: §2▌▌▌▌▌▌▌▌▌▌▌▌▌▌▌▌▌▌▌ ",
				     "/execute @s[tag=!remove_omni_stucked,scores={omni_recharger=373}] ~~~ title @s actionbar §lOmnitrix Recharging: §a▌▌▌▌▌▌▌▌▌▌▌▌▌▌▌▌▌▌▌ ",
					 "/execute @s[tag=!remove_omni_stucked,scores={omni_recharger=374}] ~~~ title @s actionbar §lOmnitrix Recharging: §2▌▌▌▌▌▌▌▌▌▌▌▌▌▌▌▌▌▌▌ ",
					 "/execute @s[tag=!remove_omni_stucked,scores={omni_recharger=375}] ~~~ title @s actionbar §lOmnitrix Recharging: §a▌▌▌▌▌▌▌▌▌▌▌▌▌▌▌▌▌▌▌ ",
					 "/execute @s[tag=!remove_omni_stucked,scores={omni_recharger=376}] ~~~ title @s actionbar §lOmnitrix Recharging: §2▌▌▌▌▌▌▌▌▌▌▌▌▌▌▌▌▌▌▌ ",
				     "/execute @s[tag=!remove_omni_stucked,scores={omni_recharger=377}] ~~~ title @s actionbar §lOmnitrix Recharging: §a▌▌▌▌▌▌▌▌▌▌▌▌▌▌▌▌▌▌▌ ",
					 "/execute @s[tag=!remove_omni_stucked,scores={omni_recharger=378}] ~~~ title @s actionbar §lOmnitrix Recharging: §2▌▌▌▌▌▌▌▌▌▌▌▌▌▌▌▌▌▌▌ ",
					 "/execute @s[tag=!remove_omni_stucked,scores={omni_recharger=379}] ~~~ title @s actionbar §lOmnitrix Recharging: §a▌▌▌▌▌▌▌▌▌▌▌▌▌▌▌▌▌▌▌ ",
					 "/execute @s[tag=!remove_omni_stucked,scores={omni_recharger=380}] ~~~ title @s actionbar §lOmnitrix Recharging: §2▌▌▌▌▌▌▌▌▌▌▌▌▌▌▌▌▌▌▌ ",

                     "/execute @s[tag=!remove_omni_stucked,scores={omni_recharger=381}] ~~~ title @s actionbar §lOmnitrix Recharging: §a▌▌▌▌▌▌▌▌▌▌▌▌▌▌▌▌▌▌▌▌",
					 "/execute @s[tag=!remove_omni_stucked,scores={omni_recharger=382}] ~~~ title @s actionbar §lOmnitrix Recharging: §2▌▌▌▌▌▌▌▌▌▌▌▌▌▌▌▌▌▌▌▌",
					 "/execute @s[tag=!remove_omni_stucked,scores={omni_recharger=383}] ~~~ title @s actionbar §lOmnitrix Recharging: §a▌▌▌▌▌▌▌▌▌▌▌▌▌▌▌▌▌▌▌▌",
					 "/execute @s[tag=!remove_omni_stucked,scores={omni_recharger=384}] ~~~ title @s actionbar §lOmnitrix Recharging: §2▌▌▌▌▌▌▌▌▌▌▌▌▌▌▌▌▌▌▌▌",
				     "/execute @s[tag=!remove_omni_stucked,scores={omni_recharger=385}] ~~~ title @s actionbar §lOmnitrix Recharging: §a▌▌▌▌▌▌▌▌▌▌▌▌▌▌▌▌▌▌▌▌",
					 "/execute @s[tag=!remove_omni_stucked,scores={omni_recharger=386}] ~~~ title @s actionbar §lOmnitrix Recharging: §2▌▌▌▌▌▌▌▌▌▌▌▌▌▌▌▌▌▌▌▌",
					 "/execute @s[tag=!remove_omni_stucked,scores={omni_recharger=387}] ~~~ title @s actionbar §lOmnitrix Recharging: §a▌▌▌▌▌▌▌▌▌▌▌▌▌▌▌▌▌▌▌▌",
					 "/execute @s[tag=!remove_omni_stucked,scores={omni_recharger=388}] ~~~ title @s actionbar §lOmnitrix Recharging: §2▌▌▌▌▌▌▌▌▌▌▌▌▌▌▌▌▌▌▌▌",
					 "/execute @s[tag=!remove_omni_stucked,scores={omni_recharger=389}] ~~~ title @s actionbar §lOmnitrix Recharging: §a▌▌▌▌▌▌▌▌▌▌▌▌▌▌▌▌▌▌▌▌",
					 "/execute @s[tag=!remove_omni_stucked,scores={omni_recharger=390}] ~~~ title @s actionbar §lOmnitrix Recharging: §2▌▌▌▌▌▌▌▌▌▌▌▌▌▌▌▌▌▌▌▌",
					 "/execute @s[tag=!remove_omni_stucked,scores={omni_recharger=391}] ~~~ title @s actionbar §lOmnitrix Recharging: §a▌▌▌▌▌▌▌▌▌▌▌▌▌▌▌▌▌▌▌▌",
					 "/execute @s[tag=!remove_omni_stucked,scores={omni_recharger=392}] ~~~ title @s actionbar §lOmnitrix Recharging: §2▌▌▌▌▌▌▌▌▌▌▌▌▌▌▌▌▌▌▌▌",
				     "/execute @s[tag=!remove_omni_stucked,scores={omni_recharger=393}] ~~~ title @s actionbar §lOmnitrix Recharging: §a▌▌▌▌▌▌▌▌▌▌▌▌▌▌▌▌▌▌▌▌",
					 "/execute @s[tag=!remove_omni_stucked,scores={omni_recharger=394}] ~~~ title @s actionbar §lOmnitrix Recharging: §2▌▌▌▌▌▌▌▌▌▌▌▌▌▌▌▌▌▌▌▌",
					 "/execute @s[tag=!remove_omni_stucked,scores={omni_recharger=395}] ~~~ title @s actionbar §lOmnitrix Recharging: §a▌▌▌▌▌▌▌▌▌▌▌▌▌▌▌▌▌▌▌▌",
					 "/execute @s[tag=!remove_omni_stucked,scores={omni_recharger=396}] ~~~ title @s actionbar §lOmnitrix Recharging: §2▌▌▌▌▌▌▌▌▌▌▌▌▌▌▌▌▌▌▌▌",
				     "/execute @s[tag=!remove_omni_stucked,scores={omni_recharger=397}] ~~~ title @s actionbar §lOmnitrix Recharging: §a▌▌▌▌▌▌▌▌▌▌▌▌▌▌▌▌▌▌▌▌",
					 "/execute @s[tag=!remove_omni_stucked,scores={omni_recharger=398}] ~~~ title @s actionbar §lOmnitrix Recharging: §2▌▌▌▌▌▌▌▌▌▌▌▌▌▌▌▌▌▌▌▌",
					 "/execute @s[tag=!remove_omni_stucked,scores={omni_recharger=399}] ~~~ title @s actionbar §lOmnitrix Recharging: §a▌▌▌▌▌▌▌▌▌▌▌▌▌▌▌▌▌▌▌▌",
					 "/execute @s[tag=!remove_omni_stucked,scores={omni_recharger=400}] ~~~ title @s actionbar §lOmnitrix Recharging: §2▌▌▌▌▌▌▌▌▌▌▌▌▌▌▌▌▌▌▌▌",

                     "/execute @s[tag=!remove_omni_stucked,scores={omni_recharger=401}] ~~~ playsound mob.ben10.omni_recharged @s ~ ~ ~",
                     "/execute @s[tag=!remove_omni_stucked,scores={omni_recharger=401}] ~~~ function addon.message",
                     "/execute @s[tag=!remove_omni_stucked,scores={omni_recharger=401}] ~~~ tag @s remove omni_recharging",
					 "/execute @s[tag=!remove_omni_stucked,scores={omni_recharger=401}] ~~~ tag @s add omni_recharged",

                     "/execute @s[tag=!remove_omni_stucked,scores={omni_recharger=401}] ~~~ scoreboard players set @s omni_recharger 0"							 
		            ]
				}
			}
		},
		
		"controller.animation.player.unwear_omni": {
			"states": {
				"base": {
					"transitions": [
					{
						"unwear": "query.get_equipped_item_name!='omnitrix'"
					}
				],
					"on_entry": [
		        ]
			},
				"unwear": {
					"transitions": [
					{
						"default": "query.get_equipped_item_name=='omnitrix'"
					}
				],
					"on_entry": [
		            ]
				}
			}
		}
	}
}