{
    "format_version": "1.10.0",
    "animation_controllers": {
		"controller.animation.player.wearing_omni": {
			"states": {
				"base": {
					"transitions": [
					{
						"wearing": "query.get_equipped_item_name == 'omnitrix'"
					}
				],
					"on_entry": [
		        ]
			},
				"wearing": {
					"transitions": [
					{
						"default": "query.get_equipped_item_name != 'omnitrix'"
					}
				],
					"on_entry": [
					  "/clear @s omni:omnitrix",
					  "/clear @s omni:omnitrix_spawn_egg",
					  "/tag @s remove remove_omni_stucked",
					  "@s wearing_omni"
		            ]
				}
			}
		},
		
    	"controller.animation.player.normal": {
			"states": {
				"default": {
					"on_entry": [
						"@s omni_recharged",
						"/title @s title Add-on by The Commander Creeper"
					]
				}
			}
		},
    
		"controller.animation.player.omni": {
			"states": {
				"base": {
					"transitions": [
					{
						"wears_omni": "query.is_powered"
					}
				],
					"on_entry": [
					    "/tag @s remove is_wearing_omni",
					    "@s omni_recharged", 
					    "/tag @s remove omni_recharging",
				        "@s no_choice",
					    "/tag @s remove chooses_wildmutt",
                        "/tag @s remove chooses_fourarms",
                        "/tag @s remove chooses_greymatter",
                        "/tag @s remove chooses_xlr8",
                        "/tag @s remove chooses_upgrade",
                        "/tag @s remove chooses_diamondhead",
                        "/tag @s remove chooses_ripjaws",
                        "/tag @s remove chooses_stinkfly",
                        "/tag @s remove chooses_ghostfreak",
                        "/tag @s remove chooses_cannonbolt",
                        "/tag @s remove chooses_heatblast",
						"/tag @s remove chooses_ditto",
						"/tag @s remove chooses_eye_guy",
						"/tag @s remove chooses_wildvine",
						"/tag @s remove chooses_benmummy",
						"/tag @s remove chooses_benwolf",
						"/tag @s remove chooses_benvicktor",
						"/tag @s remove chooses_upchuck",
						"/tag @s remove chooses_way_big"
		        ]
			},
				"wears_omni": {
					"transitions": [
					{
						"base": "!query.is_powered && query.variant != 100 && query.mark_variant == 0"
					}
				],
					"on_entry": [
						"/tag @s add is_wearing_omni",
					    "/function addon.message",
					    "/tag @s add first_worn"
		            ]
				}
			}
		},
		
		"controller.animation.disable_omni_holding_message": {
			"states": {
				"base": {
					"transitions": [
					{
						"no_omni": "query.is_powered && query.mark_variant > 0 && query.variant != 100"
					}
				],
					"on_entry": [
		        ]
			},
				"no_omni": {
					"transitions": [
					{
						"default": "query.mark_variant == 0"
					}
				],
					"on_entry": [
						"/say §cI can't use the omnitrix while on alien form."
		            ]
				}
			}
		}
	}
}