{
  "format_version": "1.14.0",
  "minecraft:entity": {
    "description": {
      "identifier": "ben10:benmummy",
      "is_spawnable": true,
      "is_summonable": true,
      "is_experimental": false,
      "scripts": {
        "animate": [
		  "omni_low",
		  "alien_fatal"
        ]
      },
      "animations": {
	    "omni_low": "controller.animation.b10Alien",
		"alien_fatal": "controller.animation.npcben.alien_fatal"
      }
    },

    "component_groups": {
	  "is_transformed": {
	    "minecraft:is_sheared": {}
	  },
	  
      "omnitrix:blink1": {
        "minecraft:is_stunned": {},
        "minecraft:variant": {
          "value": 1
        },
        "minecraft:timer": {
          "time": 0.1,
          "looping": false,
          "time_down_event": {
            "event": "omnitrix:next_blink1",
            "target": "self"
           }
         }
       },
       
      "omnitrix:blink2": {
        "minecraft:variant": {
          "value": 0
        },
        "minecraft:timer": {
          "time": 0.1,
          "looping": false,
          "time_down_event": {
            "event": "omnitrix:next_blink2",
            "target": "self"
           }
         }
       },
       
      "omnitrix:blink3": {
        "minecraft:variant": {
          "value": 1
        },
        "minecraft:timer": {
          "time": 0.1,
          "looping": false,
          "time_down_event": {
            "event": "omnitrix:next_blink3",
            "target": "self"
           }
         }
       },
       
      "omnitrix:blink4": {
        "minecraft:variant": {
          "value": 0
        },
        "minecraft:timer": {
          "time": 0.1,
          "looping": false,
          "time_down_event": {
            "event": "omnitrix:next_blink4",
            "target": "self"
           }
         }
       },
       
      "omnitrix:blink5": {
        "minecraft:variant": {
          "value": 1
        },
        "minecraft:timer": {
          "time": 0.1,
          "looping": false,
          "time_down_event": {
            "event": "omnitrix:next_blink5",
            "target": "self"
           }
         }
       },
       
      "omnitrix:blink6": {
        "minecraft:variant": {
          "value": 0
        },
        "minecraft:timer": {
          "time": 0.1,
          "looping": false,
          "time_down_event": {
            "event": "omnitrix:next_blink6",
            "target": "self"
           }
         }
       },
       
      "omnitrix:blink7": {
        "minecraft:variant": {
          "value": 1
        },
        "minecraft:timer": {
          "time": 0.1,
          "looping": false,
          "time_down_event": {
            "event": "omnitrix:next_blink7",
            "target": "self"
           }
         }
       },
       
      "omnitrix:blink8": {
        "minecraft:variant": {
          "value": 0
        },
        "minecraft:timer": {
          "time": 0.1,
          "looping": false,
          "time_down_event": {
            "event": "omnitrix:next_blink8",
            "target": "self"
           }
         }
       },
       
      "omnitrix:blink9": {
        "minecraft:variant": {
          "value": 1
        },
        "minecraft:timer": {
          "time": 0.4,
          "looping": false,
          "time_down_event": {
            "event": "minecraft:return_to_ben10",
            "target": "self"
           }
         }
       },
	   
	  "breaks_blocks": {
        "minecraft:break_blocks": {
          "breakable_blocks": [
                        "acacia_button",
                        "acacia_door",
                        "acacia_fence_gate",
                        "acacia_pressure_plate",
                        "acacia_stairs",
                        "acacia_standing_sign",
                        "acacia_trapdoor",
                        "acacia_wall_sign",
                        "activator_rail",
                        "andesite_stairs",
                        "anvil",
                        "bamboo",
                        "bamboo_sapling",
                        "barrel",
                        "barrier",
                        "beacon",
                        "bed",
                        "bedrock",
                        "beetroot",
                        "bell",
                        "birch_button",
                        "birch_door",
                        "birch_fence_gate",
                        "birch_pressure_plate",
                        "birch_stairs",
                        "birch_standing_sign",
                        "birch_trapdoor",
                        "birch_wall_sign",
                        "black_glazed_terracotta",
                        "blast_furnace",
                        "blue_glazed_terracotta",
                        "blue_ice",
                        "bone_block",
                        "bookshelf",
                        "brewing_stand",
                        "brick_block",
                        "brick_stairs",
                        "brown_glazed_terracotta",
                        "brown_mushroom",
                        "brown_mushroom_block",
                        "bubble_column",
                        "cactus",
                        "cake",
                        "camera",
                        "campfire",
                        "carpet",
                        "carrots",
                        "cartography_table",
                        "carved_pumpkin",
                        "cauldron",
                        "chemical_heat",
                        "chemistry_table",
                        "chest",
                        "chorus_flower",
                        "chorus_plant",
                        "clay",
                        "coal_block",
                        "coal_ore",
                        "cobblestone",
                        "cobblestone_wall",
                        "cocoa",
                        "colored_torch_bp",
                        "colored_torch_rg",
                        "composter",
                        "concrete",
                        "concretePowder",
                        "conduit",
                        "coral",
                        "coral_block",
                        "coral_fan",
                        "coral_fan_dead",
                        "coral_fan_hang",
                        "coral_fan_hang2",
                        "coral_fan_hang3",
                        "crafting_table",
                        "cyan_glazed_terracotta",
                        "dark_oak_button",
                        "dark_oak_door",
                        "dark_oak_fence_gate",
                        "dark_oak_pressure_plate",
                        "dark_oak_stairs",
                        "dark_oak_trapdoor",
                        "dark_prismarine_stairs",
                        "darkoak_standing_sign",
                        "darkoak_wall_sign",
                        "daylight_detector",
                        "daylight_detector_inverted",
                        "deadbush",
                        "detector_rail",
                        "diamond_block",
                        "diamond_ore",
                        "diorite_stairs",
                        //"dirt",
                        "dispenser",
                        "double_plant",
                        "double_stone_slab",
                        "double_stone_slab2",
                        "double_stone_slab3",
                        "double_stone_slab4",
                        "double_wooden_slab",
                        "dragon_egg",
                        "dried_kelp_block",
                        "dropper",
                        "emerald_block",
                        "emerald_ore",
                        "enchanting_table",
                        "end_brick_stairs",
                        "end_bricks",
                        "end_gateway",
                        "end_portal",
                        "end_portal_frame",
                        "end_rod",
                        "end_stone",
                        "ender_chest",
                        "farmland",
                        "fence",
                        "fence_gate",
                        "fletching_table",
                        "flower_pot",
                        "frame",
                        "frosted_ice",
                        "furnace",
                        "glass",
                        "glass_pane",
                        "glowingobsidian",
                        "glowstone",
                        "gold_block",
                        "gold_ore",
                        "golden_rail",
                        "granite_stairs",
                        //"grass",
                        //"grass_path",
                        "gravel",
                        "gray_glazed_terracotta",
                        "green_glazed_terracotta",
                        "grindstone",
                        "hard_glass",
                        "hard_glass_pane",
                        "hard_stained_glass",
                        "hard_stained_glass_pane",
                        "hardened_clay",
                        "hay_block",
                        "heavy_weighted_pressure_plate",
                        "hopper",
                        "ice",
                        "iron_bars",
                        "iron_block",
                        "iron_door",
                        "iron_ore",
                        "iron_trapdoor",
                        "jigsaw",
                        "jukebox",
                        "jungle_button",
                        "jungle_door",
                        "jungle_fence_gate",
                        "jungle_pressure_plate",
                        "jungle_stairs",
                        "jungle_standing_sign",
                        "jungle_trapdoor",
                        "jungle_wall_sign",
                        "kelp",
                        "ladder",
                        "lantern",
                        "lapis_block",
                        "lapis_ore",
                        "lava",
                        "lava_cauldron",
                        "leaves",
                        "leaves2",
                        "lectern",
                        "lever",
                        "light_block",
                        "light_blue_glazed_terracotta",
                        "light_weighted_pressure_plate",
                        "lime_glazed_terracotta",
                        "lit_blast_furnace",
                        "lit_furnace",
                        "lit_pumpkin",
                        "lit_redstone_lamp",
                        "lit_redstone_ore",
                        "lit_smoker",
                        "log",
                        "log2",
                        "loom",
                        "magenta_glazed_terracotta",
                        "magma",
                        "melon_block",
                        "melon_stem",
                        "mob_spawner",
                        "monster_egg",
                        "mossy_cobblestone",
                        "mossy_cobblestone_stairs",
                        "mossy_stone_brick_stairs",
                        "mycelium",
                        "nether_brick",
                        "nether_brick_fence",
                        "nether_brick_stairs",
                        "nether_wart",
                        "nether_wart_block",
                        "netherrack",
                        "netherreactor",
                        "normal_stone_stairs",
                        "noteblock",
                        "oak_stairs",
                        "observer",
                        "obsidian",
                        "orange_glazed_terracotta",
                        "packed_ice",
                        "pink_glazed_terracotta",
                        "piston",
                        "pistonArmCollision",
                        "planks",
                        "podzol",
                        "polished_andesite_stairs",
                        "polished_diorite_stairs",
                        "polished_granite_stairs",
                        "portal",
                        "potatoes",
                        "powered_comparator",
                        "powered_repeater",
                        "prismarine",
                        "prismarine_bricks_stairs",
                        "prismarine_stairs",
                        "pumpkin",
                        "pumpkin_stem",
                        "purple_glazed_terracotta",
                        "purpur_block",
                        "purpur_stairs",
                        "quartz_block",
                        "quartz_ore",
                        "quartz_stairs",
                        "rail",
                        "red_flower",
                        "red_glazed_terracotta",
                        "red_mushroom",
                        "red_mushroom_block",
                        "red_nether_brick",
                        "red_nether_brick_stairs",
                        "red_sandstone",
                        "red_sandstone_stairs",
                        "redstone_block",
                        "redstone_lamp",
                        "redstone_ore",
                        "redstone_torch",
                        "redstone_wire",
                        "reeds",
                        "sand",
                        "sandstone",
                        "sandstone_stairs",
                        "sapling",
                        "scaffolding",
                        "seaLantern",
                        "sea_pickle",
                        "seagrass",
                        "shulker_box",
                        "silver_glazed_terracotta",
                        "skull",
                        "slime",
                        "smithing_table",
                        "smoker",
                        "smooth_quartz_stairs",
                        "smooth_red_sandstone_stairs",
                        "smooth_sandstone_stairs",
                        "smooth_stone",
                        "snow",
                        "snow_layer",
                        "soul_sand",
                        "sponge",
                        "spruce_button",
                        "spruce_door",
                        "spruce_fence_gate",
                        "spruce_pressure_plate",
                        "spruce_stairs",
                        "spruce_standing_sign",
                        "spruce_trapdoor",
                        "spruce_wall_sign",
                        "stained_glass",
                        "stained_glass_pane",
                        "stained_hardened_clay",
                        "standing_banner",
                        "standing_sign",
                        "stickyPistonArmCollision",
                        "sticky_piston",
                        "stone",
                        "stone_brick_stairs",
                        "stone_button",
                        "stone_pressure_plate",
                        "stone_slab",
                        "stone_slab2",
                        "stone_slab3",
                        "stone_slab4",
                        "stone_stairs",
                        "stonebrick",
                        "stonecutter",
                        "stonecutter_block",
                        "stripped_acacia_log",
                        "stripped_birch_log",
                        "stripped_dark_oak_log",
                        "stripped_jungle_log",
                        "stripped_oak_log",
                        "stripped_spruce_log",
                        "structure_block",
                        "sweet_berry_bush",
                        "tallgrass",
                        "tnt",
                        "torch",
                        "trapdoor",
                        "trapped_chest",
                        "tripWire",
                        "tripwire_hook",
                        "turtle_egg",
                        "undyed_shulker_box",
                        "unlit_redstone_torch",
                        "unpowered_comparator",
                        "unpowered_repeater",
                        "vine",
                        "wall_banner",
                        "wall_sign",
                        "web",
                        "wheat",
                        "white_glazed_terracotta",
                        "wither_rose",
                        "wood",
                        "wooden_button",
                        "wooden_door",
                        "wooden_pressure_plate",
                        "wooden_slab",
                        "wool",
                        "yellow_flower",
                        "yellow_glazed_terracotta"
                    ]
                  }
	            },
       
      "attacks_monsters": {
      "minecraft:behavior.nearest_attackable_target": {
          "priority": 1,
          "reselect_targets": true,
          "entity_types": [
            {
             "filters": {
              "all_of": [
                {
                  "test": "is_family",
                  "subject": "other",
                  "value": "monster"
                },
				{
				  "test": "has_component",
                  "subject": "self",
				  "operator": "!=",
                  "value": "minecraft:is_stunned"
				}
              ]
            },
              "max_dist": 75
            }
          ],
          "must_see": false,
          "must_reach": false
        }
      },
      
      "minecraft:return_to_ben10": {
        "minecraft:transformation": {
        "into": "ben10:ben10"
      }
    },
      
      "omnitrix:start_timer": {     
        "minecraft:timer": {
          "time": 200,
          "looping": false,
          "time_down_event": {
            "event": "omnitrix:start_blinking",
            "target": "self"
           }
         }
       }
     },
        
    "components": {
      "minecraft:type_family": {
        "family": [ "alien", "benmummy", "ben10"]
      },
      "minecraft:breathable": {
        "total_supply": 15,
        "suffocate_time": 0
      },
      "minecraft:nameable": {
      },
      "minecraft:health": {
        "value": 150,
        "max": 150
      },  
      "minecraft:loot": {
        "table": "loot_tables/entities/empty.json"
      },
	  "minecraft:movement": {
          "value": 0.3
        },
                                                                                                                             "minecraft:hurt_on_condition": {
        "damage_conditions": [
          {
            "filters": { "test": "in_lava", "subject": "self", "operator": "==", "value": true },
            "cause": "lava",
            "damage_per_tick": 4
          }
        ]
      },
      "minecraft:attack": {
        "damage": {
          "range_min": 10,
          "range_max": 20
        }
      },
      "minecraft:collision_box": {
        "width": 1.5,
        "height": 5.3
      },
      "minecraft:scale": {
        "value": 0.58
      },
      "minecraft:navigation.walk": {
        "can_path_over_water": true,
        "avoid_damage_blocks": true
      },
      "minecraft:movement.basic": {

      },
      "minecraft:jump.static": {
      },
      "minecraft:can_climb": {
      },
      "minecraft:follow_range": {
        "value": 100,
        "max": 100
      },          
        "minecraft:area_attack": {
          "damage_range": 1.0,
          "damage_per_tick": 1,
          "cause": "contact",
          "entity_filter": {
            "any_of": [
            {
              "test": "is_family",
              "subject": "other",
              "value": "vilgax_touches"
            }
          ]
        }
      },
      "minecraft:damage_sensor": {
        "triggers": [
        {
          "on_damage": {
            "filters": {
              "any_of": [
              {
                "test": "has_damage",
                "subject": "self",
                "value": "fall"
              }
            ]
          }
        },
        "deals_damage": false
      },
        {
          "on_damage": {
            "filters": {
              "any_of": [
              {
                "test": "has_damage",
                "subject": "self",
                "value": "fatal"
              }
            ]
          },
          "event": "minecraft:return_to_ben10"
        },
        "deals_damage": false
      },
      {
          "on_damage": {
            "filters": {
              "all_of": [
              {
                "test": "is_family",
                "subject": "other",
                "value": "vilgax_touches"
              },
              {
                "test": "has_damage",
                "subject": "self",
                "value": "contact"
              }
            ]
          },
          "event": "minecraft:return_to_ben10"
        },
        "deals_damage": false
      }
    ]
  },
        "minecraft:behavior.avoid_mob_type": {
          "priority": 6,
          "entity_types": [
            {
              "filters": {
                "any_of": [
                {
                  "test": "is_family",
                  "subject": "other",
                  "value": "dh_spike"
                },
				{
                  "test": "is_family",
                  "subject": "other",
                  "value": "tentacle_vines"
                },
                {
                  "test": "is_family",
                  "subject": "other",
                  "value": "magic_spike"
                },
				{
				  "all_of": [
				  {
				    "test": "has_component",
                    "subject": "self",
                    "value": "minecraft:is_stunned"
				  },
				  {
                    "test": "is_family",
                    "subject": "other",
                    "value": "monster"
                  }
				]
              }
            ]
          },
          "max_dist": 15,
          "walk_speed_multiplier": 1,
          "sprint_speed_multiplier": 1.53
        }
      ]
    },  
        "minecraft:behavior.lay_down": {
          "priority": 7,
          "random_interval": 230,
          "random_stop_interval": 2300
        },
                                                               "minecraft:behavior.stay_while_sitting":                                {
          "priority": 2
      },
      "minecraft:behavior.melee_attack": {
        "priority": 4,
        "speed_multiplier": 1.3,
        "track_target": false
      },
      
     "minecraft:behavior.leap_at_target": {
                "priority": 2,
                "target_dist": 0.01
            },
            "minecraft:behavior.stalk_and_pounce_on_target": {
                "priority": 3,
                "stalk_speed": 1.6,
                "max_stalk_dist": 50.0,
                "leap_height": 0.9,
                "leap_dist": 0.8,
                "pounce_max_dist": 10.0,
                "strike_dist": 20.0,
                "interest_time": 0.0
            },

      "minecraft:behavior.float": {
        "priority": 0
      },
      "minecraft:behavior.hurt_by_target": {
        "priority": 2,
        "entity_types": [
          {
            "filters": {
			  "all_of": [
			  {
                "test": "is_family",
                "subject": "other",
				"operator": "!=",
                "value": "ben10"
              },
			  {
                "test": "is_family",
                "subject": "other",
				"operator": "!=",
                "value": "gwen"
              },
			  {
                "test": "is_family",
                "subject": "other",
				"operator": "!=",
                "value": "uncle_max"
              },
			  {
                "test": "is_family",
                "subject": "other",
				"operator": "!=",
                "value": "rb"
              },
			  {
                "test": "is_family",
                "subject": "other",
				"operator": "!=",
                "value": "corrodium"
              },
			  {
			    "test": "has_component",
                "subject": "self",
				"operator": "!=",
                "value": "minecraft:is_stunned"
			  }
		    ]
          }
        }
      ]
    },
      "minecraft:behavior.random_stroll": {
        "priority": 5
      },
      "minecraft:behavior.look_at_player": {
        "priority": 6,
        "target_distance": 6.0,
        "probability": 0.02
      },
      "minecraft:behavior.random_look_around": {
        "priority": 7
      },
	  "minecraft:on_target_acquired": {
        "event": "has_target",
        "target": "self"
      },
      "minecraft:on_target_escape": {
        "event": "no_target",
        "target": "self"
      },
      "minecraft:physics": {
      },
      "minecraft:pushable": {
        "is_pushable": true,
        "is_pushable_by_piston": true
      }
    },

    "events": {
      "omnitrix:start_blinking": {
        "remove": {},
        "add": {
          "component_groups": [
            "omnitrix:blink1"
          ]
        }
      },
        
      "omnitrix:next_blink1": {
        "remove": {},
        "add": {
          "component_groups": [
            "omnitrix:blink2"
          ]
        }
      },
   
      "omnitrix:next_blink2": {
        "remove": {},
        "add": {
          "component_groups": [
            "omnitrix:blink3"
          ]
        }
      },
      
      "omnitrix:next_blink3": {
        "remove": {},
        "add": {
          "component_groups": [
            "omnitrix:blink4"
          ]
        }
      },
      
      "omnitrix:next_blink4": {
        "remove": {},
        "add": {
          "component_groups": [
            "omnitrix:blink5"
          ]
        }
      },
   
      "omnitrix:next_blink5": {
        "remove": {},
        "add": {
          "component_groups": [
            "omnitrix:blink6"
          ]
        }
      },
        
      "omnitrix:next_blink6": {
        "remove": {},
        "add": {
          "component_groups": [
            "omnitrix:blink7"
          ]
        }
      },
   
      "omnitrix:next_blink7": {
        "remove": {},
        "add": {
          "component_groups": [
            "omnitrix:blink8"
          ]
        }
      },
        
      "omnitrix:next_blink8": {
        "remove": {},
        "add": {
          "component_groups": [
            "omnitrix:blink9"
          ]
        }
      },
	  
	  "has_target": {
	    "add": {
		  "component_groups": [
		    "breaks_blocks"
		  ]
		}
	  },
	  
	  "no_target": {
	    "remove": {
		  "component_groups": [
		    "breaks_blocks"
		  ]
		}
	  },
      
      "minecraft:entity_spawned": {
        "add": {
          "component_groups": [
            "omnitrix:start_timer",
            "attacks_monsters"
          ]
        }
      },

      "minecraft:entity_transformed": {
        "remove": {},
        "add": {
          "component_groups": [
            "omnitrix:start_timer",
            "attacks_monsters",
			"is_transformed"
          ]
        }
      },
      
      "minecraft:return_to_ben10": {
        "remove": {},
        "add": {
          "component_groups": [
            "minecraft:return_to_ben10"
          ]
        }
      }
    }
  }
}