{
  "format_version": "1.13.0",
  "minecraft:entity": {
    "description": {
      "identifier": "ben10:eye_guy",
      "is_spawnable": true,
      "is_summonable": true,
      "is_experimental": false,
      "scripts": {
        "animate": [
		  "omni_low",
		  "laser_sounds",
		  "alien_fatal"
        ]
      },
      "animations": {
	    "omni_low": "controller.animation.b10Alien",
		"laser_sounds": "controller.animation.eye_guy.laser_sounds",
		"alien_fatal": "controller.animation.npcben.alien_fatal"
      }
    },
    
    "component_groups": {
	"is_transformed": {
	    "minecraft:is_sheared": {}
	  },
      "omnitrix:blink1": {
        "minecraft:is_stunned": {},
        "minecraft:variant": {
          "value": 1
        },
        "minecraft:timer": {
          "time": 0.1,
          "looping": false,
          "time_down_event": {
            "event": "omnitrix:next_blink1",
            "target": "self"
           }
         }
       },
       
      "omnitrix:blink2": {
        "minecraft:variant": {
          "value": 0
        },
        "minecraft:timer": {
          "time": 0.1,
          "looping": false,
          "time_down_event": {
            "event": "omnitrix:next_blink2",
            "target": "self"
           }
         }
       },
       
      "omnitrix:blink3": {
        "minecraft:variant": {
          "value": 1
        },
        "minecraft:timer": {
          "time": 0.1,
          "looping": false,
          "time_down_event": {
            "event": "omnitrix:next_blink3",
            "target": "self"
           }
         }
       },
       
      "omnitrix:blink4": {
        "minecraft:variant": {
          "value": 0
        },
        "minecraft:timer": {
          "time": 0.1,
          "looping": false,
          "time_down_event": {
            "event": "omnitrix:next_blink4",
            "target": "self"
           }
         }
       },
       
      "omnitrix:blink5": {
        "minecraft:variant": {
          "value": 1
        },
        "minecraft:timer": {
          "time": 0.1,
          "looping": false,
          "time_down_event": {
            "event": "omnitrix:next_blink5",
            "target": "self"
           }
         }
       },
       
      "omnitrix:blink6": {
        "minecraft:variant": {
          "value": 0
        },
        "minecraft:timer": {
          "time": 0.1,
          "looping": false,
          "time_down_event": {
            "event": "omnitrix:next_blink6",
            "target": "self"
           }
         }
       },
       
      "omnitrix:blink7": {
        "minecraft:variant": {
          "value": 1
        },
        "minecraft:timer": {
          "time": 0.1,
          "looping": false,
          "time_down_event": {
            "event": "omnitrix:next_blink7",
            "target": "self"
           }
         }
       },
       
      "omnitrix:blink8": {
        "minecraft:variant": {
          "value": 0
        },
        "minecraft:timer": {
          "time": 0.1,
          "looping": false,
          "time_down_event": {
            "event": "omnitrix:next_blink8",
            "target": "self"
           }
         }
       },
       
      "omnitrix:blink9": {
        "minecraft:variant": {
          "value": 1
        },
        "minecraft:timer": {
          "time": 0.4,
          "looping": false,
          "time_down_event": {
            "event": "minecraft:return_to_ben10",
            "target": "self"
           }
         }
       },
     
     "attacks_monsters": {
   "minecraft:behavior.nearest_attackable_target": {
          "priority": 1,
          "reselect_targets": true,
          "entity_types": [
            {
             "filters": {
              "all_of": [
                {
                  "test": "is_family",
                  "subject": "other",
                  "value": "monster"
                },
				{
				  "test": "has_component",
                  "subject": "self",
				  "operator": "!=",
                  "value": "minecraft:is_stunned"
				}
              ]
            },
              "max_dist": 32
            }
          ],
          "must_see": false,
          "must_reach": false,
		  "target_search_height": 0.0
        }
      },
      
      "shooting_attack": {
	    "minecraft:is_stackable": {},
        "minecraft:shooter": {
          "type": "Arrow",
          "def": "laser:energy_beam"
        },
        "minecraft:behavior.ranged_attack": {
          "attack_interval_min": 1.0,
          "attack_interval_max": 2.0,
          "attack_radius": 32,
          "burst_shots": 5,
          "burst_interval": 0.0,
          "charge_charged_trigger": 1.0,
          "charge_shoot_trigger": 1.0
        }
      },
	  
	  "shooting_attack_small": {
	    "minecraft:is_ignited": {},
        "minecraft:shooter": {
          "type": "Arrow",
          "def": "laser:energy_beam_small"
        },
        "minecraft:behavior.ranged_attack": {
          "attack_interval_min": 1.0,
          "attack_interval_max": 2.0,
          "attack_radius": 32,
          "burst_shots": 5,
          "burst_interval": 0.0,
          "charge_charged_trigger": 1.0,
          "charge_shoot_trigger": 1.0
        }
      },
      
      "melee_attack": {       
        "minecraft:attack": {
          "damage": {
            "range_min": 7,
            "range_max": 25
          }
        },           
        "minecraft:behavior.melee_attack": {
        "priority": 4,
        "speed_multiplier": 1.2,
        "track_target": false
      }
    },
        
      "minecraft:return_to_ben10": {
        "minecraft:transformation": {
        "into": "ben10:ben10"
      }
    },
    
      "detects_target": { 
        "minecraft:target_nearby_sensor": {
          "inside_range": 2.5,
          "outside_range": 6.0,
          "on_inside_range": {
            "event": "melee_attack",
              "target": "self"
            },
            "on_outside_range": {
              "event": "shooting_attack",
              "target": "self"
            }
          }
        },
        
      "omnitrix:start_timer": {     
        "minecraft:timer": {
          "time": 200,
          "looping": false,
          "time_down_event": {
            "event": "omnitrix:start_blinking",
            "target": "self"
           }
         }
       }
     },

    "components": {
	  "minecraft:type_family": {
        "family": [ "eye_guy", "ben10", "alien"]
      },
      "minecraft:nameable": {
      },
      "minecraft:collision_box": {
        "width": 1.6,
        "height": 4.89
      },
      "minecraft:movement": {
        "value": 0.25
      },
      "minecraft:health": {
        "value": 120,
        "max": 120
      },
	  "minecraft:scale": {
	    "value": 0.5
	  },
      "minecraft:movement.basic": {
      },
      "minecraft:navigation.walk": {
        "is_amphibious": true,
        "can_pass_doors": true,
        "can_walk": true,
        "can_break_doors": true
      },
      "minecraft:annotation.break_door": {
      },
      "minecraft:jump.static": {
      },
      "minecraft:can_climb": {
      },
      
      "minecraft:hurt_on_condition": {
        "damage_conditions": [
          {
            "filters": { "test": "in_lava", "subject": "self", "operator": "==", "value": true },
            "cause": "lava",
            "damage_per_tick": 4
          }
        ]
      },
      "minecraft:breathable": {
        "total_supply": 15,
        "suffocate_time": 0,
        "breathes_air": true,
        "breathes_water": true
      },
      "minecraft:loot": {
        "table": "loot_tables/entities/empty.json"
      },
        "minecraft:area_attack": {
          "damage_range": 1.0,
          "damage_per_tick": 1,
          "cause": "contact",
          "entity_filter": {
            "any_of": [
            {
              "test": "is_family",
              "subject": "other",
              "value": "vilgax_touches"
            }
          ]
        }
      },
      "minecraft:damage_sensor": {
        "triggers": [
		{
          "on_damage": {
            "filters": {
              "any_of": [
              {
                "test": "is_family",
                "subject": "other",
                "value": "eye_guy"
              },
			  {
                "test": "is_family",
                "subject": "other",
                "value": "energy_beam"
              }
            ]
          }
        },
        "deals_damage": false
      },
        {
          "on_damage": {
            "filters": {
              "any_of": [
              {
                "test": "has_damage",
                "subject": "self",
                "value": "fatal"
              }
            ]
          },
          "event": "minecraft:return_to_ben10"
        },
        "deals_damage": false
      },
      {
          "on_damage": {
            "filters": {
              "all_of": [
              {
                "test": "is_family",
                "subject": "other",
                "value": "vilgax_touches"
              },
              {
                "test": "has_damage",
                "subject": "self",
                "value": "contact"
              }
            ]
          },
          "event": "minecraft:return_to_ben10"
        },
        "deals_damage": false
      }
    ]
  },
  "minecraft:behavior.avoid_mob_type": {
          "priority": 6,
          "entity_types": [
            {
              "filters": {
                "any_of": [
                {
                  "test": "is_family",
                  "subject": "other",
                  "value": "dh_spike"
                },
				{
                  "test": "is_family",
                  "subject": "other",
                  "value": "tentacle_vines"
                },
                {
                  "test": "is_family",
                  "subject": "other",
                  "value": "magic_spike"
                },
				{
                  "test": "is_family",
                  "subject": "other",
                  "value": "corrodium"
                },
				{
				  "all_of": [
				  {
				    "test": "has_component",
                    "subject": "self",
                    "value": "minecraft:is_stunned"
				  },
				  {
                    "test": "is_family",
                    "subject": "other",
                    "value": "monster"
                  }
				]
              }
            ]
          },
          "max_dist": 15,
          "walk_speed_multiplier": 1,
          "sprint_speed_multiplier": 1.53
        }
      ]
    },  
      "minecraft:behavior.float": {
        "priority": 0
      }, 
	  "minecraft:behavior.move_towards_restriction": {
        "priority": 5,
        "speed_multiplier": 1
      },
      "minecraft:behavior.random_stroll": {
        "priority": 6,
        "speed_multiplier": 1
      },
      "minecraft:behavior.look_at_player": {
        "priority": 7,
        "look_distance": 6,
        "probability": 0.02
      },
      "minecraft:behavior.random_look_around": {
        "priority": 7
      },
      "minecraft:behavior.hurt_by_target": {
        "priority": 2,
        "entity_types": [
          {
            "filters": {
			  "all_of": [
			  {
                "test": "is_family",
                "subject": "other",
				"operator": "!=",
                "value": "ben10"
              },
			  {
                "test": "is_family",
                "subject": "other",
				"operator": "!=",
                "value": "gwen"
              },
			  {
                "test": "is_family",
                "subject": "other",
				"operator": "!=",
                "value": "uncle_max"
              },
			  {
                "test": "is_family",
                "subject": "other",
				"operator": "!=",
                "value": "rb"
              },
			  {
                "test": "is_family",
                "subject": "other",
				"operator": "!=",
                "value": "corrodium"
              },
			  {
			    "test": "has_component",
                "subject": "self",
				"operator": "!=",
                "value": "minecraft:is_stunned"
			  }
		    ]
          }
        }
      ]
    },
	  "minecraft:on_target_escape": {
        "event": "remove_shooting",
        "target": "self"
      },
      "minecraft:physics": {
      },
      "minecraft:pushable": {
        "is_pushable": true,
        "is_pushable_by_piston": true
      }
    },

    "events": {
      "omnitrix:start_blinking": {
        "remove": {},
        "add": {
          "component_groups": [
            "omnitrix:blink1"
          ]
        }
      },
        
      "omnitrix:next_blink1": {
        "remove": {},
        "add": {
          "component_groups": [
            "omnitrix:blink2"
          ]
        }
      },
   
      "omnitrix:next_blink2": {
        "remove": {},
        "add": {
          "component_groups": [
            "omnitrix:blink3"
          ]
        }
      },
      
      "omnitrix:next_blink3": {
        "remove": {},
        "add": {
          "component_groups": [
            "omnitrix:blink4"
          ]
        }
      },
      
      "omnitrix:next_blink4": {
        "remove": {},
        "add": {
          "component_groups": [
            "omnitrix:blink5"
          ]
        }
      },
   
      "omnitrix:next_blink5": {
        "remove": {},
        "add": {
          "component_groups": [
            "omnitrix:blink6"
          ]
        }
      },
        
      "omnitrix:next_blink6": {
        "remove": {},
        "add": {
          "component_groups": [
            "omnitrix:blink7"
          ]
        }
      },
   
      "omnitrix:next_blink7": {
        "remove": {},
        "add": {
          "component_groups": [
            "omnitrix:blink8"
          ]
        }
      },
        
      "omnitrix:next_blink8": {
        "remove": {},
        "add": {
          "component_groups": [
            "omnitrix:blink9"
          ]
        }
      },
    
      "minecraft:entity_spawned": {
        "remove": {
        },
        "add": {
          "component_groups": [
            "omnitrix:start_timer",
            "attacks_monsters",
            "detects_target"
          ]
        }
      },

      "minecraft:entity_transformed": {
        "remove": {
        },
        "add": {
          "component_groups": [
            "omnitrix:start_timer",
            "attacks_monsters",
            "detects_target",
			"is_transformed"
          ]
        }
      },
      
      "minecraft:return_to_ben10": {
        "remove": {},
        "add": {
          "component_groups": [
            "minecraft:return_to_ben10"
          ]
        }
      },
      
      "melee_attack": {
        "remove": {
          "component_groups": [
            "shooting_attack",
			"shooting_attack_small"
          ]
        },
        "add": {
          "component_groups": [
            "melee_attack"
          ]
        }
      },
	  
	  "shooting_attack": {
	    "randomize": [
		  {
		    "weight": 80,
			"remove": {
              "component_groups": [
                "shooting_attack",
				"shooting_attack_small"
              ]
            },
            "add": {
              "component_groups": [
                "melee_attack"
              ]
            }
		  },
		  {
		    "weight": 10,
			"remove": {
              "component_groups": [
                "melee_attack",
				"shooting_attack_small"
              ]
            },
            "add": {
              "component_groups": [
                "shooting_attack"
              ]
            }
		  },
		  {
		    "weight": 30,
			"remove": {
              "component_groups": [
                "melee_attack",
				"shooting_attack"
              ]
            },
            "add": {
              "component_groups": [
                "shooting_attack_small"
              ]
            }
		  }
		]
	  },
	  
	  "remove_shooting": {
        "remove": {
          "component_groups": [
            "shooting_attack",
			"shooting_attack_small"
          ]
        }
      }
    }
  }
}
