{
  "format_version": "1.13.0",
  "minecraft:entity": {
    "description": {
      "identifier": "ben10:ghostfreak",
      "is_spawnable": true,
      "is_summonable": true,
      "is_experimental": false,
      "scripts": {
        "animate": [
		  "omni_low",
		  "alien_fatal"
        ]
      },
      "animations": {
	    "omni_low": "controller.animation.b10Alien",
		"alien_fatal": "controller.animation.npcben.alien_fatal"
      }
    },
  
    "component_groups": {
	"is_transformed": {
	    "minecraft:is_sheared": {}
	  },
      "omnitrix:blink1": {
        "minecraft:is_stunned": {},
        "minecraft:variant": {
          "value": 1
        },
        "minecraft:timer": {
          "time": 0.1,
          "looping": false,
          "time_down_event": {
            "event": "omnitrix:next_blink1",
            "target": "self"
           }
         }
       },
       
      "omnitrix:blink2": {
        "minecraft:variant": {
          "value": 0
        },
        "minecraft:timer": {
          "time": 0.1,
          "looping": false,
          "time_down_event": {
            "event": "omnitrix:next_blink2",
            "target": "self"
           }
         }
       },
       
      "omnitrix:blink3": {
        "minecraft:variant": {
          "value": 1
        },
        "minecraft:timer": {
          "time": 0.1,
          "looping": false,
          "time_down_event": {
            "event": "omnitrix:next_blink3",
            "target": "self"
           }
         }
       },
       
      "omnitrix:blink4": {
        "minecraft:variant": {
          "value": 0
        },
        "minecraft:timer": {
          "time": 0.1,
          "looping": false,
          "time_down_event": {
            "event": "omnitrix:next_blink4",
            "target": "self"
           }
         }
       },
       
      "omnitrix:blink5": {
        "minecraft:variant": {
          "value": 1
        },
        "minecraft:timer": {
          "time": 0.1,
          "looping": false,
          "time_down_event": {
            "event": "omnitrix:next_blink5",
            "target": "self"
           }
         }
       },
       
      "omnitrix:blink6": {
        "minecraft:variant": {
          "value": 0
        },
        "minecraft:timer": {
          "time": 0.1,
          "looping": false,
          "time_down_event": {
            "event": "omnitrix:next_blink6",
            "target": "self"
           }
         }
       },
       
      "omnitrix:blink7": {
        "minecraft:variant": {
          "value": 1
        },
        "minecraft:timer": {
          "time": 0.1,
          "looping": false,
          "time_down_event": {
            "event": "omnitrix:next_blink7",
            "target": "self"
           }
         }
       },
       
      "omnitrix:blink8": {
        "minecraft:variant": {
          "value": 0
        },
        "minecraft:timer": {
          "time": 0.1,
          "looping": false,
          "time_down_event": {
            "event": "omnitrix:next_blink8",
            "target": "self"
           }
         }
       },
       
      "omnitrix:blink9": {
        "minecraft:variant": {
          "value": 1
        },
        "minecraft:timer": {
          "time": 0.4,
          "looping": false,
          "time_down_event": {
            "event": "minecraft:return_to_ben10",
            "target": "self"
           }
         }
       },
       
     "attacks_monsters": {
      "minecraft:behavior.nearest_attackable_target": {
          "priority": 1,
          "reselect_targets": true,
          "entity_types": [
            {
             "filters": {
              "all_of": [
                {
                  "test": "is_family",
                  "subject": "other",
                  "value": "monster"
                },
				{
				  "test": "has_component",
                  "subject": "self",
				  "operator": "!=",
                  "value": "minecraft:is_stunned"
				}
              ]
            },
              "max_dist": 100
            }
          ],
          "must_see": false,
          "must_reach": false
        }
      },
      
      "minecraft:return_to_ben10": {
        "minecraft:transformation": {
        "into": "ben10:ben10"
      }
    },
    
      "invisible": {
       "minecraft:spell_effects": {
         "add_effects": [
        {
          "effect": "invisibility",
	      "amplifier": 1,
	      "visible": false,
		  "ambient": false,
	      "duration": 99999
	    }
	  ]
	}
  },
    
      "not_invisible": {
        "minecraft:spell_effects": {
          "remove_effects": [
            "invisibility"
          ]
        }
      },
      
      "omnitrix:start_timer": {     
        "minecraft:timer": {
          "time": 200,
          "looping": false,
          "time_down_event": {
            "event": "omnitrix:start_blinking",
            "target": "self"
           }
         }
       }
     },

    "components": {
      "minecraft:nameable": {
      },
      "minecraft:is_hidden_when_invisible": {},
      "minecraft:type_family": {
        "family": [ "alien", "ghostfreak", "ben10"]
      },
      "minecraft:collision_box": {
        "width": 1.02,
        "height": 3.0
      },
      "minecraft:can_climb": {
      },
      "minecraft:health": {
        "value": 90,
        "max": 90
      },
      "minecraft:movement": {
        "value": 0.3
      },
      "minecraft:flying_speed": {
        "value": 0.19
      },
      "minecraft:fire_immune": true,
      "minecraft:navigation.hover": {
        "can_path_over_water": true,
        "can_sink": false,
        "can_path_from_air": true,
        "avoid_water": false,
        "avoid_damage_blocks": false,
        "avoid_sun": false
      },
      "minecraft:movement.hover": {},
      "minecraft:jump.static": {},
      "minecraft:can_fly": {},
      "minecraft:scale": {
        "value": 1.0
      },
      "minecraft:behavior.random_hover": {
        "priority": 11,
        "xz_dist": 8,
        "y_dist": 8,
        "y_offset": -1,
        "interval": 1,
        "hover_height": [1, 4]
      },
      
      "minecraft:hurt_on_condition": {
        "damage_conditions": [
          {
            "filters": { "test": "in_lava", "subject": "self", "operator": "==", "value": true },
            "cause": "lava",
            "damage_per_tick": 4
          }
        ]
      },
        "minecraft:area_attack": {
          "damage_range": 1.0,
          "damage_per_tick": 1,
          "cause": "contact",
          "entity_filter": {
            "any_of": [
            {
              "test": "is_family",
              "subject": "other",
              "value": "vilgax_touches"
            }
          ]
        }
      },
      "minecraft:damage_sensor": {
        "triggers": [
        {
          "on_damage": {
            "filters": {
              "any_of": [
              {
                "test": "has_damage",
                "subject": "self",
                "value": "fall"
              },
			  {
                "test": "is_family",
                "subject": "other",
                "value": "dh_spike"
              },
		      {
                "test": "is_family",
                "subject": "other",
                "value": "tentacle_vines"
              },
              {
                "test": "is_family",
                "subject": "other",
                "value": "magic_spike"
              },
		      {
                "test": "is_family",
                "subject": "other",
                "value": "corrodium"
              }
            ]
          }
        },
        "deals_damage": false
      },
        {
          "on_damage": {
            "filters": {
              "any_of": [
              {
                "test": "has_damage",
                "subject": "self",
                "value": "fatal"
              }
            ]
          },
          "event": "minecraft:return_to_ben10"
        },
        "deals_damage": false
      },
      {
          "on_damage": {
            "filters": {
              "all_of": [
              {
                "test": "is_family",
                "subject": "other",
                "value": "vilgax_touches"
              },
              {
                "test": "has_damage",
                "subject": "self",
                "value": "contact"
              }
            ]
          },
          "event": "minecraft:return_to_ben10"
        },
        "deals_damage": false
      }
    ]
  },
      "minecraft:breathable": {
        "total_supply": 15,
        "suffocate_time": 0,
        "breathes_air": true,
        "breathes_water": true
      },
      "minecraft:attack": {
        "damage": {
          "range_min": 7,
          "range_max": 15
        }
      },
      "minecraft:loot": {
        "table": "loot_tables/entities/empty.json"
      },

      "minecraft:behavior.melee_attack": {
        "priority": 3,
        "speed_multiplier": 1,
        "track_target": false
      },
      "minecraft:behavior.look_at_player": {
        "priority": 7,
        "look_distance": 6,
        "probability": 0.02
      },
      "minecraft:behavior.random_look_around": {
        "priority": 7
      },
	  "minecraft:behavior.avoid_mob_type": {
          "priority": 6,
          "entity_types": [
            {
              "filters": {
                "any_of": [
				{
				  "all_of": [
				  {
				    "test": "has_component",
                    "subject": "self",
                    "value": "minecraft:is_stunned"
				  },
				  {
                    "test": "is_family",
                    "subject": "other",
                    "value": "monster"
                  }
				]
              }
            ]
          },
          "max_dist": 15,
          "walk_speed_multiplier": 1,
          "sprint_speed_multiplier": 1.53
        }
      ]
    },  
      "minecraft:behavior.hurt_by_target": {
        "priority": 2,
        "entity_types": [
          {
            "filters": {
			  "all_of": [
			  {
                "test": "is_family",
                "subject": "other",
				"operator": "!=",
                "value": "ben10"
              },
			  {
                "test": "is_family",
                "subject": "other",
				"operator": "!=",
                "value": "gwen"
              },
			  {
                "test": "is_family",
                "subject": "other",
				"operator": "!=",
                "value": "uncle_max"
              },
			  {
                "test": "is_family",
                "subject": "other",
				"operator": "!=",
                "value": "rb"
              },
			  {
                "test": "is_family",
                "subject": "other",
				"operator": "!=",
                "value": "corrodium"
              },
			  {
			    "test": "has_component",
                "subject": "self",
				"operator": "!=",
                "value": "minecraft:is_stunned"
			  }
		    ]
          }
        }
      ]
    },
      "minecraft:physics": {
        "has_collision": false,
        "has_gravity": false
      },
      "minecraft:pushable": {
        "is_pushable": false,
        "is_pushable_by_piston": false
      },
      "minecraft:on_target_acquired": {
        "event": "invisibility_chance",
        "target": "self"
      },
      "minecraft:on_target_escape": {
        "event": "remove_invisibility",
        "target": "self"
      }
    },

    "events": {
      "omnitrix:start_blinking": {
        "remove": {},
        "add": {
          "component_groups": [
            "omnitrix:blink1"
          ]
        }
      },
        
      "omnitrix:next_blink1": {
        "remove": {},
        "add": {
          "component_groups": [
            "omnitrix:blink2"
          ]
        }
      },
   
      "omnitrix:next_blink2": {
        "remove": {},
        "add": {
          "component_groups": [
            "omnitrix:blink3"
          ]
        }
      },
      
      "omnitrix:next_blink3": {
        "remove": {},
        "add": {
          "component_groups": [
            "omnitrix:blink4"
          ]
        }
      },
      
      "omnitrix:next_blink4": {
        "remove": {},
        "add": {
          "component_groups": [
            "omnitrix:blink5"
          ]
        }
      },
   
      "omnitrix:next_blink5": {
        "remove": {},
        "add": {
          "component_groups": [
            "omnitrix:blink6"
          ]
        }
      },
        
      "omnitrix:next_blink6": {
        "remove": {},
        "add": {
          "component_groups": [
            "omnitrix:blink7"
          ]
        }
      },
   
      "omnitrix:next_blink7": {
        "remove": {},
        "add": {
          "component_groups": [
            "omnitrix:blink8"
          ]
        }
      },
        
      "omnitrix:next_blink8": {
        "remove": {},
        "add": {
          "component_groups": [
            "omnitrix:blink9"
          ]
        }
      },
      
      "minecraft:entity_spawned": {
        "remove": {},
        "add": {
          "component_groups": [
            "omnitrix:start_timer",
            "attacks_monsters"
          ]
        }
      },
      
      "invisibility_chance": {
      "randomize": [
      {
        "weight": 50,
        "remove": {},
        "add": {}
      },
      {
        "weight": 50,
        "add": {
          "component_groups": [
            "invisible"
          ]
        }
      }
    ]
  },
        
      "remove_invisibility": {
        "remove": {
          "component_groups": [
            "invisible"
          ]
        },
        "add": {
          "component_groups": [
            "not_invisible"
          ]
        }
      },

      "minecraft:entity_transformed": {
        "remove": {},
        "add": {
          "component_groups": [
            "omnitrix:start_timer",
            "attacks_monsters",
			"is_transformed"
          ]
        }
      },
      
      "minecraft:return_to_ben10": {
        "remove": {},
        "add": {
          "component_groups": [
            "minecraft:return_to_ben10"
          ]
        }
      }
    }
  }
}
