{
  "format_version": "1.13.0",
  "minecraft:entity": {
    "description": {
      "identifier": "ben10:stinkfly",
      "is_spawnable": true,
      "is_summonable": true,
      "is_experimental": false,
      "scripts": {
        "animate": [
		  "flying_sound",
		  "omni_low",
		  "alien_fatal"
        ]
      },
      "animations": {
	    "flying_sound": "controller.animation.stinkfly.flying_sound",
	    "omni_low": "controller.animation.b10Alien",
		"alien_fatal": "controller.animation.npcben.alien_fatal"
      }
    },
  
    "component_groups": {
	"is_transformed": {
	    "minecraft:is_sheared": {}
	  },
      "omnitrix:blink1": {
        "minecraft:is_stunned": {},
        "minecraft:variant": {
          "value": 1
        },
        "minecraft:timer": {
          "time": 0.1,
          "looping": false,
          "time_down_event": {
            "event": "omnitrix:next_blink1",
            "target": "self"
           }
         }
       },
       
      "omnitrix:blink2": {
        "minecraft:variant": {
          "value": 0
        },
        "minecraft:timer": {
          "time": 0.1,
          "looping": false,
          "time_down_event": {
            "event": "omnitrix:next_blink2",
            "target": "self"
           }
         }
       },
       
      "omnitrix:blink3": {
        "minecraft:variant": {
          "value": 1
        },
        "minecraft:timer": {
          "time": 0.1,
          "looping": false,
          "time_down_event": {
            "event": "omnitrix:next_blink3",
            "target": "self"
           }
         }
       },
       
      "omnitrix:blink4": {
        "minecraft:variant": {
          "value": 0
        },
        "minecraft:timer": {
          "time": 0.1,
          "looping": false,
          "time_down_event": {
            "event": "omnitrix:next_blink4",
            "target": "self"
           }
         }
       },
       
      "omnitrix:blink5": {
        "minecraft:variant": {
          "value": 1
        },
        "minecraft:timer": {
          "time": 0.1,
          "looping": false,
          "time_down_event": {
            "event": "omnitrix:next_blink5",
            "target": "self"
           }
         }
       },
       
      "omnitrix:blink6": {
        "minecraft:variant": {
          "value": 0
        },
        "minecraft:timer": {
          "time": 0.1,
          "looping": false,
          "time_down_event": {
            "event": "omnitrix:next_blink6",
            "target": "self"
           }
         }
       },
       
      "omnitrix:blink7": {
        "minecraft:variant": {
          "value": 1
        },
        "minecraft:timer": {
          "time": 0.1,
          "looping": false,
          "time_down_event": {
            "event": "omnitrix:next_blink7",
            "target": "self"
           }
         }
       },
       
      "omnitrix:blink8": {
        "minecraft:variant": {
          "value": 0
        },
        "minecraft:timer": {
          "time": 0.1,
          "looping": false,
          "time_down_event": {
            "event": "omnitrix:next_blink8",
            "target": "self"
           }
         }
       },
       
      "omnitrix:blink9": {
        "minecraft:variant": {
          "value": 1
        },
        "minecraft:timer": {
          "time": 0.4,
          "looping": false,
          "time_down_event": {
            "event": "minecraft:return_to_ben10",
            "target": "self"
           }
         }
       },
       
     "attacks_monsters": {
      "minecraft:behavior.nearest_attackable_target": {
          "priority": 1,
          "reselect_targets": true,
          "entity_types": [
            {
             "filters": {
              "all_of": [
                {
                  "test": "is_family",
                  "subject": "other",
                  "value": "monster"
                },
				{
				  "test": "has_component",
                  "subject": "self",
				  "operator": "!=",
                  "value": "minecraft:is_stunned"
				}
              ]
            },
              "max_dist": 50
            }
          ],
          "must_see": false,
          "must_reach": false
        }
      },
      
      "minecraft:return_to_ben10": {
        "minecraft:transformation": {
        "into": "ben10:ben10"
      }
    },
    
      "shooting_state": {
        "minecraft:shooter": {
          "type": "Snowball",
          "def": "st:stink_bullet"
        },
        "minecraft:behavior.ranged_attack": {
          "attack_interval_min": 1.0,
          "attack_interval_max": 3.0,
          "attack_radius": 100,
          "burst_shots": 8,
          "burst_interval": 0.0,
          "charge_charged_trigger": 0.0,
          "charge_shoot_trigger": 1.0
        }
      },
    
    "melee_attacking": {
      "minecraft:attack": {
        "damage": {
          "range_min": 8,
          "range_max": 15
        }
      },
      "minecraft:behavior.melee_attack": {
        "priority": 2,
        "speed_multiplier": 1.1,
        "track_target": false
      }
    },
    
      "detecting_target": {
        "minecraft:target_nearby_sensor": {
          "inside_range": 5.0,
          "outside_range": 6.0,
          "on_inside_range": {
            "event": "melee_attacking",
              "target": "self"
            },
            "on_outside_range": {
              "event": "shooting_state",
              "target": "self"
            }
          }
        },
      
      "omnitrix:start_timer": {     
        "minecraft:timer": {
          "time": 200,
          "looping": false,
          "time_down_event": {
            "event": "omnitrix:start_blinking",
            "target": "self"
           }
         }
       }
     },

    "components": {
      "minecraft:breathable": {
        "total_supply": 15,
        "suffocate_time": 0
      },
      "minecraft:nameable": {
      },
      "minecraft:health": {
        "value": 100,
        "max": 100
      },
      "minecraft:collision_box": {
        "width": 1.25,
        "height": 3.63
      },
      "minecraft:scale": {
        "value": 0.85
      },
      "minecraft:loot": {
        "table": "loot_tables/entities/empty.json"
      },
      "minecraft:type_family": {
        "family": [ "alien", "stinkfly", "ben10"]
      },
        "minecraft:area_attack": {
          "damage_range": 1.0,
          "damage_per_tick": 1,
          "cause": "contact",
          "entity_filter": {
            "any_of": [
            {
              "test": "is_family",
              "subject": "other",
              "value": "vilgax_touches"
            }
          ]
        }
      },
      "minecraft:damage_sensor": {
        "triggers": [
        {
          "on_damage": {
            "filters": {
              "any_of": [
              {
                "test": "has_damage",
                "subject": "self",
                "value": "fall"
              },
              {
                "test": "is_family",
                "subject": "other",
                "value": "stinkfly"
              }
            ]
          }
        },
        "deals_damage": false
      },
        {
          "on_damage": {
            "filters": {
              "any_of": [
              {
                "test": "has_damage",
                "subject": "self",
                "value": "fatal"
              }
            ]
          },
          "event": "minecraft:return_to_ben10"
        },
        "deals_damage": false
      },
      {
          "on_damage": {
            "filters": {
              "all_of": [
              {
                "test": "is_family",
                "subject": "other",
                "value": "vilgax_touches"
              },
              {
                "test": "has_damage",
                "subject": "self",
                "value": "contact"
              }
            ]
          },
          "event": "minecraft:return_to_ben10"
        },
        "deals_damage": false
      }
    ]
  },
        "minecraft:movement": {
          "value": 0.3
        },
        "minecraft:flying_speed": {
          "value": 0.23
        },
      "minecraft:navigation.hover": {
        "can_path_over_water": true,
        "can_sink": false,
        "can_path_from_air": true,
        "avoid_water": false,
        "avoid_damage_blocks": true,
        "avoid_sun": false
      },
        "minecraft:movement.hover": {},
        "minecraft:can_fly": {},
        "minecraft:behavior.random_hover": {
          "priority": 11,
          "xz_dist": 15,
          "y_dist": 15,
          "y_offset": -1,
          "interval": 5,
          "hover_height": [1, 4]
        },
		"minecraft:behavior.avoid_mob_type": {
          "priority": 6,
          "entity_types": [
            {
              "filters": {
                "any_of": [
                {
                  "test": "is_family",
                  "subject": "other",
                  "value": "dh_spike"
                },
				{
                  "test": "is_family",
                  "subject": "other",
                  "value": "tentacle_vines"
                },
                {
                  "test": "is_family",
                  "subject": "other",
                  "value": "magic_spike"
                },
				{
                  "test": "is_family",
                  "subject": "other",
                  "value": "corrodium"
                },
				{
				  "all_of": [
				  {
				    "test": "has_component",
                    "subject": "self",
                    "value": "minecraft:is_stunned"
				  },
				  {
                    "test": "is_family",
                    "subject": "other",
                    "value": "monster"
                  }
				]
              }
            ]
          },
          "max_dist": 15,
          "walk_speed_multiplier": 1,
          "sprint_speed_multiplier": 1.53
        }
      ]
    },  
         "minecraft:behavior.random_look_around": {
        "priority": 7
      },
      "minecraft:behavior.hurt_by_target": {
        "priority": 2,
        "entity_types": [
          {
            "filters": {
			  "all_of": [
			  {
                "test": "is_family",
                "subject": "other",
				"operator": "!=",
                "value": "ben10"
              },
			  {
                "test": "is_family",
                "subject": "other",
				"operator": "!=",
                "value": "gwen"
              },
			  {
                "test": "is_family",
                "subject": "other",
				"operator": "!=",
                "value": "uncle_max"
              },
			  {
                "test": "is_family",
                "subject": "other",
				"operator": "!=",
                "value": "rb"
              },
			  {
                "test": "is_family",
                "subject": "other",
				"operator": "!=",
                "value": "corrodium"
              },
			  {
			    "test": "has_component",
                "subject": "self",
				"operator": "!=",
                "value": "minecraft:is_stunned"
			  }
		    ]
          }
        }
      ]
    },
      "minecraft:behavior.look_at_player": {
        "priority": 7,
        "look_distance": 6,
        "probability": 0.02
      },
      "minecraft:physics": {
      },
      "minecraft:pushable": {
        "is_pushable": true,
        "is_pushable_by_piston": true
      }
    },
    
    "events": {
      "omnitrix:start_blinking": {
        "remove": {},
        "add": {
          "component_groups": [
            "omnitrix:blink1"
          ]
        }
      },
        
      "omnitrix:next_blink1": {
        "remove": {},
        "add": {
          "component_groups": [
            "omnitrix:blink2"
          ]
        }
      },
   
      "omnitrix:next_blink2": {
        "remove": {},
        "add": {
          "component_groups": [
            "omnitrix:blink3"
          ]
        }
      },
      
      "omnitrix:next_blink3": {
        "remove": {},
        "add": {
          "component_groups": [
            "omnitrix:blink4"
          ]
        }
      },
      
      "omnitrix:next_blink4": {
        "remove": {},
        "add": {
          "component_groups": [
            "omnitrix:blink5"
          ]
        }
      },
   
      "omnitrix:next_blink5": {
        "remove": {},
        "add": {
          "component_groups": [
            "omnitrix:blink6"
          ]
        }
      },
        
      "omnitrix:next_blink6": {
        "remove": {},
        "add": {
          "component_groups": [
            "omnitrix:blink7"
          ]
        }
      },
   
      "omnitrix:next_blink7": {
        "remove": {},
        "add": {
          "component_groups": [
            "omnitrix:blink8"
          ]
        }
      },
        
      "omnitrix:next_blink8": {
        "remove": {},
        "add": {
          "component_groups": [
            "omnitrix:blink9"
          ]
        }
      },
      
      "minecraft:entity_spawned": {
        "remove": {},
        "add": {
          "component_groups": [
            "omnitrix:start_timer",
            "attacks_monsters",
            "detecting_target"
          ]
        }
      },

      "minecraft:entity_transformed": {
        "remove": {},
        "add": {
          "component_groups": [
            "omnitrix:start_timer",
            "attacks_monsters",
            "detecting_target",
			"is_transformed"
          ]
        }
      },
        
      "melee_attacking": {
        "remove": {
          "component_groups": [
            "shooting_state"
          ]
        },
        "add": {
          "component_groups": [
            "melee_attacking"
          ]
        }
      },    
      
      "shooting_state": {
        "remove": {
          "component_groups": [
            "melee_attacking"
          ]
        },
        "add": {
          "component_groups": [
            "shooting_state"
          ]
        }
      },    
                          
      "minecraft:return_to_ben10": {
        "remove": {},
        "add": {
          "component_groups": [
            "minecraft:return_to_ben10"
          ]
        }
      }
    }
  }
}