{
  "format_version": "1.13.0",
  "minecraft:entity": {
    "description": {
      "identifier": "ben10:way_big",
      "is_spawnable": true,
      "is_summonable": true,
      "is_experimental": false,
      "scripts": {
        "animate": [
		  "omni_low",
		  "alien_fatal",
		  "camerashake",
		  "sounds"
        ]
      },
      "animations": {
	    "omni_low": "controller.animation.b10Alien",
		"alien_fatal": "controller.animation.npcben.alien_fatal",
		"camerashake": "controller.animation.way_big.camerashake",
		"sounds": "controller.animation.way_big.sounds"
      }
    },
  
    "component_groups": {
	  "is_transformed": {
	    "minecraft:is_sheared": {}
	  },
      "omnitrix:blink1": {
        "minecraft:is_stunned": {},
        "minecraft:variant": {
          "value": 1
        },
        "minecraft:timer": {
          "time": 0.1,
          "looping": false,
          "time_down_event": {
            "event": "omnitrix:next_blink1",
            "target": "self"
           }
         }
       },
       
      "omnitrix:blink2": {
        "minecraft:variant": {
          "value": 0
        },
        "minecraft:timer": {
          "time": 0.1,
          "looping": false,
          "time_down_event": {
            "event": "omnitrix:next_blink2",
            "target": "self"
           }
         }
       },
       
      "omnitrix:blink3": {
        "minecraft:variant": {
          "value": 1
        },
        "minecraft:timer": {
          "time": 0.1,
          "looping": false,
          "time_down_event": {
            "event": "omnitrix:next_blink3",
            "target": "self"
           }
         }
       },
       
      "omnitrix:blink4": {
        "minecraft:variant": {
          "value": 0
        },
        "minecraft:timer": {
          "time": 0.1,
          "looping": false,
          "time_down_event": {
            "event": "omnitrix:next_blink4",
            "target": "self"
           }
         }
       },
       
      "omnitrix:blink5": {
        "minecraft:variant": {
          "value": 1
        },
        "minecraft:timer": {
          "time": 0.1,
          "looping": false,
          "time_down_event": {
            "event": "omnitrix:next_blink5",
            "target": "self"
           }
         }
       },
       
      "omnitrix:blink6": {
        "minecraft:variant": {
          "value": 0
        },
        "minecraft:timer": {
          "time": 0.1,
          "looping": false,
          "time_down_event": {
            "event": "omnitrix:next_blink6",
            "target": "self"
           }
         }
       },
       
      "omnitrix:blink7": {
        "minecraft:variant": {
          "value": 1
        },
        "minecraft:timer": {
          "time": 0.1,
          "looping": false,
          "time_down_event": {
            "event": "omnitrix:next_blink7",
            "target": "self"
           }
         }
       },
       
      "omnitrix:blink8": {
        "minecraft:variant": {
          "value": 0
        },
        "minecraft:timer": {
          "time": 0.1,
          "looping": false,
          "time_down_event": {
            "event": "omnitrix:next_blink8",
            "target": "self"
           }
         }
       },
       
      "omnitrix:blink9": {
        "minecraft:variant": {
          "value": 1
        },
        "minecraft:timer": {
          "time": 0.4,
          "looping": false,
          "time_down_event": {
            "event": "minecraft:return_to_ben10",
            "target": "self"
           }
         }
       },
	   
	   "detects_target": {
	     "minecraft:target_nearby_sensor": {
          "inside_range": 8.0,
          "outside_range": 20.0,
          "on_inside_range": {
            "event": "ground_smash",
              "target": "self"
            },
            "on_outside_range": {
              "event": "beam",
              "target": "self"
            }
          }
	   },
       
     "attacks_monsters": {
      "minecraft:behavior.nearest_attackable_target": {
          "priority": 1,
          "reselect_targets": true,
          "entity_types": [
            {
             "filters": {
              "all_of": [
                {
                  "test": "is_family",
                  "subject": "other",
                  "value": "monster"
                },
				{
				  "test": "has_component",
                  "subject": "self",
				  "operator": "!=",
                  "value": "minecraft:is_stunned"
				}
              ]
            },
              "max_dist": 100
            }
          ],
          "must_see": false,
          "must_reach": false
        }
      },
	  
	  "ground_smash": {
	    "minecraft:behavior.summon_entity": {
          "summon_choices": [
            {
              "weight": 1,
              "cooldown_time": 1.0,
              "cast_duration": 1,
              "particle_color": "#00F2FF",
              "start_sound_event": "plop",
              "sequence": [
                {
                  "shape": "circle",
                  "target": "self",
                  "base_delay": 0.0,
                  "delay_per_summon": 0.0,
                  "num_entities_spawned": 1,
                  "entity_type": "way_big:knockback",
                  "entity_lifespan": -1,
                  "size": 2.0,
                  "sound_event": "ambient"
                }
              ]
            }
          ]
        }
	  },
	  
	  "ground_smash2": {
	    "minecraft:is_stackable": {},
	    "minecraft:behavior.summon_entity": {
          "summon_choices": [
            {
              "weight": 1,
              "cooldown_time": 1.0,
              "cast_duration": 1,
              "particle_color": "#00F2FF",
              "start_sound_event": "plop",
              "sequence": [
                {
                  "shape": "circle",
                  "target": "self",
                  "base_delay": 0.0,
                  "delay_per_summon": 0.0,
                  "num_entities_spawned": 1,
                  "entity_type": "way_big:knockback2",
                  "entity_lifespan": -1,
                  "size": 2.0,
                  "sound_event": "ambient"
                }
              ]
            }
          ]
        }
	  },
	  
	  "cosmic_ray": {
	    "minecraft:is_charged": {},
		"minecraft:shooter": {
          "type": "Arrow",
          "def": "ray:cosmic_ray"
        },
        "minecraft:behavior.ranged_attack": {
          "attack_interval_min": 1.0,
          "attack_interval_max": 2.0,
          "attack_radius": 32,
          "burst_shots": 5,
          "burst_interval": 0.0,
          "charge_charged_trigger": 1.0,
          "charge_shoot_trigger": 1.0
        },
		"minecraft:behavior.knockback_roar": {
            "priority": 1,
            "duration": 2,
            "attack_time": 0,
            "knockback_damage": 0,
            "knockback_strength": 0,
            "knockback_range": 0,
            "knockback_filters": {
            },
            "damage_filters": {
            },
            "on_roar_end": {
              "event": "remove_cosmic_ray"
            },
            "cooldown_time": 600.1
          }
	    },
      
      "minecraft:return_to_ben10": {
        "minecraft:transformation": {
        "into": "ben10:ben10"
      }
    },
      
      "omnitrix:start_timer": {     
        "minecraft:timer": {
          "time": 200,
          "looping": false,
          "time_down_event": {
            "event": "omnitrix:start_blinking",
            "target": "self"
           }
         }
       }
     },

    "components": {
      "minecraft:nameable": {
      },
      
	  "minecraft:fire_immune": true,
      "minecraft:type_family": {
        "family": [ "alien", "way_big", "ben10"]
      },
      "minecraft:collision_box": {
        "width": 2.5,
        "height": 15.0
      },
      "minecraft:movement.basic": {
      },
      "minecraft:navigation.walk": {
        "is_amphibious": true,
        "can_pass_doors": false,
        "can_walk": true,
        "can_break_doors": false
      },
      "minecraft:jump.static": {
      },
      "minecraft:can_climb": {
      },
      "minecraft:health": {
        "value": 300,
        "max": 300
      },
      "minecraft:movement": {
        "value": 0.4
      },
      "minecraft:scale": {
        "value": 1.8
      },
	  "minecraft:knockback_resistance": {
	    "value": 100.0
	  },
      
      "minecraft:hurt_on_condition": {
        "damage_conditions": [
          {
            "filters": { "test": "in_lava", "subject": "self", "operator": "==", "value": true },
            "cause": "lava",
            "damage_per_tick": 4
          }
        ]
      },
      "minecraft:damage_sensor": {
        "triggers": [
        {
          "on_damage": {
            "filters": {
              "any_of": [
              {
                "test": "has_damage",
                "subject": "self",
                "value": "fatal"
              }
            ]
          },
          "event": "minecraft:return_to_ben10"
        },
        "deals_damage": false
      },
	  {
          "on_damage": {
            "filters": {
              "any_of": [
              {
                "test": "has_damage",
                "subject": "self",
                "value": "fall"
              },
			  {
                "test": "is_family",
                "subject": "other",
                "value": "way_big"
              }
            ]
          }
        },
        "deals_damage": false
      }
    ]
  },
      "minecraft:breathable": {
        "total_supply": 15,
        "suffocate_time": 0,
        "breathes_air": true,
        "breathes_water": false
      },
      "minecraft:attack": {
        "damage": {
          "range_min": 15,
          "range_max": 30
        }
      },
      "minecraft:loot": {
        "table": "loot_tables/entities/empty.json"
      },
	  "minecraft:follow_range": {
	    "value": 100,
		"max": 100
	  },
	  "minecraft:behavior.avoid_mob_type": {
          "priority": 6,
          "entity_types": [
            {
              "filters": {
                "any_of": [
                {
                  "test": "is_family",
                  "subject": "other",
                  "value": "dh_spike"
                },
				{
                  "test": "is_family",
                  "subject": "other",
                  "value": "tentacle_vines"
                },
                {
                  "test": "is_family",
                  "subject": "other",
                  "value": "magic_spike"
                },
				{
                  "test": "is_family",
                  "subject": "other",
                  "value": "corrodium"
                },
				{
				  "all_of": [
				  {
				    "test": "has_component",
                    "subject": "self",
                    "value": "minecraft:is_stunned"
				  },
				  {
                    "test": "is_family",
                    "subject": "other",
                    "value": "monster"
                  }
				]
              }
            ]
          },
          "max_dist": 15,
          "walk_speed_multiplier": 1,
          "sprint_speed_multiplier": 1.53
        }
      ]
    },  
      "minecraft:behavior.float": {
        "priority": 0
      },
      "minecraft:behavior.melee_attack": {
        "priority": 3,
        "reach_multiplier": 1.1,
        "speed_multiplier": 1.5
      },
      "minecraft:behavior.move_towards_restriction": {
        "priority": 10,
        "speed_multiplier": 1.5
      },
      "minecraft:behavior.random_stroll": {
        "priority": 12,
        "speed_multiplier": 1.5,
		"xz_dist": 50,
		"y_dist": 5
      },
      "minecraft:behavior.look_at_player": {
        "priority": 7,
        "look_distance": 100,
        "probability": 0.02
      },
      "minecraft:behavior.random_look_around": {
        "priority": 7
      },
      "minecraft:behavior.hurt_by_target": {
        "priority": 2,
        "entity_types": [
          {
            "filters": {
			  "all_of": [
			  {
                "test": "is_family",
                "subject": "other",
				"operator": "!=",
                "value": "ben10"
              },
			  {
                "test": "is_family",
                "subject": "other",
				"operator": "!=",
                "value": "gwen"
              },
			  {
                "test": "is_family",
                "subject": "other",
				"operator": "!=",
                "value": "uncle_max"
              },
			  {
                "test": "is_family",
                "subject": "other",
				"operator": "!=",
                "value": "rb"
              },
			  {
                "test": "is_family",
                "subject": "other",
				"operator": "!=",
                "value": "corrodium"
              },
			  {
			    "test": "has_component",
                "subject": "self",
				"operator": "!=",
                "value": "minecraft:is_stunned"
			  }
		    ]
          }
        }
      ]
    },
      "minecraft:physics": {
      },
      "minecraft:pushable": {
        "is_pushable": true,
        "is_pushable_by_piston": true
      }
    },

    "events": {
      "omnitrix:start_blinking": {
        "remove": {},
        "add": {
          "component_groups": [
            "omnitrix:blink1"
          ]
        }
      },
        
      "omnitrix:next_blink1": {
        "remove": {},
        "add": {
          "component_groups": [
            "omnitrix:blink2"
          ]
        }
      },
   
      "omnitrix:next_blink2": {
        "remove": {},
        "add": {
          "component_groups": [
            "omnitrix:blink3"
          ]
        }
      },
      
      "omnitrix:next_blink3": {
        "remove": {},
        "add": {
          "component_groups": [
            "omnitrix:blink4"
          ]
        }
      },
      
      "omnitrix:next_blink4": {
        "remove": {},
        "add": {
          "component_groups": [
            "omnitrix:blink5"
          ]
        }
      },
   
      "omnitrix:next_blink5": {
        "remove": {},
        "add": {
          "component_groups": [
            "omnitrix:blink6"
          ]
        }
      },
        
      "omnitrix:next_blink6": {
        "remove": {},
        "add": {
          "component_groups": [
            "omnitrix:blink7"
          ]
        }
      },
   
      "omnitrix:next_blink7": {
        "remove": {},
        "add": {
          "component_groups": [
            "omnitrix:blink8"
          ]
        }
      },
        
      "omnitrix:next_blink8": {
        "remove": {},
        "add": {
          "component_groups": [
            "omnitrix:blink9"
          ]
        }
      },
      
      "minecraft:entity_spawned": {
        "remove": {},
        "add": {
          "component_groups": [
            "omnitrix:start_timer",
            "attacks_monsters",
			"detects_target"
          ]
        }
      },

      "minecraft:entity_transformed": {
        "remove": {},
        "add": {
          "component_groups": [
            "omnitrix:start_timer",
            "attacks_monsters",
			"is_transformed",
			"detects_target"
          ]
        }
      },
	  
	  "ground_smash": {
	    "randomize": [
		  {
		    "weight": 50,
			"remove": {
			  "component_groups": [
			    "ground_smash2",
				"cosmic_ray"
			  ]
			},
			"add": {
			  "component_groups": [
			    "ground_smash"
			  ]
			}
		  },
		  {
		    "weight": 15,
			"remove": {
			  "component_groups": [
			    "ground_smash",
				"cosmic_ray"
			  ]
			},
			"add": {
			  "component_groups": [
			    "ground_smash2"
			  ]
			}
		  },
		  {
		    "weight": 35,
			"remove": {},
			"add": {}
		  }
		]
	  },
	  
	  "beam": {
	    "randomize": [
		  {
		    "weight": 70,
			"remove": {
			  "component_groups": [
			    "ground_smash",
				"ground_smash2",
				"cosmic_ray"
			  ]
			},
			"add": {}
		  },
		  {
		    "weight": 30,
			"remove": {
			  "component_groups": [
			    "ground_smash",
				"ground_smash2"
			  ]
			},
			"add": {
			  "component_groups": [
			    "cosmic_ray"
			  ]
			}
		  }
		]
	  },
	  
	  "remove_ground_smash": {
	    "remove": {
		  "component_groups": [
		    "ground_smash"
		  ]
		}
	  },
	  
	  "remove_cosmic_ray": {
	    "remove": {
		  "component_groups": [
		    "cosmic_ray"
		  ]
		}
	  },
      
      "minecraft:return_to_ben10": {
        "remove": {},
        "add": {
          "component_groups": [
            "minecraft:return_to_ben10"
          ]
        }
      }
    }
  }
}
