{
  "format_version": "1.10.0",
  "minecraft:client_entity": {
    "description": {
      "identifier": "ben10:benmummy",
      "materials": {
        "default": "enderman",
        "invisible": "enderman_invisible"
      },
      "textures": {
        "default": "textures/entity/ben10_aliens/benmummy/benmummy",
        "omnitrix_low": "textures/entity/ben10_aliens/benmummy/benmummy_omnitrix_low"
      },
      "geometry": {
        "default": "geometry.benmummy"
      },
      "animations": {
        "moving": "animation.benmummy.walking",
        "benmummy_general": "animation.benmummy.general",
        "look_at_target": "animation.common.look_at_target",
        "attacking1": "animation.benmummy.attacking1",
		"attacking2": "animation.benmummy.attacking2",
		"attacking3": "animation.benmummy.attacking3",
		"mummy_jumping": "animation.benmummy.jumping",

        "move": "controller.animation.benmummy.move",
        "general": "controller.animation.benmummy.general",
        "attack": "controller.animation.benmummy.attack",
		"jumping": "controller.animation.benmummy.jumping",
		"transpar": "controller.animation.benmummy_transpar"
      },
      "scripts": {
        "animate": [
		{
          "move": "query.is_on_ground"
		},
		  "general", "attack", 
		{
		  "jumping": "query.has_target"
		},
		  "transpar"
        ],
        "pre_animation": [
          "variable.attack = Math.sin(variable.attack_time * 30.0);",
		  "variable.random = math.round(math.random(0,2));"
        ]
      },
	  "particle_effects": {
        "transpar": "transpar:trans_par"
      },
      "render_controllers": [
        "controller.render.benmummy"
      ],
      "spawn_egg": {
        "texture": "benmummy",
        "texture_index": 26
      }
    }
  }
}