{
  "format_version": "1.10.0",
  "minecraft:client_entity": {
    "description": {
      "identifier": "ben10:benwolf",
      "materials": {
        "default": "enderman",
        "invisible": "enderman_invisible"
      },
      "textures": {
        "default": "textures/entity/ben10_aliens/benwolf/benwolf",
        "omnitrix_low": "textures/entity/ben10_aliens/benwolf/benwolf_omnitrix_low"
      },
      "geometry": {
        "default": "geometry.benwolf"
      },
      "animations": {
        "moving": "animation.benwolf.walking",
		"running_attack": "animation.benwolf.running_attack",
		"jumping": "animation.benwolf.jumping",
        "benwolf_general": "animation.benwolf.general",
        "look_at_target": "animation.common.look_at_target",
        "attacking1": "animation.benwolf.attacking1",
		"attacking2": "animation.benwolf.attacking2",
		"attacking3": "animation.benwolf.attacking3",
		"benwolf_sonic_howl": "animation.benwolf.sonic_howl",
		"sonic_howl_general": "animation.benwolf.sonic_howl.general",

        "move": "controller.animation.benwolf.move",
		"run_attack": "controller.animation.benwolf.run_attack",
		"jump": "controller.animation.benwolf.jump",
        "general": "controller.animation.benwolf.general",
        "attack": "controller.animation.benwolf.attack",
		"sonic_howl": "controller.animation.benwolf.sonic_howl",
		"transpar": "controller.animation.benwolf_transpar"
      },
      "scripts": {
        "animate": [
		  {
            "move": "!query.is_stalking && query.is_on_ground"
		  },
		  {
		    "run_attack": "query.is_stalking && query.is_on_ground"
		  },
		  {
		    "jump": "query.has_target"
		  },
		    "general", "attack", "sonic_howl", "transpar"
        ],
        "pre_animation": [
          "variable.attack = Math.sin(variable.attack_time * 30.0);",
		  "variable.random = math.round(math.random(0,2));"
        ]
      },
	  "particle_effects": {
        "transpar": "transpar:trans_par"
      },
      "render_controllers": [
        "controller.render.benwolf"
      ],
      "spawn_egg": {
        "texture": "benwolf",
        "texture_index": 29
      }
    }
  }
}