{
  "format_version": "1.10.0",
  "minecraft:client_entity": {
    "description": {
      "identifier": "ben10:diamondhead",
      "materials": {
        "default": "diamondhead"
      },
      "textures": {
        "default": "textures/entity/ben10_aliens/diamondhead/diamondhead",
        "omnitrix_low": "textures/entity/ben10_aliens/diamondhead/diamondhead_omnitrix_low"
      },
      "geometry": {
        "default": "geometry.diamondhead"
      },
      "animations": {
        "moving": "animation.diamondhead.walking",
        "diamondhead_general": "animation.diamondhead.general",
        "look_at_target": "animation.common.look_at_target",
        "attacking": "animation.diamondhead.attacking",
        "summoning": "animation.diamondhead.summoning",
        "shooting": "animation.diamondhead.shooting",
        "bulletA_no": "animation.diamondhead.bulletArm_no",
        "bulletA_yes": "animation.diamondhead.bulletArm_yes",
        "dBlade_invisible": "animation.diamondhead.dBlade_invisible",

        "move": "controller.animation.diamondhead.move",
        "general": "controller.animation.diamondhead.general",
        "attack": "controller.animation.diamondhead.attack",
        "summon": "controller.animation.diamondhead.summon",
        "shoot": "controller.animation.diamondhead.shoot",
        "d_blade": "controller.animation.diamondhead.d_blade",
		"transpar": "controller.animation.diamondhead_transpar"
      },
      "scripts": {
        "animate": [
          "move", "general", "attack", "summon", "shoot", "d_blade", "transpar"
        ],
        "pre_animation": [
          "variable.attack = Math.sin(variable.attack_time * 30.0);"
        ]
      },
	  "particle_effects": {
        "transpar": "transpar:trans_par"
      },
      "render_controllers": [
        "controller.render.diamondhead"
      ],
       "spawn_egg": {
        "texture": "diamondhead",
        "texture_index": 7
      }
    }
  }
}