{
  "format_version": "1.10.0",
  "minecraft:client_entity": {
    "description": {
      "identifier": "ben10:eye_guy",
      "materials": {
        "default": "enderman",
        "invisible": "enderman_invisible"
      },
      "textures": {
        "default": "textures/entity/ben10_aliens/eye_guy/eye_guy",
        "omnitrix_low": "textures/entity/ben10_aliens/eye_guy/eye_guy_omnitrix_low"
      },
      "geometry": {
        "default": "geometry.eye_guy"
      },
      "animations": {
        "moving": "animation.eye_guy.walking",
        "eye_guy_general": "animation.eye_guy.general",
		"eye_guy_blink1": "animation.eye_guy.eyeblink1",
		"eye_guy_blink2": "animation.eye_guy.eyeblink2",
		"eye_guy_blink3": "animation.eye_guy.eyeblink3",
		"eye_guy_blink4": "animation.eye_guy.eyeblink4",
		"eye_guy_blink5": "animation.eye_guy.eyeblink5",
		"eye_guy_blink6": "animation.eye_guy.eyeblink6",
		"eye_guy_blink7": "animation.eye_guy.eyeblink7",
		"eye_guy_blink8": "animation.eye_guy.eyeblink8",
		"eye_guy_blink9": "animation.eye_guy.eyeblink9",
		"eye_guy_blink10": "animation.eye_guy.eyeblink10",
		"eye_guy_blink11": "animation.eye_guy.eyeblink11",
		"eye_guy_blink12": "animation.eye_guy.eyeblink12",
		"eye_guy_blink13": "animation.eye_guy.eyeblink13",
		"eye_guy_blink14": "animation.eye_guy.eyeblink14",
		"eye_guy_blink15": "animation.eye_guy.eyeblink15",
		"eye_guy_blink16": "animation.eye_guy.eyeblink16",
		"eye_guy_blink17": "animation.eye_guy.eyeblink17",
		"eye_guy_blink18": "animation.eye_guy.eyeblink18",
		"eye_guy_blink19": "animation.eye_guy.eyeblink19",
        "look_at_target": "animation.common.look_at_target",
        "attacking1": "animation.eye_guy.attacking1",
		"attacking2": "animation.eye_guy.attacking2",
		"attacking3": "animation.eye_guy.attacking3",
		"no_energy_beam": "animation.eye_guy.no_energy_beam",
		"shoot_energy_beam": "animation.eye_guy.energy_beam",
		"no_small_beam": "animation.eye_guy.no_small_beams",
		"shoot_small_beam": "animation.eye_guy.small_beams",

        "move": "controller.animation.eye_guy.move",
        "general": "controller.animation.eye_guy.general",
        "attack": "controller.animation.eye_guy.attack",
		"energy_beam": "controller.animation.eye_guy.energy_beam",
		"energy_beam_big": "controller.animation.eye_guy.energy_beam_big",
		"transpar": "controller.animation.eye_guy_transpar"
      },
      "scripts": {
        "animate": [
          "move", "general", "attack", "energy_beam", "energy_beam_big", "transpar"
        ],
        "pre_animation": [
          "variable.attack = Math.sin(variable.attack_time * 30.0);",
		  "variable.random = math.round(math.random(0,2));"
        ]
      },
	  "particle_effects": {
        "transpar": "transpar:trans_par"
      },
      "render_controllers": [
        "controller.render.eye_guy"
      ],
      "spawn_egg": {
        "texture": "eye_guy",
        "texture_index": 24
      }
    }
  }
}