{
  "format_version": "1.10.0",
  "minecraft:client_entity": {
    "description": {
      "identifier": "ben10:four_arms",
      "materials": {
        "default": "four_arms"
      },
      "textures": {
        "default": "textures/entity/ben10_aliens/four_arms/four_arms",
        "omnitrix_low": "textures/entity/ben10_aliens/four_arms/four_arms_omnitrix_low"
      },
      "geometry": {
        "default": "geometry.four_arms"
      },
      "animations": {
        "moving": "animation.four_arms.walking",
        "four_arms_general": "animation.four_arms.general",
        "look_at_target": "animation.common.look_at_target",
        "attacking1": "animation.four_arms.attacking1",
		"attacking2": "animation.four_arms.attacking2",
		"attacking3": "animation.four_arms.attacking3",
		"sonic_clapping": "animation.four_arms.sonic_clap",
		"jumping": "animation.four_arms.jump",

        "move": "controller.animation.four_arms.move",
        "general": "controller.animation.four_arms.general",
        "attack": "controller.animation.four_arms.attack",
		"sonic_clap": "controller.animation.four_arms.sonic_clap",
		"jump": "controller.animation.four_arms.jump",
		"transpar": "controller.animation.four_arms_transpar"
      },
      "scripts": {
        "animate": [
          {"move": "query.is_on_ground"}, "general", "attack", "sonic_clap", "jump", "transpar"
        ],
        "pre_animation": [
          "variable.attack = Math.sin(variable.attack_time * 30.0);",
		  "variable.random = math.round(math.random(0,2));"
        ]
      },
	  "particle_effects": {
        "transpar": "transpar:trans_par"
      },
      "render_controllers": [
        "controller.render.four_arms"
      ],
      "spawn_egg": {
        "texture": "four_arms",
        "texture_index": 3
      }
    }
  }
}