{
  "format_version": "1.10.0",
  "minecraft:client_entity": {
    "description": {
      "identifier": "ben10:stinkfly",
      "materials": {
        "default": "npc"
      },
      "textures": {
        "default": "textures/entity/ben10_aliens/stinkfly/stinkfly",
        "omnitrix_low": "textures/entity/ben10_aliens/stinkfly/stinkfly_omnitrix_low"
      },
      "geometry": {
        "default": "geometry.stinkfly"
      },
      "animations": {
        "stinkfly_general": "animation.stinkfly.general",
        "flyingGeneral": "animation.stinkfly.flyingGeneral",
        "wings": "animation.stinkfly.wings",
        "look_at_target": "animation.common.look_at_target",
        "attacking1": "animation.stinkfly.melee1",
		"attacking2": "animation.stinkfly.melee2",
		"attacking3": "animation.stinkfly.melee3",

        "general": "controller.animation.stinkfly.general",
        "attack": "controller.animation.stinkfly.attack",
		"transpar": "controller.animation.stinkfly_transpar"
      },
      "scripts": {
        "animate": [
          "general", "attack", "transpar"
        ],
        "pre_animation": [
          "variable.attack = Math.sin(variable.attack_time * 30.0);",
		  "variable.random = math.round(math.random(0,2));"
        ]
      },
	  "particle_effects": {
        "transpar": "transpar:trans_par"
      },
      "render_controllers": [
        "controller.render.stinkfly"
      ],
      "spawn_egg": {
        "texture": "stinkfly",
        "texture_index": 9
      }
    }
  }
}