{
  "format_version": "1.10.0",
  "minecraft:client_entity": {
    "description": {
      "identifier": "ben10:upchuck",
      "materials": {
        "default": "enderman",
        "invisible": "enderman_invisible"
      },
      "textures": {
        "default": "textures/entity/ben10_aliens/upchuck/upchuck",
        "omnitrix_low": "textures/entity/ben10_aliens/upchuck/upchuck_omnitrix_low"
      },
      "geometry": {
        "default": "geometry.upchuck"
      },
      "animations": {
        "moving": "animation.upchuck.walking",
        "upchuck_general": "animation.upchuck.general",
        "look_at_target": "animation.common.look_at_target",
        "attacking1": "animation.upchuck.attacking1",
		"attacking2": "animation.upchuck.attacking2",
		"attacking3": "animation.upchuck.attacking3",
		"eating_block": "animation.upchuck.eat_block",

        "move": "controller.animation.upchuck.move",
        "general": "controller.animation.upchuck.general",
        "attack": "controller.animation.upchuck.attack",
		"eat_block": "controller.animation.upchuck.eat_block",
		"transpar": "controller.animation.upchuck_transpar"
      },
      "scripts": {
        "animate": [
          "move", "general", "attack", "eat_block", "transpar"
        ],
        "pre_animation": [
          "variable.attack = Math.sin(variable.attack_time * 30.0);",
		  "variable.random = math.round(math.random(0,2));"
        ]
      },
	  "particle_effects": {
        "transpar": "transpar:trans_par"
      },
      "render_controllers": [
        "controller.render.upchuck"
      ],
      "spawn_egg": {
        "texture": "upchuck",
        "texture_index": 35
      }
    }
  }
}