{
  "format_version": "1.10.0",
  "minecraft:client_entity": {
    "description": {
      "identifier": "ben10:wildvine",
      "materials": {
        "default": "npc"
      },
      "textures": {
        "default": "textures/entity/ben10_aliens/wildvine/wildvine",
        "omnitrix_low": "textures/entity/ben10_aliens/wildvine/wildvine_omnitrix_low"
      },
      "geometry": {
        "default": "geometry.wildvine"
      },
      "animations": {
        "moving": "animation.wildvine.walking",
        "wildvine_general": "animation.wildvine.general",
        "look_at_target": "animation.common.look_at_target",
        "attacking1": "animation.wildvine.attacking1",
		"attacking2": "animation.wildvine.attacking2",
		"attacking3": "animation.wildvine.attacking3",
		"shooting1": "animation.wildvine.throwing_vines",
		"shooting2": "animation.wildvine.exploding_seeds",
		"shooting3": "animation.wildvine.summon_vines",

        "move": "controller.animation.wildvine.move",
        "general": "controller.animation.wildvine.general",
        "attack": "controller.animation.wildvine.attack",
		"shoot1": "controller.animation.wildvine.shoot1",
		"shoot2": "controller.animation.wildvine.shoot2",
		"shoot3": "controller.animation.wildvine.shoot3",
		"transpar": "controller.animation.wildvine_transpar"
      },
      "scripts": {
        "animate": [
          "move", "general", "attack", "shoot1", "shoot2", "shoot3", "transpar"
        ],
        "pre_animation": [
          "variable.attack = Math.sin(variable.attack_time * 30.0);",
		  "variable.random = math.round(math.random(0,2));"
        ]
      },
	  "particle_effects": {
        "transpar": "transpar:trans_par"
      },
      "render_controllers": [
        "controller.render.wildvine"
      ],
      "spawn_egg": {
        "texture": "wildvine",
        "texture_index": 25
      }
    }
  }
}