{
  "format_version": "1.13.0",
  "minecraft:entity": {
    "description": {
      "identifier": "enemy:charmcaster",
      "is_spawnable": true,
      "is_summonable": true,
      "is_experimental": false,
      "scripts": {
        "animate": [
		  "cc_death"
        ]
      },
      "animations": {
	    "cc_death": "controller.animation.ccDeath"
      }
    },
    
    "component_groups": {
	
	  "no_shield": {
	    "minecraft:collision_box": {
          "width": 0.6,
          "height": 1.9
        }
	  },
	  
	  "has_shield": {
	    "minecraft:collision_box": {
          "width": 2.5,
          "height": 2.5
        }
	  },
    
     "gwen_regenerating": {
       "minecraft:is_ignited": {},
       "minecraft:is_stackable": {},
       
       "minecraft:spell_effects": {
         "add_effects": [
        {
          "effect": "regeneration",
	      "amplifier": 3,
	      "visible": true,
		  "ambient": true,
	      "duration": 8
	    }
	  ]
	},	
	    "minecraft:behavior.avoid_mob_type": {
          "priority": 6,
          "entity_types": [
            {
            "filters": {
              "any_of": [
                {
                  "test": "is_family",
                  "subject": "other",
                  "value": "ben10"
                },
                {
                  "test": "is_family",
                  "subject": "other",
                  "value": "gwen"
                },
                {
                  "test": "is_family",
                  "subject": "other",
                  "value": "uncle_max"
                },
				{
                  "test": "is_family",
                  "subject": "other",
                  "value": "dh_spike"
                },
				{
                  "test": "is_family",
                  "subject": "other",
                  "value": "tentacle_vines"
                },
				{
                  "test": "is_family",
                  "subject": "other",
                  "value": "corrodium"
                },
				{
                  "test": "is_family",
                  "subject": "other",
                  "value": "irongolem"
                },
				{
                  "test": "is_family",
                  "subject": "other",
                  "value": "snowgolem"
                }
              ]
            },
              "max_dist": 10,
              "walk_speed_multiplier": 0.8,
              "sprint_speed_multiplier": 1.33
            }
          ]
        },
	    "minecraft:timer": {
          "time": 5,
          "looping": false,
          "time_down_event": {
            "event": "gwen_normal",
            "target": "self"
           }
         }
       },
  
     "gwen_calm": {
       "minecraft:variant": {
         "value": 0
       },
       "minecraft:on_target_acquired": {
         "event": "gwen_angry",
         "target": "self"
       }
     },
     
     "gwen_angry": {
       "minecraft:is_charged": {},
       "minecraft:variant": {
         "value": 1
       },
       "minecraft:on_target_escape": {
         "event": "regenerate_self",
         "target": "self"
         }
       },
	   
	   "can_teleport": {
	     "minecraft:teleport": {
           "random_teleports": false,
           "max_random_teleport_time": 30,
           "random_teleport_cube": [ 16, 16, 16 ],
           "target_distance": 16,
           "target_teleport_chance": 0.1,
           "light_teleport_chance": 0.05
         }
	   },
     
     "attacks_enemies": {
      "minecraft:behavior.nearest_attackable_target": {
          "priority": 1,
          "reselect_targets": true,
          "entity_types": [
            {
             "filters": {
			  "all_of": [
			    {
                  "any_of": [
                    {
                      "test": "is_family",
                      "subject": "other",
                      "value": "player"
                    },
                    {
                      "test": "is_family",
                      "subject": "other",
                      "value": "ben10"
                    },
                    {
                      "test": "is_family",
                      "subject": "other",
                      "value": "gwen"
                    },
                    {
                      "test": "is_family",
                      "subject": "other",
                      "value": "uncle_max"
                    },
                    {
                      "test": "is_family",
                      "subject": "other",
                      "value": "rb"
                    },
                    {
                      "test": "is_family",
                      "subject": "other",
                      "value": "villager"
                    },
                    {
                      "test": "is_family",
                      "subject": "other",
                      "value": "irongolem"
                    }
				  ]
				},
				{
                  "test": "has_component",
                  "subject": "self",
			      "operator": "!=",
                  "value": "minecraft:is_ignited"
				}
              ]
            },
            "max_dist": 25
          }
        ],
  	    "within_radius": 64,
        "must_see": true,
        "must_see_forget_duration": 170.0
      }
    },
      
      "detects_target": { 
        "minecraft:target_nearby_sensor": {
          "inside_range": 4.0,
          "outside_range": 6.0,
          "on_inside_range": {
            "event": "melee_attack",
              "target": "self"
            },
            "on_outside_range": {
              "event": "summon_attack",
              "target": "self"
            }
          }
        },
        
        "melee_attack": {     
        "minecraft:is_stackable": {},               
          "minecraft:behavior.melee_attack": {
          "priority": 3,
          "speed_multiplier": 1.1,
          "track_target": false
        }
      },
      
      "summon_attack": { 
        "minecraft:behavior.summon_entity": {
          "summon_choices": [
            {
              "weight": 1,
              "cooldown_time": 1.0,
              "cast_duration": 1,
              "particle_color": "#00F2FF",
              "start_sound_event": "plop",
              "sequence": [
                {
                  "shape": "circle",
                  "target": "self",
                  "base_delay": 0.0,
                  "delay_per_summon": 0.0,
                  "num_entities_spawned": 2,
                  "entity_type": "enemy:stone_creature",
                  "entity_lifespan": -1,
                  "size": 2.0,
                  "sound_event": "ambient"
                }
              ]
            }
          ]
        },
		"minecraft:timer": {
          "time": 3,
          "looping": false,
          "time_down_event": {
            "event": "return_detects_target",
            "target": "self"
           }
         }
      },
      
      "shooting_anim": {
        "minecraft:is_stackable": {},
        "minecraft:is_sheared": {}
      },
      
      "shooting_attack": {
        "minecraft:shooter": {
          "type": "Arrow",
          "def": "magic:magic_bullet"
        },
        "minecraft:behavior.ranged_attack": {
          "attack_interval_min": 1.0,
          "attack_interval_max": 3.0,
          "attack_radius": 100,
          "burst_shots": 7,
          "burst_interval": 0.0,
          "charge_charged_trigger": 0.0,
          "charge_shoot_trigger": 1.0
        }
      },
      
      "walking_mode": {
        "minecraft:movement": {
          "value": 0.25
        },
        "minecraft:navigation.walk": {
          "is_amphibious": true,
          "can_pass_doors": true,
          "can_walk": true,
          "can_break_doors": true
        },
        "minecraft:annotation.break_door": {
        },
        "minecraft:jump.static": {
        },
        "minecraft:can_climb": {
        },  
        "minecraft:movement.basic": {
        }, "minecraft:behavior.move_towards_restriction": {
        "priority": 5,
        "speed_multiplier": 1
      },
      "minecraft:behavior.random_stroll": {
        "priority": 6,
        "speed_multiplier": 1
      },
      "minecraft:physics": {
        "has_collision": true,
        "has_gravity": true
      }
    },
    
    "flying_mode": {
      "minecraft:is_shaking": {},
      "minecraft:is_stackable": {},
        "minecraft:flying_speed": {
          "value": 0.19
        },
        "minecraft:navigation.hover": {
          "can_path_over_water": true,
          "can_sink": false,
          "can_path_from_air": true,
          "avoid_water": false,
          "avoid_damage_blocks": false,
          "avoid_sun": false
        },
        "minecraft:movement.hover": {},
        "minecraft:can_fly": {},
        "minecraft:behavior.random_hover": {
          "priority": 11,
          "xz_dist": 8,
          "y_dist": 8,
          "y_offset": -1,
          "interval": 1,
          "hover_height": [1, 4]
        },
        "minecraft:physics": {
          "has_collision": true,
          "has_gravity": false
        },
        "minecraft:shooter": {
          "type": "Arrow",
          "def": "magic:magic_bullet"
        },
        "minecraft:behavior.ranged_attack": {
          "attack_interval_min": 1.0,
          "attack_interval_max": 3.0,
          "attack_radius": 100,
          "burst_shots": 7,
          "burst_interval": 0.0,
          "charge_charged_trigger": 0.0,
          "charge_shoot_trigger": 1.0
        }
      }
    },

    "components": {
      "minecraft:nameable": {
      },
      
      "minecraft:type_family": {
        "family": [ "monster", "charmcaster" ]
      },
      "minecraft:collision_box": {
        "width": 0.6,
        "height": 1.9
      },
      "minecraft:health": {
        "value": 70,
        "max": 70
      },
      "minecraft:scale": {
        "value": 1.0
      },
	  "minecraft:follow_range": {
	    "value": 100,
		"max": 100
	  },
      
      "minecraft:hurt_on_condition": {
        "damage_conditions": [
          {
            "filters": { "test": "in_lava", "subject": "self", "operator": "==", "value": true },
            "cause": "lava",
            "damage_per_tick": 4
          }
        ]
      },
    
      "minecraft:breathable": {
        "total_supply": 15,
        "suffocate_time": 0,
        "breathes_air": true,
        "breathes_water": false
      },
      "minecraft:attack": {
        "damage": 4,
        "effect_name": "nausea",
        "effect_duration": 5
      },
      "minecraft:loot": {
        "table": "loot_tables/entities/empty.json"
      },
        "minecraft:damage_sensor": {
          "triggers": [
        {
            "on_damage": {
              "filters": {
                "all_of": [
                {
                  "test": "is_family",
                  "subject": "other",
                  "operator": "!=",
                  "value": ""
                },
                {
                  "test": "has_component",
                  "subject": "self",
                  "operator": "==",
                  "value": "minecraft:is_ignited"
                }
              ]
            }
          },
          "deals_damage": false
        }
      ]
    },
      "minecraft:behavior.float": {
        "priority": 0
      },
      "minecraft:behavior.look_at_player": {
        "priority": 7,
        "look_distance": 6,
        "probability": 0.02
      },
      "minecraft:behavior.random_look_around": {
        "priority": 7
      },
      "minecraft:behavior.hurt_by_target": {
        "priority": 2,
        "entity_types": [
          {
            "filters": {
            "other_without_families": [ "charmcaster", "stone_creature", "corrodium" ]
            }
          }
        ]
      },
      "minecraft:pushable": {
        "is_pushable": true,
        "is_pushable_by_piston": true
      }
    },

    "events": {
      "minecraft:entity_spawned": {
        "remove": {
          "component_groups": [
            "flying_mode",
			"has_shield",
			"gwen_angry"
          ]
        },
        "add": {
          "component_groups": [
            "attacks_enemies",
            "gwen_calm",
            "walking_mode",
            "detects_target",
			"no_shield"
          ]
        }
      },
          
      "gwen_angry": {
        "remove": {
          "component_groups": [
            "gwen_calm"
          ]
        },
        "add": {
          "component_groups": [
            "gwen_angry"
          ]
        }
      },
            
      "regenerate_self": {
	    "randomize": [
		  {
		    "weight": 50,
			"remove": {
              "component_groups": [
                "melee_attack",
                "summon_attack",
                "shooting_attack",
                "shooting_anim",
                "flying_mode",
			    "can_teleport",
				"no_shield",
				"gwen_angry"
              ]
            },
            "add": {
              "component_groups": [
                "walking_mode",
                "gwen_regenerating",
				"has_shield",
				"gwen_calm"
              ]
            }
		  },
		  {
		    "weight": 50,
			"remove": {
              "component_groups": [
                "melee_attack",
                "summon_attack",
                "shooting_attack",
                "shooting_anim",
                "flying_mode",
			    "can_teleport",
				"gwen_angry"
              ]
            },
            "add": {
			  "component_groups": [
			    "walking_mode",
				"gwen_calm"
			  ]
            }
		  }
		]
      },
        
      "gwen_normal": {
        "remove": {
          "component_groups": [
            "gwen_regenerating",
			"has_shield"
          ]
        },
        "add": {
          "component_groups": [
            "detects_target",
			"no_shield"
          ]
        }
      },
      
      "melee_attack": {
        "remove": {
          "component_groups": [
            "summon_attack",
            "shooting_attack",
            "shooting_anim",
            "flying_mode"
          ]
        },
        "add": {
          "component_groups": [
            "melee_attack"
          ]
        }
      },
	  
	  "return_detects_target": {
	    "remove": {
		  "component_groups": [
		    "summon_attack"
		  ]
		},
		"add": {
		  "component_groups": [
		    "detects_target"
		  ]
		}
	  },
      
      "summon_attack": {
        "randomize": [
          {
          "weight": 15,
            "remove": {
              "component_groups": [
                "melee_attack",
                "shooting_attack",
                "shooting_anim",
                "flying_mode",
				"can_teleport"
              ]
            },
            "add": {
              "component_groups": [
                "summon_attack",
                "walking_mode"
              ]
            }
          },
          {
          "weight": 60,
            "remove": {
              "component_groups": [
                "melee_attack",
                "summon_attack",
                "flying_mode"
              ]
            },
            "add": {
              "component_groups": [
                "shooting_attack",
                "shooting_anim",
                "walking_mode",
				"can_teleport"
              ]
            }
          },
          {
          "weight": 25,
            "remove": {
              "component_groups": [
                "melee_attack",
                "summon_attack",
                "walking_mode",
                "shooting_anim"
              ]
            },
            "add": {
              "component_groups": [
                "shooting_attack",
                "flying_mode",
				"can_teleport"
              ]
            }
          }
        ]
      }
    }
  }
}
