{
  "format_version": "1.13.0",
  "minecraft:entity": {
    "description": {
      "identifier": "enemy:kevin_levin",
      "is_spawnable": true,
      "is_summonable": true,
      "is_experimental": false,
      "scripts": {
        "animate": [
		  "absorbing",
		  "death"
        ]
      },
      "animations": {
	    "absorbing": "controller.animation.absorbing",
	    "death": "controller.animation.death"
      }
    },
    
    "component_groups": {
      "defeated": {
        "minecraft:is_stunned": {},
        "minecraft:movement": {
          "value": 0.0
        },
      "minecraft:damage_sensor": {
        "triggers": [
      {
          "on_damage": {
            "filters": {              "any_of": [
              {
                "test": "is_family",
                "subject": "other",
                "operator": "!=",
                "value": ""
              }
            ]
          }              
        },
        "deals_damage": false
      }
    ]
  },
      "minecraft:pushable": {
        "is_pushable": false,
        "is_pushable_by_piston": false
      },
        "minecraft:timer": {
          "time": 0.3,
          "looping": false,
          "time_down_event": {
            "event": "blink1",
            "target": "self"
           }
         }
       },
       
       "blink1": {
         "minecraft:is_charged": {},
           "minecraft:timer": {
            "time": 0.05,
            "looping": false,
            "time_down_event": {
              "event": "next_blink2",
              "target": "self"
             }
           }
         },
         
         
       "blink2": {
           "minecraft:timer": {
            "time": 0.05,
            "looping": false,
            "time_down_event": {
              "event": "next_blink3",
              "target": "self"
             }
           }
         },
         
         "blink3": {
           "minecraft:is_charged": {},
           "minecraft:timer": {
            "time": 0.05,
            "looping": false,
            "time_down_event": {
              "event": "next_blink4",
              "target": "self"
             }
           }
         },
         
         "blink4": {
           "minecraft:timer": {
            "time": 0.05,
            "looping": false,
            "time_down_event": {
              "event": "next_blink5",
              "target": "self"
             }
           }
         },
         
         "blink5": {
           "minecraft:is_charged": {},
           "minecraft:timer": {
            "time": 0.05,
            "looping": false,
            "time_down_event": {
              "event": "next_blink6",
              "target": "self"
             }
           }
         },
         
         "blink6": {
           "minecraft:timer": {
            "time": 0.05,
            "looping": false,
            "time_down_event": {
              "event": "next_blink7",
              "target": "self"
             }
           }
         },
         
         "blink7": {
           "minecraft:is_charged": {},
           "minecraft:timer": {
            "time": 0.05,
            "looping": false,
            "time_down_event": {
              "event": "next_blink8",
              "target": "self"
             }
           }
         },
                
         "blink8": {
           "minecraft:timer": {
            "time": 0.05,
            "looping": false,
            "time_down_event": {
              "event": "next_blink9",
              "target": "self"
             }
           }
         },
              
         "blink9": {
           "minecraft:is_charged": {},
           "minecraft:timer": {
            "time": 0.05,
            "looping": false,
            "time_down_event": {
              "event": "next_blink10",
              "target": "self"
             }
           }
         },
           
         "blink10": {
           "minecraft:timer": {
            "time": 0.05,
            "looping": false,
            "time_down_event": {
              "event": "next_blink11",
              "target": "self"
             }
           }
         },
         
       "blink11": {
         "minecraft:is_charged": {},
           "minecraft:timer": {
            "time": 0.05,
            "looping": false,
            "time_down_event": {
              "event": "next_blink12",
              "target": "self"
             }
           }
         },
         
         
       "blink12": {
           "minecraft:timer": {
            "time": 0.05,
            "looping": false,
            "time_down_event": {
              "event": "next_blink13",
              "target": "self"
             }
           }
         },
         
         "blink13": {
           "minecraft:is_charged": {},
           "minecraft:timer": {
            "time": 0.05,
            "looping": false,
            "time_down_event": {
              "event": "next_blink14",
              "target": "self"
             }
           }
         },
         
         "blink14": {
           "minecraft:timer": {
            "time": 0.05,
            "looping": false,
            "time_down_event": {
              "event": "next_blink15",
              "target": "self"
             }
           }
         },
         
         "blink15": {
           "minecraft:is_charged": {},
           "minecraft:timer": {
            "time": 0.05,
            "looping": false,
            "time_down_event": {
              "event": "next_blink16",
              "target": "self"
             }
           }
         },
         
         "blink16": {
           "minecraft:timer": {
            "time": 0.05,
            "looping": false,
            "time_down_event": {
              "event": "next_blink17",
              "target": "self"
             }
           }
         },
         
         "blink17": {
           "minecraft:is_charged": {},
           "minecraft:timer": {
            "time": 0.05,
            "looping": false,
            "time_down_event": {
              "event": "next_blink18",
              "target": "self"
             }
           }
         },
                
         "blink18": {
           "minecraft:timer": {
            "time": 0.05,
            "looping": false,
            "time_down_event": {
              "event": "next_blink19",
              "target": "self"
             }
           }
         },
              
         "blink19": {
           "minecraft:is_charged": {},
           "minecraft:timer": {
            "time": 0.05,
            "looping": false,
            "time_down_event": {
              "event": "next_blink20",
              "target": "self"
             }
           }
         },
           
         "blink20": {
           "minecraft:timer": {
            "time": 1,
            "looping": false,
            "time_down_event": {
              "event": "invisible",
              "target": "self"
             }
           }
         },
		 
		 "invisible": {
         "minecraft:spell_effects": {
           "add_effects": [
          {
            "effect": "invisibility",
	        "amplifier": 1,
	        "visible": false,
	        "ambient": false,
	        "duration": 99999
	      }
	    ]
	  },
	  	  "minecraft:timer": {
            "time": 0.3,
            "looping": false,
            "time_down_event": {
              "event": "kill",
              "target": "self"
             }
           }
         },
         
         "kill": {
           "minecraft:health": {
             "value": 0,
             "max": 0
           }
         },
              
      "recharging": {
        "minecraft:area_attack": {
          "damage_range": 2.0,
          "damage_per_tick": 3,
          "cause": "contact",
            "entity_filter": {
              "any_of": [
              {
                "test": "is_family",
                "subject": "other",
                "operator": "!=",
                "value": "Omnitrix"
              },
			  {
                "test": "is_family",
                "subject": "other",
                "operator": "!=",
                "value": "corrodium"
              }
            ]
          }
        },
	   
        "minecraft:movement": {
          "value": 0.0
        },
        "minecraft:is_shaking": {},
        
         "minecraft:spell_effects": {
           "add_effects": [
          {
            "effect": "regeneration",
	        "amplifier": 255,
	        "visible": true,
	        "ambient": true,
	        "duration": 100
	      }
	    ]
	  },	
        
        "minecraft:timer": {
          "time": 0.3,
          "looping": false,
          "time_down_event": {
            "event": "armor_visible",
            "target": "self"
           }
         }
       },
       
       "charged_visible": {
         "minecraft:is_charged": {}
       },
       
       "get_up": {
         "minecraft:timer": {
           "time": 4,
           "looping": false,
           "time_down_event": {
             "event": "kevin_charged",
             "target": "self"
           }
         }
       },
       
       "transform_now": {
         "minecraft:timer": {
           "time": 0.21,
           "looping": false,
           "time_down_event": {
             "event": "become_kevin11",
             "target": "self"
           }
         }
       },
       
     "kevin_charged": {
      "minecraft:movement": {
        "value": 0.3
      },
      "minecraft:spell_effects": {
        "remove_effects": [
          "regeneration"
         ]
       },
        "minecraft:target_nearby_sensor": {
          "inside_range": 4.0,
          "outside_range": 6.0,
          "on_inside_range": {
            "event": "melee_mode_charged",
              "target": "self"
            },
            "on_outside_range": {
              "event": "shooter_mode",
              "target": "self"
            }
          },
          
        "minecraft:timer": {
          "time": 20,
          "looping": false,
          "time_down_event": {
            "event": "kevin_standard",
            "target": "self"
           }
         }
       },
       
     "shooter_mode": {
       "minecraft:is_stackable": {},
       "minecraft:shooter": {
          "type": "Arrow",
          "def": "energy:energy_blast"
        },
        "minecraft:behavior.ranged_attack": {
          "attack_interval_min": 1.0,
          "attack_interval_max": 3.0,
          "attack_radius": 100,
          "burst_shots": 1,
          "burst_interval": 2.0,
          "charge_charged_trigger": 0.0,
          "charge_shoot_trigger": 1.0
        }
      },
      
      "melee_mode": {
        "minecraft:movement": {
          "value": 0.25
      },
        "minecraft:attack": {
          "damage": 4
      },
        "minecraft:behavior.melee_attack": {
          "priority": 3,
          "speed_multiplier": 1,
          "track_target": false
      },
        "minecraft:target_nearby_sensor": {
          "inside_range": 4.0,
          "on_inside_range": {
            "event": "absorb_ben10_or_not",
              "target": "self"
            }
          }
        },
      
      "melee_mode_charged": {
        "minecraft:attack": {
        "damage": {
          "range_min": 17,
          "range_max": 25
        }
      },
        "minecraft:behavior.melee_attack": {
          "priority": 3,
          "speed_multiplier": 1,
          "track_target": false
      }
    },
    
    "knockback_resistanceLow": {
      "minecraft:knockback_resistance": {
        "value": 0.0
      }
    },
   
    "knockback_resistanceHigh": {
      "minecraft:knockback_resistance": {
        "value": 100.0
      }
    },
     
    "attacks_enemies": {
     "minecraft:behavior.nearest_attackable_target": {
          "priority": 1,
          "reselect_targets": true,
          "entity_types": [
            {
             "filters": {
              "any_of": [
                {
                  "test": "is_family",
                  "subject": "other",
                  "value": "player"
                },
                {
                  "test": "is_family",
                  "subject": "other",
                  "value": "ben10"
                },
                {
                  "test": "is_family",
                  "subject": "other",
                  "value": "gwen"
                },
                {
                  "test": "is_family",
                  "subject": "other",
                  "value": "uncle_max"
                },
                {
                  "test": "is_family",
                  "subject": "other",
                  "value": "rb"
                },
                {
                  "test": "is_family",
                  "subject": "other",
                  "value": "villager"
                },
                {
                  "test": "is_family",
                  "subject": "other",
                  "value": "irongolem"
                }
              ]
            },
              "max_dist": 25
            },
            {
             "filters": {
              "any_of": [
                {
                  "test": "is_family",
                  "subject": "other",
                  "value": "Omnitrix"
                }
              ]
            },
              "max_dist": 5
            }
          ],
          "must_see": true,
          "must_reach": true
        }
      },
    
    
    "kevinFamily_recharging": {
      "minecraft:type_family": {
        "family": [ "monster", "KevinLevin_Recharging", "Kevin_Levin" ]
      }
    },
    
    "kevinFamily_not_recharging": {
      "minecraft:type_family": {
        "family": [ "monster", "KevinLevin_notRecharging", "Kevin_Levin" ]
      }
    },
    
    "kevinFamily_shooting": {
      "minecraft:type_family": {
        "family": [ "monster", "KevinLevin_notRecharging", "Kevin_Levin_Shooting", "Kevin_Levin" ]
      }
    },
    
    "kevinFamily_absorbs": {
      "minecraft:type_family": {
        "family": [ "monster", "KevinLevin_notRecharging", "Kevin_Levin_absorbs", "Kevin_Levin" ]
      }
    },
    
    "become_kevin11": {
      "minecraft:transformation": {
        "into": "enemy:kevin11"
      }
    },
    
    "getting_omni": {
      "minecraft:is_sheared": {},
        "minecraft:behavior.summon_entity": {
          "probability": 100.0,
          "summon_choices": [
            {
              "weight": 1,
              "cooldown_time": 100000,
              "cast_duration": 30,
              "start_sound_event": "omni_trans",
              "sequence": [
                {
                  "shape": "circle",
                  "target": "self",
                  "base_delay": 0.0,
                  "delay_per_summon": 0.0,
                  "num_entities_spawned": 0,
                  "entity_type": "",
                  "entity_lifespan": 10.0,
                  "size": 10.0,
                  "sound_event": "omni_trans"
                }
              ]
            }
          ]
        },
      
        "minecraft:timer": {
          "time": 0.5,
          "looping": false,
          "time_down_event": {
            "event": "add_charge",
            "target": "self"
           }
         }
       },
    
    "detect_omni": {
      "minecraft:area_attack": {
        "damage_range": 1.5,
        "damage_per_tick": 1,
        "cause": "contact",
        "entity_filter": {
          "any_of": [
          {
            "test": "is_family",
            "subject": "other",
            "value": "Omnitrix"
          }
        ]
      }
    }
  },
  
    "absorb_omni": {
      "minecraft:area_attack": {
        "damage_range": 1.0,
        "damage_per_tick": 1,
        "cause": "contact",
        "entity_filter": {
          "any_of": [
          {
            "test": "is_family",
            "subject": "other",
            "value": "Benjamin2"
          }
        ]
      }
    }
  }  
},
        
    "components": {
      "minecraft:nameable": {
      },
      "minecraft:collision_box": {
        "width": 0.6,
        "height": 1.9
      },
      "minecraft:movement.basic": {
      },
      "minecraft:navigation.walk": {
        "is_amphibious": true,
        "can_pass_doors": true,
        "can_walk": true,
        "can_break_doors": true
      },
      "minecraft:annotation.break_door": {
      },
      "minecraft:jump.static": {
      },
      "minecraft:can_climb": {
      },
      "minecraft:health": {
        "value": 80,
        "max": 80
      },
      "minecraft:scale": {
        "value": 1.0
      },
      
      "minecraft:hurt_on_condition": {
        "damage_conditions": [
          {
            "filters": { "test": "in_lava", "subject": "self", "operator": "==", "value": true },
            "cause": "lava",
            "damage_per_tick": 4
          }
        ]
      },

      "minecraft:breathable": {
        "total_supply": 15,
        "suffocate_time": 0,
        "breathes_air": true,
        "breathes_water": false
      },
      "minecraft:loot": {
        "table": "loot_tables/entities/empty.json"
      },
      
      "minecraft:damage_sensor": {
        "triggers": [
        {
          "on_damage": {
            "filters": {
              "all_of": [
              {
                "test": "is_family",
                "subject": "other",
                "value": "Omnitrix"
              },
              {
                "test": "has_component",
                "subject": "self",
                "operator": "!=",
                "value": "minecraft:is_shaking"
              }
            ]
          },
          "event": "gettingOmni"
        },
        "deals_damage": false
      },
        {
          "on_damage": {
            "filters": {
              "all_of": [
              {
                "test": "is_family",
                "subject": "other",
                "value": "Benjamin2"
              },
              {
                "test": "has_damage",
                "subject": "self",
                "value": "contact"
              },
              {
                "test": "has_component",
                "subject": "self",
                "operator": "!=",
                "value": "minecraft:is_shaking"
              }
            ]
          },
          "event": "absorbOmni"
        },
        "deals_damage": false
      },
        {
          "on_damage": {
            "filters": {
              "all_of": [
              {
                "test": "has_component",
                "subject": "self",
                "operator": "!=",
                "value": "minecraft:is_charged"
              },
              {
                "test": "has_damage",
                "value": "fatal"
              }
            ]
          },
          "event": "recharge_now"
        },
        "deals_damage": false
      },
      {
          "on_damage": {
            "filters": {              "all_of": [
              {
                "test": "has_component",
                "subject": "self",
                "operator": "==",
                "value": "minecraft:is_shaking"
              },
              {
                "test": "is_family",
                "subject": "other",
                "operator": "!=",
                "value": ""
              }
            ]
          }              
        },
        "deals_damage": false
      },
	  {
          "on_damage": {
            "filters": {
              "any_of": [
              {
                "test": "is_family",
                "subject": "other",
                "operator": "==",
                "value": "Kevin_Levin"
              }
            ]
          }              
        },
        "deals_damage": false
      }
    ]
  },
  "minecraft:behavior.avoid_mob_type": {
          "priority": 6,
          "entity_types": [
            {
              "filters": {
                "any_of": [
                {
                  "test": "is_family",
                  "subject": "other",
                  "value": "dh_spike"
                },
				{
                  "test": "is_family",
                  "subject": "other",
                  "value": "tentacle_vines"
                },
                {
                  "test": "is_family",
                  "subject": "other",
                  "value": "magic_spike"
                },
				{
                  "test": "is_family",
                  "subject": "other",
                  "value": "corrodium"
                }
              ]
            },
            "max_dist": 10,
            "walk_speed_multiplier": 0.8,
            "sprint_speed_multiplier": 1.33
          }
        ]
      },  
      "minecraft:behavior.float": {
        "priority": 0
      }, "minecraft:behavior.move_towards_restriction": {
        "priority": 5,
        "speed_multiplier": 1
      },
      "minecraft:behavior.random_stroll": {
        "priority": 6,
        "speed_multiplier": 1
      },
      "minecraft:behavior.look_at_player": {
        "priority": 7,
        "look_distance": 6,
        "probability": 0.02
      },
      "minecraft:behavior.random_look_around": {
        "priority": 7
      },
      "minecraft:behavior.hurt_by_target": {
        "priority": 2,
        "entity_types": [
          {
            "filters": {
            "other_without_families": [ "Kevin_Levin", "kevin11", "corrodium" ]
            }
          }
        ]
      },
      "minecraft:physics": {
      },
      "minecraft:pushable": {
        "is_pushable": true,
        "is_pushable_by_piston": true
      }
    },

    "events": {
      "blink1": {
        "add": {
          "component_groups": [
            "blink1"
          ]
        }
      },
   
      "next_blink2": {
        "remove": {
          "component_groups": [
            "blink1"
          ]
        },
        "add": {
          "component_groups": [
            "blink2"
          ]
        }
      },
        
      "next_blink3": {
        "remove": {
          "component_groups": [
            "blink2"
          ]
        },
        "add": {
          "component_groups": [
            "blink3"
          ]
        }
      },
        
      "next_blink4": {
        "remove": {
          "component_groups": [
            "blink3"
          ]
        },
        "add": {
          "component_groups": [
            "blink4"
          ]
        }
      },
       
      "next_blink5": {
        "remove": {
          "component_groups": [
            "blink4"
          ]
        },
        "add": {
          "component_groups": [
            "blink5"
          ]
        }
      },
       
      "next_blink6": {
        "remove": {
          "component_groups": [
            "blink5"
          ]
        },
        "add": {
          "component_groups": [
            "blink6"
          ]
        }
      },
           
      "next_blink7": {
        "remove": {
          "component_groups": [
            "blink6"
          ]
        },
        "add": {
          "component_groups": [
            "blink7"
          ]
        }
      },
         
      "next_blink8": {
        "remove": {
          "component_groups": [
            "blink7"
          ]
        },
        "add": {
          "component_groups": [
            "blink8"
          ]
        }
      },
        
      "next_blink9": {
        "remove": {
          "component_groups": [
            "blink8"
          ]
        },
        "add": {
          "component_groups": [
            "blink9"
          ]
        }
      },

      "next_blink10": {
        "remove": {
          "component_groups": [
            "blink9"
          ]
        },
        "add": {
          "component_groups": [
            "blink10"
          ]
        }
      },
    
      "next_blink11": {
        "remove": {
          "component_groups": [
            "blink10"
          ]
        },
        "add": {
          "component_groups": [
            "blink11"
          ]
        }
      },
   
      "next_blink12": {
        "remove": {
          "component_groups": [
            "blink11"
          ]
        },
        "add": {
          "component_groups": [
            "blink12"
          ]
        }
      },
        
      "next_blink13": {
        "remove": {
          "component_groups": [
            "blink12"
          ]
        },
        "add": {
          "component_groups": [
            "blink13"
          ]
        }
      },
        
      "next_blink14": {
        "remove": {
          "component_groups": [
            "blink13"
          ]
        },
        "add": {
          "component_groups": [
            "blink14"
          ]
        }
      },
       
      "next_blink15": {
        "remove": {
          "component_groups": [
            "blink14"
          ]
        },
        "add": {
          "component_groups": [
            "blink15"
          ]
        }
      },
       
      "next_blink16": {
        "remove": {
          "component_groups": [
            "blink15"
          ]
        },
        "add": {
          "component_groups": [
            "blink16"
          ]
        }
      },
           
      "next_blink17": {
        "remove": {
          "component_groups": [
            "blink16"
          ]
        },
        "add": {
          "component_groups": [
            "blink17"
          ]
        }
      },
         
      "next_blink18": {
        "remove": {
          "component_groups": [
            "blink17"
          ]
        },
        "add": {
          "component_groups": [
            "blink18"
          ]
        }
      },
        
      "next_blink19": {
        "remove": {
          "component_groups": [
            "blink18"
          ]
        },
        "add": {
          "component_groups": [
            "blink19"
          ]
        }
      },

      "next_blink20": {
        "remove": {
          "component_groups": [
            "blink19"
          ]
        },
        "add": {
          "component_groups": [
            "blink20"
          ]
        }
      },
	  
	  "invisible": {
        "add": {
          "component_groups": [
            "invisible"
          ]
        }
      },
         
      "kill": {
        "add": {
          "component_groups": [
            "kill"
          ]
        }
      },
      
      "minecraft:entity_transformed": {
        "remove": {},
        "add": {
          "component_groups": [
            "defeated"
          ]
        }
      },
      "minecraft:entity_spawned": {
           "remove": {
             "component_groups": [
               "absorb_omni"
             ]
           },
          "add": {
            "component_groups": [
              "recharging",
              "kevinFamily_recharging"
            ]
          }
        },
         
         "gettingOmni": {
           "add": {
             "component_groups": [
               "getting_omni"
             ]
           }
         },
       
         "absorbOmni": {
           "remove": {
             "component_groups": [
               "detect_omni"
             ]
           },
           "add": {
             "component_groups": [
               "getting_omni",
               "absorb_omni"
             ]
           }
         },
       
         "add_charge": {
           "add": {
             "component_groups": [
               "charged_visible",
               "transform_now"
             ]
           }
         },
         
         "become_kevin11": {
           "add": {
             "component_groups": [
               "become_kevin11"
             ]
           }
         },

     "armor_visible": {
          "add": {
            "component_groups": [
              "charged_visible",
              "get_up"
            ]
          }
        },
        
     "kevin_charged": {
       "remove": {
         "component_groups": [
           "get_up",
           "recharging",
           "knockback_resistanceLow",
           "kevinFamily_recharging"
         ]
       },
       "add": {
         "component_groups": [
           "kevin_charged",
           "knockback_resistanceHigh",
           "kevinFamily_not_recharging",
           "detect_omni",
           "attacks_enemies"
         ]
       }
     },

   "melee_mode_charged": {
     "randomize": [
     {
       "weight": 60,
       "remove": {
         "component_groups": [
           "shooter_mode",
           "kevinFamily_shooting"
         ]
       },
       "add": {
         "component_groups": [
           "melee_mode_charged",
           "kevinFamily_not_recharging"
         ]
       }
     },
     {
       "weight": 40,
       "remove": {
         "component_groups": [
           "shooter_mode",
           "kevinFamily_shooting"
         ]
       },
       "add": {
         "component_groups": [
           "melee_mode_charged",
           "kevinFamily_absorbs"
         ]
       }
     }
   ]
 },
         
   "absorb_ben10_or_not": {
     "randomize": [
     {
       "weight": 75,
       "remove": {},
       "add": {}
     },
     {
       "weight": 25,
       "remove": {
         "component_groups": [
           "shooter_mode",
           "kevinFamily_shooting"
         ]
       },
       "add": {
         "component_groups": [
           "melee_mode_charged",
           "kevinFamily_absorbs"
         ]
       }
     }
   ]
 },
     
     "shooter_mode": {
       "remove": {
         "component_groups": [
           "melee_mode_charged",
           "kevinFamily_not_recharging"
         ]
       },
       "add": {
         "component_groups": [
           "shooter_mode",
           "kevinFamily_shooting"
         ]
       }
     },

     "kevin_standard": {
       "remove": {
         "component_groups": [
           "charged_visible",
           "kevin_charged",
           "shooter_mode",
           "melee_mode_charged",
           "knockback_resistanceHigh",
           "kevinFamily_shooting"
         ]
       },
       "add": {
         "component_groups": [
           "melee_mode",
           "knockback_resistanceLow",
           "detect_omni",
           "kevinFamily_not_recharging"
         ]
       }
     },
     
     "recharge_now": {
       "remove": {
         "component_groups": [
           "melee_mode"
         ]
       },
       "add": {
         "component_groups": [
           "recharging",
           "kevinFamily_recharging"
         ]
       }
     }
   }
 }
}