{
  "format_version": "1.13.0",
  "minecraft:entity": {
    "description": {
      "identifier": "enemy:werewolf",
      "is_spawnable": true,
      "is_summonable": true,
      "is_experimental": false,
	  "scripts": {
        "animate": [
		  "sonic_howl",
		  "stalk",
		  "spawned",
		  "block_breaker"
        ]
      },
      "animations": {
		"sonic_howl": "controller.animation.sonic_howl",
		"stalk": "controller.animation.wolf.stalk",
		"spawned": "controller.animation.werewolf.spawned",
		"block_breaker": "controller.animation.wolf.block_breaker"
      }
    },
    
    "component_groups": {
	
	  "steady": {
	    "minecraft:is_sheared": {},
	    "minecraft:movement": {
          "value": 0.0
        },
		
		"minecraft:behavior.knockback_roar": {
            "priority": 1,
            "duration": 4.9,
            "attack_time": 0.5,
            "knockback_damage": 18,
            "knockback_strength": 3,
            "knockback_range": 4,
            "knockback_filters": {
			  "any_of": [
			    {
                  "test": "is_family",
                  "subject": "other",
                  "operator": "!=",
                  "value": "werewolf"
				},
				{
                  "test": "is_family",
                  "subject": "other",
                  "operator": "!=",
                  "value": "mummy"
				},
				{
                  "test": "is_family",
                  "subject": "other",
                  "operator": "!=",
                  "value": "dr_viktor"
				},
				{
                  "test": "is_family",
                  "subject": "other",
                  "operator": "!=",
                  "value": "corrodium"
				},
				{
                  "test": "is_family",
                  "subject": "other",
                  "operator": "!=",
                  "value": "Omnitrix"
				},
				{
                  "test": "is_family",
                  "subject": "other",
                  "operator": "!=",
                  "value": "Omnitrix2"
				},
				{
                  "test": "is_family",
                  "subject": "other",
                  "operator": "!=",
                  "value": "sphere_falling"
				},
				{
                  "test": "is_family",
                  "subject": "other",
                  "operator": "!=",
                  "value": "useless_sphere"
				}
		      ]
            },
            "damage_filters": {
              "any_of": [
			    {
                  "test": "is_family",
                  "subject": "other",
                  "operator": "!=",
                  "value": "werewolf"
				},
				{
                  "test": "is_family",
                  "subject": "other",
                  "operator": "!=",
                  "value": "mummy"
				},
				{
                  "test": "is_family",
                  "subject": "other",
                  "operator": "!=",
                  "value": "dr_viktor"
				},
				{
                  "test": "is_family",
                  "subject": "other",
                  "operator": "!=",
                  "value": "corrodium"
				},
				{
                  "test": "is_family",
                  "subject": "other",
                  "operator": "!=",
                  "value": "Omnitrix"
				},
				{
                  "test": "is_family",
                  "subject": "other",
                  "operator": "!=",
                  "value": "Omnitrix2"
				},
				{
                  "test": "is_family",
                  "subject": "other",
                  "operator": "!=",
                  "value": "sphere_falling"
				},
				{
                  "test": "is_family",
                  "subject": "other",
                  "operator": "!=",
                  "value": "useless_sphere"
				}
		      ]
            },
            "on_roar_end": {
              "event": "intro_done"
            },
            "cooldown_time": 600.1
          }
	  },
	  
	  "move": {
	    "minecraft:movement": {
          "value": 0.3
        }
	  },
	  
	  "block_breaker": {
	    "minecraft:break_blocks": {
          "breakable_blocks": [
                        "acacia_button",
                        "acacia_door",
                        "acacia_fence_gate",
                        "acacia_pressure_plate",
                        "acacia_stairs",
                        "acacia_standing_sign",
                        "acacia_trapdoor",
                        "acacia_wall_sign",
                        "activator_rail",
                        "andesite_stairs",
                        "anvil",
                        "bamboo",
                        "bamboo_sapling",
                        "barrel",
                        "barrier",
                        "beacon",
                        "bed",
                        "bedrock",
                        "beetroot",
                        "bell",
                        "birch_button",
                        "birch_door",
                        "birch_fence_gate",
                        "birch_pressure_plate",
                        "birch_stairs",
                        "birch_standing_sign",
                        "birch_trapdoor",
                        "birch_wall_sign",
                        "black_glazed_terracotta",
                        "blast_furnace",
                        "blue_glazed_terracotta",
                        "blue_ice",
                        "bone_block",
                        "bookshelf",
                        "brewing_stand",
                        "brick_block",
                        "brick_stairs",
                        "brown_glazed_terracotta",
                        "brown_mushroom",
                        "brown_mushroom_block",
                        "bubble_column",
                        "cactus",
                        "cake",
                        "camera",
                        "campfire",
                        "carpet",
                        "carrots",
                        "cartography_table",
                        "carved_pumpkin",
                        "cauldron",
                        "chemical_heat",
                        "chemistry_table",
                        "chest",
                        "chorus_flower",
                        "chorus_plant",
                        "clay",
                        "coal_block",
                        "coal_ore",
                        "cobblestone",
                        "cobblestone_wall",
                        "cocoa",
                        "colored_torch_bp",
                        "colored_torch_rg",
                        "composter",
                        "concrete",
                        "concretePowder",
                        "conduit",
                        "coral",
                        "coral_block",
                        "coral_fan",
                        "coral_fan_dead",
                        "coral_fan_hang",
                        "coral_fan_hang2",
                        "coral_fan_hang3",
                        "crafting_table",
                        "cyan_glazed_terracotta",
                        "dark_oak_button",
                        "dark_oak_door",
                        "dark_oak_fence_gate",
                        "dark_oak_pressure_plate",
                        "dark_oak_stairs",
                        "dark_oak_trapdoor",
                        "dark_prismarine_stairs",
                        "darkoak_standing_sign",
                        "darkoak_wall_sign",
                        "daylight_detector",
                        "daylight_detector_inverted",
                        "deadbush",
                        "detector_rail",
                        "diamond_block",
                        "diamond_ore",
                        "diorite_stairs",
                        //"dirt",
                        "dispenser",
                        "double_plant",
                        "double_stone_slab",
                        "double_stone_slab2",
                        "double_stone_slab3",
                        "double_stone_slab4",
                        "double_wooden_slab",
                        "dragon_egg",
                        "dried_kelp_block",
                        "dropper",
                        "emerald_block",
                        "emerald_ore",
                        "enchanting_table",
                        "end_brick_stairs",
                        "end_bricks",
                        "end_gateway",
                        "end_portal",
                        "end_portal_frame",
                        "end_rod",
                        "end_stone",
                        "ender_chest",
                        "farmland",
                        "fence",
                        "fence_gate",
                        "fletching_table",
                        "flower_pot",
                        "frame",
                        "frosted_ice",
                        "furnace",
                        "glass",
                        "glass_pane",
                        "glowingobsidian",
                        "glowstone",
                        "gold_block",
                        "gold_ore",
                        "golden_rail",
                        "granite_stairs",
                        //"grass",
                        //"grass_path",
                        "gravel",
                        "gray_glazed_terracotta",
                        "green_glazed_terracotta",
                        "grindstone",
                        "hard_glass",
                        "hard_glass_pane",
                        "hard_stained_glass",
                        "hard_stained_glass_pane",
                        "hardened_clay",
                        "hay_block",
                        "heavy_weighted_pressure_plate",
                        "hopper",
                        "ice",
                        "iron_bars",
                        "iron_block",
                        "iron_door",
                        "iron_ore",
                        "iron_trapdoor",
                        "jigsaw",
                        "jukebox",
                        "jungle_button",
                        "jungle_door",
                        "jungle_fence_gate",
                        "jungle_pressure_plate",
                        "jungle_stairs",
                        "jungle_standing_sign",
                        "jungle_trapdoor",
                        "jungle_wall_sign",
                        "kelp",
                        "ladder",
                        "lantern",
                        "lapis_block",
                        "lapis_ore",
                        "lava",
                        "lava_cauldron",
                        "leaves",
                        "leaves2",
                        "lectern",
                        "lever",
                        "light_block",
                        "light_blue_glazed_terracotta",
                        "light_weighted_pressure_plate",
                        "lime_glazed_terracotta",
                        "lit_blast_furnace",
                        "lit_furnace",
                        "lit_pumpkin",
                        "lit_redstone_lamp",
                        "lit_redstone_ore",
                        "lit_smoker",
                        "log",
                        "log2",
                        "loom",
                        "magenta_glazed_terracotta",
                        "magma",
                        "melon_block",
                        "melon_stem",
                        "mob_spawner",
                        "monster_egg",
                        "mossy_cobblestone",
                        "mossy_cobblestone_stairs",
                        "mossy_stone_brick_stairs",
                        "mycelium",
                        "nether_brick",
                        "nether_brick_fence",
                        "nether_brick_stairs",
                        "nether_wart",
                        "nether_wart_block",
                        "netherrack",
                        "netherreactor",
                        "normal_stone_stairs",
                        "noteblock",
                        "oak_stairs",
                        "observer",
                        "obsidian",
                        "orange_glazed_terracotta",
                        "packed_ice",
                        "pink_glazed_terracotta",
                        "piston",
                        "pistonArmCollision",
                        "planks",
                        "podzol",
                        "polished_andesite_stairs",
                        "polished_diorite_stairs",
                        "polished_granite_stairs",
                        "portal",
                        "potatoes",
                        "powered_comparator",
                        "powered_repeater",
                        "prismarine",
                        "prismarine_bricks_stairs",
                        "prismarine_stairs",
                        "pumpkin",
                        "pumpkin_stem",
                        "purple_glazed_terracotta",
                        "purpur_block",
                        "purpur_stairs",
                        "quartz_block",
                        "quartz_ore",
                        "quartz_stairs",
                        "rail",
                        "red_flower",
                        "red_glazed_terracotta",
                        "red_mushroom",
                        "red_mushroom_block",
                        "red_nether_brick",
                        "red_nether_brick_stairs",
                        "red_sandstone",
                        "red_sandstone_stairs",
                        "redstone_block",
                        "redstone_lamp",
                        "redstone_ore",
                        "redstone_torch",
                        "redstone_wire",
                        "reeds",
                        "sand",
                        "sandstone",
                        "sandstone_stairs",
                        "sapling",
                        "scaffolding",
                        "seaLantern",
                        "sea_pickle",
                        "seagrass",
                        "shulker_box",
                        "silver_glazed_terracotta",
                        "skull",
                        "slime",
                        "smithing_table",
                        "smoker",
                        "smooth_quartz_stairs",
                        "smooth_red_sandstone_stairs",
                        "smooth_sandstone_stairs",
                        "smooth_stone",
                        "snow",
                        "snow_layer",
                        "soul_sand",
                        "sponge",
                        "spruce_button",
                        "spruce_door",
                        "spruce_fence_gate",
                        "spruce_pressure_plate",
                        "spruce_stairs",
                        "spruce_standing_sign",
                        "spruce_trapdoor",
                        "spruce_wall_sign",
                        "stained_glass",
                        "stained_glass_pane",
                        "stained_hardened_clay",
                        "standing_banner",
                        "standing_sign",
                        "stickyPistonArmCollision",
                        "sticky_piston",
                        "stone",
                        "stone_brick_stairs",
                        "stone_button",
                        "stone_pressure_plate",
                        "stone_slab",
                        "stone_slab2",
                        "stone_slab3",
                        "stone_slab4",
                        "stone_stairs",
                        "stonebrick",
                        "stonecutter",
                        "stonecutter_block",
                        "stripped_acacia_log",
                        "stripped_birch_log",
                        "stripped_dark_oak_log",
                        "stripped_jungle_log",
                        "stripped_oak_log",
                        "stripped_spruce_log",
                        "structure_block",
                        "sweet_berry_bush",
                        "tallgrass",
                        "tnt",
                        "torch",
                        "trapdoor",
                        "trapped_chest",
                        "tripWire",
                        "tripwire_hook",
                        "turtle_egg",
                        "undyed_shulker_box",
                        "unlit_redstone_torch",
                        "unpowered_comparator",
                        "unpowered_repeater",
                        "vine",
                        "wall_banner",
                        "wall_sign",
                        "web",
                        "wheat",
                        "white_glazed_terracotta",
                        "wither_rose",
                        "wood",
                        "wooden_button",
                        "wooden_door",
                        "wooden_pressure_plate",
                        "wooden_slab",
                        "wool",
                        "yellow_flower",
                        "yellow_glazed_terracotta"
                    ]
                  }
                },
     
     "attacks_monsters": {
   "minecraft:behavior.nearest_attackable_target": {
          "priority": 1,
          "reselect_targets": true,
          "entity_types": [
            {
             "filters": {
              "any_of": [
                {
                  "test": "is_family",
                  "subject": "other",
                  "value": "player"
                },
                {
                  "test": "is_family",
                  "subject": "other",
                  "value": "ben10"
                },
                {
                  "test": "is_family",
                  "subject": "other",
                  "value": "gwen"
                },
                {
                  "test": "is_family",
                  "subject": "other",
                  "value": "uncle_max"
                },
                {
                  "test": "is_family",
                  "subject": "other",
                  "value": "rb"
                },
                {
                  "test": "is_family",
                  "subject": "other",
                  "value": "irongolem"
                }
              ]
            },
              "max_dist": 40
            }
          ],
          "must_see": false,
          "must_reach": false
        }
      },
      
      "shooting_attack": {
	    "minecraft:is_stackable": {},
        "minecraft:shooter": {
          "type": "Arrow",
          "def": "sonic:sonic_howl"
        },
        "minecraft:behavior.ranged_attack": {
          "attack_interval_min": 1.0,
          "attack_interval_max": 1.0,
          "attack_radius": 32,
          "burst_shots": 10,
          "burst_interval": 0.0,
          "charge_charged_trigger": 1.0,
          "charge_shoot_trigger": 1.0
        }
      },
      
      "melee_attack": {       
        "minecraft:attack": {
          "damage": {
            "range_min": 12,
            "range_max": 18
          }
        }, 
        "minecraft:behavior.melee_attack": {
        "priority": 4,
        "speed_multiplier": 1.3,
        "track_target": false
      },
	  "minecraft:behavior.leap_at_target": {
                "priority": 2,
                "target_dist": 0.01
            },
            "minecraft:behavior.stalk_and_pounce_on_target": {
                "priority": 3,
                "stalk_speed": 1.6,
                "max_stalk_dist": 50.0,
                "leap_height": 1.3,
                "leap_dist": 1.2,
                "pounce_max_dist": 10.0,
                "strike_dist": 20.0,
                "interest_time": 0.0
            }
    },
    
      "detects_target": { 
        "minecraft:target_nearby_sensor": {
          "inside_range": 4.0,
          "outside_range": 6.0,
          "on_inside_range": {
            "event": "melee_attack",
              "target": "self"
            },
            "on_outside_range": {
              "event": "shooting_attack",
              "target": "self"
            }
          }
        }
      },

    "components": {
	  "minecraft:type_family": {
        "family": [ "werewolf", "monster"]
      },
      "minecraft:nameable": {
      },
      "minecraft:collision_box": {
        "width": 1.6,
        "height": 4.05
      },
      "minecraft:health": {
        "value": 500,
        "max": 500
      },
	  "minecraft:boss": {
        "should_darken_sky": false,
        "name": "§9Werewolf",
        "hud_range": 55
      },
	  "minecraft:scale": {
	    "value": 0.71
	  },
      "minecraft:movement.basic": {
      },
      "minecraft:navigation.walk": {
        "is_amphibious": true,
        "can_pass_doors": true,
        "can_walk": true,
        "can_break_doors": true
      },
      "minecraft:annotation.break_door": {
      },
      "minecraft:jump.static": {
      },
      "minecraft:can_climb": {
      },
      
      "minecraft:hurt_on_condition": {
        "damage_conditions": [
          {
            "filters": { "test": "in_lava", "subject": "self", "operator": "==", "value": true },
            "cause": "lava",
            "damage_per_tick": 4
          }
        ]
      },
	  "minecraft:knockback_resistance": {
	    "value": 100.0
	  },
	  "minecraft:follow_range": {
        "value": 100,
        "max": 100
      },   
      "minecraft:breathable": {
        "total_supply": 15,
        "suffocate_time": 0,
        "breathes_air": true,
        "breathes_water": false
      },
      "minecraft:loot": {
        "table": "loot_tables/entities/empty.json"
      },
      "minecraft:damage_sensor": {
        "triggers": [
		{
          "on_damage": {
            "filters": {
              "any_of": [
              {
                "test": "is_family",
                "subject": "other",
                "value": "werewolf"
              },
			  {
                "test": "is_family",
                "subject": "other",
                "value": "corrodium"
              },
			  {
                "test": "has_damage",
                "subject": "self",
                "value": "fall"
              },
			  {
                "test": "has_component",
                "subject": "self",
                "value": "minecraft:is_sheared"
              }
            ]
          }
        },
        "deals_damage": false
      }
    ]
  },
  "minecraft:behavior.avoid_mob_type": {
          "priority": 6,
          "entity_types": [
            {
              "filters": {
                "any_of": [
                {
                  "test": "is_family",
                  "subject": "other",
                  "value": "dh_spike"
                },
				{
                  "test": "is_family",
                  "subject": "other",
                  "value": "tentacle_vines"
                },
                {
                  "test": "is_family",
                  "subject": "other",
                  "value": "magic_spike"
                }
              ]
            },
            "max_dist": 10,
            "walk_speed_multiplier": 0.8,
            "sprint_speed_multiplier": 1.33
          }
        ]
      },  
      "minecraft:behavior.float": {
        "priority": 0
      }, 
	  "minecraft:behavior.move_towards_restriction": {
        "priority": 5,
        "speed_multiplier": 1
      },
      "minecraft:behavior.random_stroll": {
        "priority": 6,
        "speed_multiplier": 1
      },
      "minecraft:behavior.look_at_player": {
        "priority": 7,
        "look_distance": 6,
        "probability": 0.02
      },
      "minecraft:behavior.random_look_around": {
        "priority": 7
      },
      "minecraft:behavior.hurt_by_target": {
        "priority": 2,
        "entity_types": [
          {
            "filters": {
            "other_without_families": [ "werewolf", "evil_ghostfreak", "corrodium" ]
            }
          }
        ]
      },/*
	  "minecraft:on_target_acquired": {
        "event": "has_target",
        "target": "self"
      },*/
	  "minecraft:on_target_escape": {
        "event": "remove_shooting",
        "target": "self"
      },
	  "minecraft:leashable": {
        "soft_distance": 4.0,
        "hard_distance": 6.0,
        "max_distance": 10.0
      },
      "minecraft:physics": {
      },
      "minecraft:pushable": {
        "is_pushable": true,
        "is_pushable_by_piston": true
      }
    },

    "events": {
      "minecraft:entity_spawned": {
        "remove": {
		  "component_groups": [
		    "move",
			"detects_target"
		  ]
        },
        "add": {
          "component_groups": [
		    "attacks_monsters",
			"steady"
          ]
        }
      },
	  
	  "intro_done": {
	    "remove": {
		  "component_groups": [
		    "steady"
		  ]
		},
		"add": {
		  "component_groups": [
		    "move",
			"detects_target"
		  ]
		}
	  },
      
      "melee_attack": {
        "remove": {
          "component_groups": [
            "shooting_attack",
			
			"detects_target"
          ]
        },
        "add": {
          "component_groups": [
            "melee_attack"
          ]
        }
      },
	  
	  "shooting_attack": {
	    "randomize": [
		  {
		    "weight": 90,
			"remove": {
              "component_groups": [
                "shooting_attack",
				
				"detects_target"
              ]
            },
            "add": {
              "component_groups": [
                "melee_attack"
              ]
            }
		  },
		  {
		    "weight": 10,
			"remove": {
              "component_groups": [
                "melee_attack"
              ]
            },
            "add": {
              "component_groups": [
                "shooting_attack",
				
				"detects_target"
              ]
            }
		  }
		]
	  },
	  
	  "block_breaker": {
        "add": {
          "component_groups": [
            "block_breaker"
          ]
        }
      },
	  
	  "remove_block_breaker": {
        "remove": {
          "component_groups": [
            "block_breaker"
          ]
        }
      },
	  
	  "remove_shooting": {
        "remove": {
          "component_groups": [
            "shooting_attack"
          ]
        },
		"add": {
          "component_groups": [
            "detects_target"
          ]
        }
      }
    }
  }
}
